Workbook

Sheet Base de Tutores
E1: Controle de Tutores de Práticas
A2: CHAVE | B2: CHAVE GERENCIAMENTO | C2: CHAVE LOTAÇÃO CLASSIFICAÇÃO DE CURSOS | D2: CHAVE LOTAÇÃO | E2: CATEGORIA | F2: CURSOS | G2: POLO | H2: NOME DO TUTOR | I2: SITUAÇÃO | J2: INÍCIO | K2: WHATSAPP | L2: CHAPA | M2: E-MAIL INSTITUCIONAL | N2: CARGO RM | O2: CH SEMANAL | P2: DESLIGAMENTO | Q2: CONTRATO | R2: REGISTRO PROFISSIONAL | S2: Nº DE REGISTRO
A3: =IF(Tabela2[[#This Row],[SITUAÇÃO]]="Férias",CONCATENATE(Tabela2[[#This Row],[POLO]],Tabela2[[#This Row],[CURSOS]],Tabela2[[#This Row],[CATEGORIA]]),IF(Tabela2[[#This Row],[SITUAÇÃO]]="Ativo",CONCATENATE(Tabela2[[#This Row],[POLO]],Tabela2[[#This Row],[CURSOS]],Tabela2[[#This Row],[CATEGORIA]]),"desligado")) -> Abaetetuba/PAEMF-ISNENF-INS (Multidisciplinar II) | B3: =Tabela2[[#This Row],[CATEGORIA]]&Tabela2[[#This Row],[CURSOS]]&"LAP - "&Tabela2[[#This Row],[POLO]] -> ENF-INS (Multidisciplinar II)EMF-ISNLAP - Abaetetuba/PA | C3: =Tabela2[[#This Row],[CATEGORIA]]&Tabela2[[#This Row],[CURSOS]] -> ENF-INS (Multidisciplinar II)EMF-ISN | D3: =IF(Tabela2[[#This Row],[SITUAÇÃO]]<>"Demitido",CONCATENATE(Tabela2[[#This Row],[POLO]],Tabela2[[#This Row],[CURSOS]]),"Substituição") -> Abaetetuba/PAEMF-ISN | E3: ENF-INS (Multidisciplinar II) | F3: EMF-ISN | G3: Abaetetuba/PA | H3: Sandro Jose Santos Dos Santos | I3: =IFERROR(_xlfn.XLOOKUP(Tabela2[[#This Row],[CHAPA]],TUT.CONTROL!F:F,TUT.CONTROL!I:I),_xlfn.XLOOKUP(Tabela2[[#This Row],[CHAPA]],'REG.CONTROL'!F:F,'REG.CONTROL'!I:I)) -> Ativo | J3: =IFERROR(_xlfn.XLOOKUP(Tabela2[[#This Row],[NOME DO TUTOR]],TUT.CONTROL!C:C,TUT.CONTROL!G:G),"Atualizar") -> 45887 | K3: 91984011852 | L3: =IFERROR(_xlfn.XLOOKUP(Tabela2[[#This Row],[NOME DO TUTOR]],TUT.CONTROL!C:C,TUT.CONTROL!F:F),"Demitido") -> 1158000897 | M3: sandro.santos@tutorpratica.uniasselvi.com.br | N3: =IFERROR(_xlfn.XLOOKUP(Tabela2[[#This Row],[CHAPA]],TUT.CONTROL!F:F,TUT.CONTROL!H:H),_xlfn.XLOOKUP(Tabela2[[#This Row],[CHAPA]],'REG.CONTROL'!F:F,'REG.CONTROL'!H:H)) -> TUTOR DE PRATICA (UC_1749) | O3: =IFERROR(_xlfn.XLOOKUP(Tabela2[[#This Row],[NOME DO TUTOR]],TUT.CONTROL!C:C,TUT.CONTROL!K:K),"Demitido") -> 004:00 | P3: =IF(Tabela2[[#This Row],[SITUAÇÃO]]="Demitido",IFERROR(_xlfn.XLOOKUP(Tabela2[[#This Row],[CHAPA]],TUT.CONTROL!F:F,TUT.CONTROL!V:V),_xlfn.XLOOKUP(Tabela2[[#This Row],[CHAPA]],'REG.CONTROL'!F:F,'REG.CONTROL'!V:V)),"-") -> - | R3: COREN-PA | S3: 766981
A4: =IF(Tabela2[[#This Row],[SITUAÇÃO]]="Férias",CONCATENATE(Tabela2[[#This Row],[POLO]],Tabela2[[#This Row],[CURSOS]],Tabela2[[#This Row],[CATEGORIA]]),IF(Tabela2[[#This Row],[SITUAÇÃO]]="Ativo",CONCATENATE(Tabela2[[#This Row],[POLO]],Tabela2[[#This Row],[CURSOS]],Tabela2[[#This Row],[CATEGORIA]]),"desligado")) -> Acaraú/CEEMF-ISNENF-INS (Multidisciplinar II) | B4: =Tabela2[[#This Row],[CATEGORIA]]&Tabela2[[#This Row],[CURSOS]]&"LAP - "&Tabela2[[#This Row],[POLO]] -> ENF-INS (Multidisciplinar II)EMF-ISNLAP - Acaraú/CE | C4: =Tabela2[[#This Row],[CATEGORIA]]&Tabela2[[#This Row],[CURSOS]] -> ENF-INS (Multidisciplinar II)EMF-ISN | D4: =IF(Tabela2[[#This Row],[SITUAÇÃO]]<>"Demitido",CONCATENATE(Tabela2[[#This Row],[POLO]],Tabela2[[#This Row],[CURSOS]]),"Substituição") -> Acaraú/CEEMF-ISN | E4: ENF-INS (Multidisciplinar II) | F4: EMF-ISN | G4: Acaraú/CE | H4: Maria Suliana Machado Lima | I4: =IFERROR(_xlfn.XLOOKUP(Tabela2[[#This Row],[CHAPA]],TUT.CONTROL!F:F,TUT.CONTROL!I:I),_xlfn.XLOOKUP(Tabela2[[#This Row],[CHAPA]],'REG.CONTROL'!F:F,'REG.CONTROL'!I:I)) -> Ativo | J4: =IFERROR(_xlfn.XLOOKUP(Tabela2[[#This Row],[NOME DO TUTOR]],'REG.CONTROL'!C:C,'REG.CONTROL'!G:G),"Demitido") -> 44782 | K4: 88981943284 | L4: =IFERROR(_xlfn.XLOOKUP(Tabela2[[#This Row],[NOME DO TUTOR]],'REG.CONTROL'!C:C,'REG.CONTROL'!F:F),"Demitido") -> 1004010429 | M4: maria.lima@regentedepolo.uniasselvi.com.br | N4: =IFERROR(_xlfn.XLOOKUP(Tabela2[[#This Row],[CHAPA]],TUT.CONTROL!F:F,TUT.CONTROL!H:H),_xlfn.XLOOKUP(Tabela2[[#This Row],[CHAPA]],'REG.CONTROL'!F:F,'REG.CONTROL'!H:H)) -> PROFESSOR REGENTE DE POLO (UC_1744) | O4: =IFERROR(_xlfn.XLOOKUP(Tabela2[[#This Row],[NOME DO TUTOR]],'REGENTE CH'!A:A,'REGENTE CH'!C:C),"Atualizar") -> 008:00 | P4: =IF(Tabela2[[#This Row],[SITUAÇÃO]]="Demitido",IFERROR(_xlfn.XLOOKUP(Tabela2[[#This Row],[CHAPA]],TUT.CONTROL!F:F,TUT.CONTROL!V:V),_xlfn.XLOOKUP(Tabela2[[#This Row],[CHAPA]],'REG.CONTROL'!F:F,'REG.CONTROL'!V:V)),"-") -> - | Q4: OK | R4: COREN-CE | S4: 534.344
A5: =IF(Tabela2[[#This Row],[SITUAÇÃO]]="Férias",CONCATENATE(Tabela2[[#This Row],[POLO]],Tabela2[[#This Row],[CURSOS]],Tabela2[[#This Row],[CATEGORIA]]),IF(Tabela2[[#This Row],[SITUAÇÃO]]="Ativo",CONCATENATE(Tabela2[[#This Row],[POLO]],Tabela2[[#This Row],[CURSOS]],Tabela2[[#This Row],[CATEGORIA]]),"desligado")) -> Águas Belas/PEEMF-ISNENF-INS (Multidisciplinar II) | B5: =Tabela2[[#This Row],[CATEGORIA]]&Tabela2[[#This Row],[CURSOS]]&"LAP - "&Tabela2[[#This Row],[POLO]] -> ENF-INS (Multidisciplinar II)EMF-ISNLAP - Águas Belas/PE | C5: =Tabela2[[#This Row],[CATEGORIA]]&Tabela2[[#This Row],[CURSOS]] -> ENF-INS (Multidisciplinar II)EMF-ISN | D5: =IF(Tabela2[[#This Row],[SITUAÇÃO]]<>"Demitido",CONCATENATE(Tabela2[[#This Row],[POLO]],Tabela2[[#This Row],[CURSOS]]),"Substituição") -> Águas Belas/PEEMF-ISN | E5: ENF-INS (Multidisciplinar II) | F5: EMF-ISN | G5: Águas Belas/PE | H5: Jose Cicero Rosendo Da Silva Filho | I5: =IFERROR(_xlfn.XLOOKUP(Tabela2[[#This Row],[CHAPA]],TUT.CONTROL!F:F,TUT.CONTROL!I:I),_xlfn.XLOOKUP(Tabela2[[#This Row],[CHAPA]],'REG.CONTROL'!F:F,'REG.CONTROL'!I:I)) -> Ativo | J5: =IFERROR(_xlfn.XLOOKUP(Tabela2[[#This Row],[NOME DO TUTOR]],TUT.CONTROL!C:C,TUT.CONTROL!G:G),"Demitido") -> 45749 | K5: 87981132863 | L5: =IFERROR(_xlfn.XLOOKUP(Tabela2[[#This Row],[NOME DO TUTOR]],TUT.CONTROL!C:C,TUT.CONTROL!F:F),"Demitido") -> 1158000663 | M5: cicero.filho@tutorpratica.uniasselvi.com.br | N5: =IFERROR(_xlfn.XLOOKUP(Tabela2[[#This Row],[CHAPA]],TUT.CONTROL!F:F,TUT.CONTROL!H:H),_xlfn.XLOOKUP(Tabela2[[#This Row],[CHAPA]],'REG.CONTROL'!F:F,'REG.CONTROL'!H:H)) -> TUTOR DE PRATICA (UC_1749) | O5: =IFERROR(_xlfn.XLOOKUP(Tabela2[[#This Row],[NOME DO TUTOR]],TUT.CONTROL!C:C,TUT.CONTROL!K:K),"Demitido") -> 004:00 | P5: =IF(Tabela2[[#This Row],[SITUAÇÃO]]="Demitido",IFERROR(_xlfn.XLOOKUP(Tabela2[[#This Row],[CHAPA]],TUT.CONTROL!F:F,TUT.CONTROL!V:V),_xlfn.XLOOKUP(Tabela2[[#This Row],[CHAPA]],'REG.CONTROL'!F:F,'REG.CONTROL'!V:V)),"-") -> - | Q5: OK | R5: COREN-PE | S5: 373684
A6: =IF(Tabela2[[#This Row],[SITUAÇÃO]]="Férias",CONCATENATE(Tabela2[[#This Row],[POLO]],Tabela2[[#This Row],[CURSOS]],Tabela2[[#This Row],[CATEGORIA]]),IF(Tabela2[[#This Row],[SITUAÇÃO]]="Ativo",CONCATENATE(Tabela2[[#This Row],[POLO]],Tabela2[[#This Row],[CURSOS]],Tabela2[[#This Row],[CATEGORIA]]),"desligado")) -> Alenquer/PAEMF-ISNENF-INS (Multidisciplinar II) | B6: =Tabela2[[#This Row],[CATEGORIA]]&Tabela2[[#This Row],[CURSOS]]&"LAP - "&Tabela2[[#This Row],[POLO]] -> ENF-INS (Multidisciplinar II)EMF-ISNLAP - Alenquer/PA | C6: =Tabela2[[#This Row],[CATEGORIA]]&Tabela2[[#This Row],[CURSOS]] -> ENF-INS (Multidisciplinar II)EMF-ISN | D6: =IF(Tabela2[[#This Row],[SITUAÇÃO]]<>"Demitido",CONCATENATE(Tabela2[[#This Row],[POLO]],Tabela2[[#This Row],[CURSOS]]),"Substituição") -> Alenquer/PAEMF-ISN | E6: ENF-INS (Multidisciplinar II) | F6: EMF-ISN | G6: Alenquer/PA | H6: Ana Flavia Chaves De Souza | I6: =IFERROR(_xlfn.XLOOKUP(Tabela2[[#This Row],[CHAPA]],TUT.CONTROL!F:F,TUT.CONTROL!I:I),_xlfn.XLOOKUP(Tabela2[[#This Row],[CHAPA]],'REG.CONTROL'!F:F,'REG.CONTROL'!I:I)) -> Ativo | J6: =IFERROR(_xlfn.XLOOKUP(Tabela2[[#This Row],[NOME DO TUTOR]],'REG.CONTROL'!C:C,'REG.CONTROL'!G:G),"Demitido") -> 44986 | K6: 93 8420-9817 | L6: =IFERROR(_xlfn.XLOOKUP(Tabela2[[#This Row],[NOME DO TUTOR]],'REG.CONTROL'!C:C,'REG.CONTROL'!F:F),"Demitido") -> 1004011468 | M6: ana.souza@regentedepolo.uniasselvi.com.br | N6: =IFERROR(_xlfn.XLOOKUP(Tabela2[[#This Row],[CHAPA]],TUT.CONTROL!F:F,TUT.CONTROL!H:H),_xlfn.XLOOKUP(Tabela2[[#This Row],[CHAPA]],'REG.CONTROL'!F:F,'REG.CONTROL'!H:H)) -> PROFESSOR REGENTE DE POLO (UC_1744) | O6: =IFERROR(_xlfn.XLOOKUP(Tabela2[[#This Row],[NOME DO TUTOR]],'REGENTE CH'!A:A,'REGENTE CH'!C:C),"Atualizar") -> 004:00 | P6: =IF(Tabela2[[#This Row],[SITUAÇÃO]]="Demitido",IFERROR(_xlfn.XLOOKUP(Tabela2[[#This Row],[CHAPA]],TUT.CONTROL!F:F,TUT.CONTROL!V:V),_xlfn.XLOOKUP(Tabela2[[#This Row],[CHAPA]],'REG.CONTROL'!F:F,'REG.CONTROL'!V:V)),"-") -> - | Q6: OK | R6: COREN-PA | S6: 617498
A7: =IF(Tabela2[[#This Row],[SITUAÇÃO]]="Férias",CONCATENATE(Tabela2[[#This Row],[POLO]],Tabela2[[#This Row],[CURSOS]],Tabela2[[#This Row],[CATEGORIA]]),IF(Tabela2[[#This Row],[SITUAÇÃO]]="Ativo",CONCATENATE(Tabela2[[#This Row],[POLO]],Tabela2[[#This Row],[CURSOS]],Tabela2[[#This Row],[CATEGORIA]]),"desligado")) -> desligado | B7: =Tabela2[[#This Row],[CATEGORIA]]&Tabela2[[#This Row],[CURSOS]]&"LAP - "&Tabela2[[#This Row],[POLO]] -> ENF-INS (Multidisciplinar II)EMF-ISNLAP - Alta Floresta/MT | C7: =Tabela2[[#This Row],[CATEGORIA]]&Tabela2[[#This Row],[CURSOS]] -> ENF-INS (Multidisciplinar II)EMF-ISN | D7: =IF(Tabela2[[#This Row],[SITUAÇÃO]]<>"Demitido",CONCATENATE(Tabela2[[#This Row],[POLO]],Tabela2[[#This Row],[CURSOS]]),"Substituição") -> Substituição | E7: ENF-INS (Multidisciplinar II) | F7: EMF-ISN | G7: Alta Floresta/MT | H7: Fabia De Oliveira Carvalho | I7: =IFERROR(_xlfn.XLOOKUP(Tabela2[[#This Row],[CHAPA]],TUT.CONTROL!F:F,TUT.CONTROL!I:I),_xlfn.XLOOKUP(Tabela2[[#This Row],[CHAPA]],'REG.CONTROL'!F:F,'REG.CONTROL'!I:I)) -> Demitido | J7: =IFERROR(_xlfn.XLOOKUP(Tabela2[[#This Row],[NOME DO TUTOR]],TUT.CONTROL!C:C,TUT.CONTROL!G:G),"Demitido") -> 45754 | K7: 66996263876 | L7: =IFERROR(_xlfn.XLOOKUP(Tabela2[[#This Row],[NOME DO TUTOR]],TUT.CONTROL!C:C,TUT.CONTROL!F:F),"Demitido") -> 1158000694 | M7: fabia.carvalho@tutorpratica.uniasselvi.com.br | N7: =IFERROR(_xlfn.XLOOKUP(Tabela2[[#This Row],[CHAPA]],TUT.CONTROL!F:F,TUT.CONTROL!H:H),_xlfn.XLOOKUP(Tabela2[[#This Row],[CHAPA]],'REG.CONTROL'!F:F,'REG.CONTROL'!H:H)) -> TUTOR DE PRATICA (UC_1749) | O7: =IFERROR(_xlfn.XLOOKUP(Tabela2[[#This Row],[NOME DO TUTOR]],TUT.CONTROL!C:C,TUT.CONTROL!K:K),"Demitido") -> 004:00 | P7: =IF(Tabela2[[#This Row],[SITUAÇÃO]]="Demitido",IFERROR(_xlfn.XLOOKUP(Tabela2[[#This Row],[CHAPA]],TUT.CONTROL!F:F,TUT.CONTROL!V:V),_xlfn.XLOOKUP(Tabela2[[#This Row],[CHAPA]],'REG.CONTROL'!F:F,'REG.CONTROL'!V:V)),"-") -> 46064 | Q7: Desligado | R7: COREN-MT | S7: 725262
A8: =IF(Tabela2[[#This Row],[SITUAÇÃO]]="Férias",CONCATENATE(Tabela2[[#This Row],[POLO]],Tabela2[[#This Row],[CURSOS]],Tabela2[[#This Row],[CATEGORIA]]),IF(Tabela2[[#This Row],[SITUAÇÃO]]="Ativo",CONCATENATE(Tabela2[[#This Row],[POLO]],Tabela2[[#This Row],[CURSOS]],Tabela2[[#This Row],[CATEGORIA]]),"desligado")) -> Ananindeua/PA - Cidade NovaEMF-ISNENF-INS (Multidisciplinar II) | B8: =Tabela2[[#This Row],[CATEGORIA]]&Tabela2[[#This Row],[CURSOS]]&"LAP - "&Tabela2[[#This Row],[POLO]] -> ENF-INS (Multidisciplinar II)EMF-ISNLAP - Ananindeua/PA - Cidade Nova | C8: =Tabela2[[#This Row],[CATEGORIA]]&Tabela2[[#This Row],[CURSOS]] -> ENF-INS (Multidisciplinar II)EMF-ISN | D8: =IF(Tabela2[[#This Row],[SITUAÇÃO]]<>"Demitido",CONCATENATE(Tabela2[[#This Row],[POLO]],Tabela2[[#This Row],[CURSOS]]),"Substituição") -> Ananindeua/PA - Cidade NovaEMF-ISN | E8: ENF-INS (Multidisciplinar II) | F8: EMF-ISN | G8: Ananindeua/PA - Cidade Nova | H8: Alina Dariane Freitas Da Silva | I8: =IFERROR(_xlfn.XLOOKUP(Tabela2[[#This Row],[CHAPA]],TUT.CONTROL!F:F,TUT.CONTROL!I:I),_xlfn.XLOOKUP(Tabela2[[#This Row],[CHAPA]],'REG.CONTROL'!F:F,'REG.CONTROL'!I:I)) -> Ativo | J8: =IFERROR(_xlfn.XLOOKUP(Tabela2[[#This Row],[NOME DO TUTOR]],'REG.CONTROL'!C:C,'REG.CONTROL'!G:G),"Demitido") -> 44868 | K8: 91993395631 | L8: =IFERROR(_xlfn.XLOOKUP(Tabela2[[#This Row],[NOME DO TUTOR]],'REG.CONTROL'!C:C,'REG.CONTROL'!F:F),"Demitido") -> 1004011044 | M8: alina.silva@regentedepolo.uniasselvi.com.br | N8: =IFERROR(_xlfn.XLOOKUP(Tabela2[[#This Row],[CHAPA]],TUT.CONTROL!F:F,TUT.CONTROL!H:H),_xlfn.XLOOKUP(Tabela2[[#This Row],[CHAPA]],'REG.CONTROL'!F:F,'REG.CONTROL'!H:H)) -> PROFESSOR REGENTE DE POLO (UC_1744) | O8: =IFERROR(_xlfn.XLOOKUP(Tabela2[[#This Row],[NOME DO TUTOR]],'REGENTE CH'!A:A,'REGENTE CH'!C:C),"Atualizar") -> 012:00 | P8: =IF(Tabela2[[#This Row],[SITUAÇÃO]]="Demitido",IFERROR(_xlfn.XLOOKUP(Tabela2[[#This Row],[CHAPA]],TUT.CONTROL!F:F,TUT.CONTROL!V:V),_xlfn.XLOOKUP(Tabela2[[#This Row],[CHAPA]],'REG.CONTROL'!F:F,'REG.CONTROL'!V:V)),"-") -> - | Q8: OK | R8: COREN-PA | S8: 748382
A9: =IF(Tabela2[[#This Row],[SITUAÇÃO]]="Férias",CONCATENATE(Tabela2[[#This Row],[POLO]],Tabela2[[#This Row],[CURSOS]],Tabela2[[#This Row],[CATEGORIA]]),IF(Tabela2[[#This Row],[SITUAÇÃO]]="Ativo",CONCATENATE(Tabela2[[#This Row],[POLO]],Tabela2[[#This Row],[CURSOS]],Tabela2[[#This Row],[CATEGORIA]]),"desligado")) -> desligado | B9: =Tabela2[[#This Row],[CATEGORIA]]&Tabela2[[#This Row],[CURSOS]]&"LAP - "&Tabela2[[#This Row],[POLO]] -> ENF-INS (Multidisciplinar II)EMF-ISNLAP - Ananindeua/PA - Cidade Nova | C9: =Tabela2[[#This Row],[CATEGORIA]]&Tabela2[[#This Row],[CURSOS]] -> ENF-INS (Multidisciplinar II)EMF-ISN | D9: =IF(Tabela2[[#This Row],[SITUAÇÃO]]<>"Demitido",CONCATENATE(Tabela2[[#This Row],[POLO]],Tabela2[[#This Row],[CURSOS]]),"Substituição") -> Substituição | E9: ENF-INS (Multidisciplinar II) | F9: EMF-ISN | G9: Ananindeua/PA - Cidade Nova | H9: Gilmara Rodrigues Carvalho Costa | I9: =IFERROR(_xlfn.XLOOKUP(Tabela2[[#This Row],[CHAPA]],TUT.CONTROL!F:F,TUT.CONTROL!I:I),_xlfn.XLOOKUP(Tabela2[[#This Row],[CHAPA]],'REG.CONTROL'!F:F,'REG.CONTROL'!I:I)) -> Demitido | J9: =IFERROR(_xlfn.XLOOKUP(Tabela2[[#This Row],[NOME DO TUTOR]],TUT.CONTROL!C:C,TUT.CONTROL!G:G),"Demitido") -> 45887 | K9: 91992101489 | L9: =IFERROR(_xlfn.XLOOKUP(Tabela2[[#This Row],[NOME DO TUTOR]],TUT.CONTROL!C:C,TUT.CONTROL!F:F),"Demitido") -> 1158000891 | M9: gilmara.costa@tutorpratica.uniasselvi.com.br | N9: =IFERROR(_xlfn.XLOOKUP(Tabela2[[#This Row],[CHAPA]],TUT.CONTROL!F:F,TUT.CONTROL!H:H),_xlfn.XLOOKUP(Tabela2[[#This Row],[CHAPA]],'REG.CONTROL'!F:F,'REG.CONTROL'!H:H)) -> TUTOR DE PRATICA (UC_1749) | O9: =IFERROR(_xlfn.XLOOKUP(Tabela2[[#This Row],[NOME DO TUTOR]],TUT.CONTROL!C:C,TUT.CONTROL!K:K),"Demitido") -> 004:00 | P9: =IF(Tabela2[[#This Row],[SITUAÇÃO]]="Demitido",IFERROR(_xlfn.XLOOKUP(Tabela2[[#This Row],[CHAPA]],TUT.CONTROL!F:F,TUT.CONTROL!V:V),_xlfn.XLOOKUP(Tabela2[[#This Row],[CHAPA]],'REG.CONTROL'!F:F,'REG.CONTROL'!V:V)),"-") -> 45931 | Q9: Desligado
A10: =IF(Tabela2[[#This Row],[SITUAÇÃO]]="Férias",CONCATENATE(Tabela2[[#This Row],[POLO]],Tabela2[[#This Row],[CURSOS]],Tabela2[[#This Row],[CATEGORIA]]),IF(Tabela2[[#This Row],[SITUAÇÃO]]="Ativo",CONCATENATE(Tabela2[[#This Row],[POLO]],Tabela2[[#This Row],[CURSOS]],Tabela2[[#This Row],[CATEGORIA]]),"desligado")) -> Aquidauana/MSEMF-ISNENF-INS (Multidisciplinar II) | B10: =Tabela2[[#This Row],[CATEGORIA]]&Tabela2[[#This Row],[CURSOS]]&"LAP - "&Tabela2[[#This Row],[POLO]] -> ENF-INS (Multidisciplinar II)EMF-ISNLAP - Aquidauana/MS | C10: =Tabela2[[#This Row],[CATEGORIA]]&Tabela2[[#This Row],[CURSOS]] -> ENF-INS (Multidisciplinar II)EMF-ISN | D10: =IF(Tabela2[[#This Row],[SITUAÇÃO]]<>"Demitido",CONCATENATE(Tabela2[[#This Row],[POLO]],Tabela2[[#This Row],[CURSOS]]),"Substituição") -> Aquidauana/MSEMF-ISN | E10: ENF-INS (Multidisciplinar II) | F10: EMF-ISN | G10: Aquidauana/MS | H10: Erika Martins Leite | I10: =IFERROR(_xlfn.XLOOKUP(Tabela2[[#This Row],[CHAPA]],TUT.CONTROL!F:F,TUT.CONTROL!I:I),_xlfn.XLOOKUP(Tabela2[[#This Row],[CHAPA]],'REG.CONTROL'!F:F,'REG.CONTROL'!I:I)) -> Ativo | J10: =IFERROR(_xlfn.XLOOKUP(Tabela2[[#This Row],[NOME DO TUTOR]],'REG.CONTROL'!C:C,'REG.CONTROL'!G:G),"Demitido") -> 44783 | K10: 67992728254 | L10: =IFERROR(_xlfn.XLOOKUP(Tabela2[[#This Row],[NOME DO TUTOR]],'REG.CONTROL'!C:C,'REG.CONTROL'!F:F),"Demitido") -> 1004010463 | M10: erika.leite@regentedepolo.uniasselvi.com.br | N10: =IFERROR(_xlfn.XLOOKUP(Tabela2[[#This Row],[CHAPA]],TUT.CONTROL!F:F,TUT.CONTROL!H:H),_xlfn.XLOOKUP(Tabela2[[#This Row],[CHAPA]],'REG.CONTROL'!F:F,'REG.CONTROL'!H:H)) -> PROFESSOR REGENTE DE POLO (UC_1744) | O10: =IFERROR(_xlfn.XLOOKUP(Tabela2[[#This Row],[NOME DO TUTOR]],'REGENTE CH'!A:A,'REGENTE CH'!C:C),"Atualizar") -> 004:00 | P10: =IF(Tabela2[[#This Row],[SITUAÇÃO]]="Demitido",IFERROR(_xlfn.XLOOKUP(Tabela2[[#This Row],[CHAPA]],TUT.CONTROL!F:F,TUT.CONTROL!V:V),_xlfn.XLOOKUP(Tabela2[[#This Row],[CHAPA]],'REG.CONTROL'!F:F,'REG.CONTROL'!V:V)),"-") -> - | Q10: OK | R10: COREN-MS | S10: 483441
A11: =IF(Tabela2[[#This Row],[SITUAÇÃO]]="Férias",CONCATENATE(Tabela2[[#This Row],[POLO]],Tabela2[[#This Row],[CURSOS]],Tabela2[[#This Row],[CATEGORIA]]),IF(Tabela2[[#This Row],[SITUAÇÃO]]="Ativo",CONCATENATE(Tabela2[[#This Row],[POLO]],Tabela2[[#This Row],[CURSOS]],Tabela2[[#This Row],[CATEGORIA]]),"desligado")) -> Aracaju/SE - Ponto NovoEMF-ISNENF-INS (Multidisciplinar II) | B11: =Tabela2[[#This Row],[CATEGORIA]]&Tabela2[[#This Row],[CURSOS]]&"LAP - "&Tabela2[[#This Row],[POLO]] -> ENF-INS (Multidisciplinar II)EMF-ISNLAP - Aracaju/SE - Ponto Novo | C11: =Tabela2[[#This Row],[CATEGORIA]]&Tabela2[[#This Row],[CURSOS]] -> ENF-INS (Multidisciplinar II)EMF-ISN | D11: =IF(Tabela2[[#This Row],[SITUAÇÃO]]<>"Demitido",CONCATENATE(Tabela2[[#This Row],[POLO]],Tabela2[[#This Row],[CURSOS]]),"Substituição") -> Aracaju/SE - Ponto NovoEMF-ISN | E11: ENF-INS (Multidisciplinar II) | F11: EMF-ISN | G11: Aracaju/SE - Ponto Novo | H11: Caio Guilherme Santos Morais Oliveira | I11: =IFERROR(_xlfn.XLOOKUP(Tabela2[[#This Row],[CHAPA]],TUT.CONTROL!F:F,TUT.CONTROL!I:I),_xlfn.XLOOKUP(Tabela2[[#This Row],[CHAPA]],'REG.CONTROL'!F:F,'REG.CONTROL'!I:I)) -> Ativo | J11: =IFERROR(_xlfn.XLOOKUP(Tabela2[[#This Row],[NOME DO TUTOR]],TUT.CONTROL!C:C,TUT.CONTROL!G:G),"Demitido") -> 45728 | K11: 79998583631 | L11: =IFERROR(_xlfn.XLOOKUP(Tabela2[[#This Row],[NOME DO TUTOR]],TUT.CONTROL!C:C,TUT.CONTROL!F:F),"Demitido") -> 1158000547 | M11: caio.oliveira@tutorpratica.uniasselvi.com.br | N11: =IFERROR(_xlfn.XLOOKUP(Tabela2[[#This Row],[CHAPA]],TUT.CONTROL!F:F,TUT.CONTROL!H:H),_xlfn.XLOOKUP(Tabela2[[#This Row],[CHAPA]],'REG.CONTROL'!F:F,'REG.CONTROL'!H:H)) -> TUTOR DE PRATICA (UC_1749) | O11: =IFERROR(_xlfn.XLOOKUP(Tabela2[[#This Row],[NOME DO TUTOR]],TUT.CONTROL!C:C,TUT.CONTROL!K:K),"Demitido") -> 004:00 | P11: =IF(Tabela2[[#This Row],[SITUAÇÃO]]="Demitido",IFERROR(_xlfn.XLOOKUP(Tabela2[[#This Row],[CHAPA]],TUT.CONTROL!F:F,TUT.CONTROL!V:V),_xlfn.XLOOKUP(Tabela2[[#This Row],[CHAPA]],'REG.CONTROL'!F:F,'REG.CONTROL'!V:V)),"-") -> - | Q11: OK | R11: COREN-SE | S11: 770627
A12: =IF(Tabela2[[#This Row],[SITUAÇÃO]]="Férias",CONCATENATE(Tabela2[[#This Row],[POLO]],Tabela2[[#This Row],[CURSOS]],Tabela2[[#This Row],[CATEGORIA]]),IF(Tabela2[[#This Row],[SITUAÇÃO]]="Ativo",CONCATENATE(Tabela2[[#This Row],[POLO]],Tabela2[[#This Row],[CURSOS]],Tabela2[[#This Row],[CATEGORIA]]),"desligado")) -> Aracati/CEEMF-ISNENF-INS (Multidisciplinar II) | B12: =Tabela2[[#This Row],[CATEGORIA]]&Tabela2[[#This Row],[CURSOS]]&"LAP - "&Tabela2[[#This Row],[POLO]] -> ENF-INS (Multidisciplinar II)EMF-ISNLAP - Aracati/CE | C12: =Tabela2[[#This Row],[CATEGORIA]]&Tabela2[[#This Row],[CURSOS]] -> ENF-INS (Multidisciplinar II)EMF-ISN | D12: =IF(Tabela2[[#This Row],[SITUAÇÃO]]<>"Demitido",CONCATENATE(Tabela2[[#This Row],[POLO]],Tabela2[[#This Row],[CURSOS]]),"Substituição") -> Aracati/CEEMF-ISN | E12: ENF-INS (Multidisciplinar II) | F12: EMF-ISN | G12: Aracati/CE | H12: Debora Ferreira Dos Anjos | I12: =IFERROR(_xlfn.XLOOKUP(Tabela2[[#This Row],[CHAPA]],TUT.CONTROL!F:F,TUT.CONTROL!I:I),_xlfn.XLOOKUP(Tabela2[[#This Row],[CHAPA]],'REG.CONTROL'!F:F,'REG.CONTROL'!I:I)) -> Ativo | J12: =IFERROR(_xlfn.XLOOKUP(Tabela2[[#This Row],[NOME DO TUTOR]],TUT.CONTROL!C:C,TUT.CONTROL!G:G),"Demitido") -> 45721 | K12: 88997292003 | L12: =IFERROR(_xlfn.XLOOKUP(Tabela2[[#This Row],[NOME DO TUTOR]],TUT.CONTROL!C:C,TUT.CONTROL!F:F),"Demitido") -> 1158000534 | M12: debora.anjos@tutorpratica.uniasselvi.com.br | N12: =IFERROR(_xlfn.XLOOKUP(Tabela2[[#This Row],[CHAPA]],TUT.CONTROL!F:F,TUT.CONTROL!H:H),_xlfn.XLOOKUP(Tabela2[[#This Row],[CHAPA]],'REG.CONTROL'!F:F,'REG.CONTROL'!H:H)) -> TUTOR DE PRATICA (UC_1749) | O12: =IFERROR(_xlfn.XLOOKUP(Tabela2[[#This Row],[NOME DO TUTOR]],TUT.CONTROL!C:C,TUT.CONTROL!K:K),"Demitido") -> 004:00 | P12: =IF(Tabela2[[#This Row],[SITUAÇÃO]]="Demitido",IFERROR(_xlfn.XLOOKUP(Tabela2[[#This Row],[CHAPA]],TUT.CONTROL!F:F,TUT.CONTROL!V:V),_xlfn.XLOOKUP(Tabela2[[#This Row],[CHAPA]],'REG.CONTROL'!F:F,'REG.CONTROL'!V:V)),"-") -> - | Q12: OK | R12: COREN-CE | S12: 580957
A13: =IF(Tabela2[[#This Row],[SITUAÇÃO]]="Férias",CONCATENATE(Tabela2[[#This Row],[POLO]],Tabela2[[#This Row],[CURSOS]],Tabela2[[#This Row],[CATEGORIA]]),IF(Tabela2[[#This Row],[SITUAÇÃO]]="Ativo",CONCATENATE(Tabela2[[#This Row],[POLO]],Tabela2[[#This Row],[CURSOS]],Tabela2[[#This Row],[CATEGORIA]]),"desligado")) -> Araguaína/TOEMF-ISNENF-INS (Multidisciplinar II) | B13: =Tabela2[[#This Row],[CATEGORIA]]&Tabela2[[#This Row],[CURSOS]]&"LAP - "&Tabela2[[#This Row],[POLO]] -> ENF-INS (Multidisciplinar II)EMF-ISNLAP - Araguaína/TO | C13: =Tabela2[[#This Row],[CATEGORIA]]&Tabela2[[#This Row],[CURSOS]] -> ENF-INS (Multidisciplinar II)EMF-ISN | D13: =IF(Tabela2[[#This Row],[SITUAÇÃO]]<>"Demitido",CONCATENATE(Tabela2[[#This Row],[POLO]],Tabela2[[#This Row],[CURSOS]]),"Substituição") -> Araguaína/TOEMF-ISN | E13: ENF-INS (Multidisciplinar II) | F13: EMF-ISN | G13: Araguaína/TO | H13: Vanessa De Oliveira Menezes | I13: =IFERROR(_xlfn.XLOOKUP(Tabela2[[#This Row],[CHAPA]],TUT.CONTROL!F:F,TUT.CONTROL!I:I),_xlfn.XLOOKUP(Tabela2[[#This Row],[CHAPA]],'REG.CONTROL'!F:F,'REG.CONTROL'!I:I)) -> Ativo | J13: =IFERROR(_xlfn.XLOOKUP(Tabela2[[#This Row],[NOME DO TUTOR]],TUT.CONTROL!C:C,TUT.CONTROL!G:G),"Demitido") -> 45733 | K13: 63992070009 | L13: =IFERROR(_xlfn.XLOOKUP(Tabela2[[#This Row],[NOME DO TUTOR]],TUT.CONTROL!C:C,TUT.CONTROL!F:F),"Demitido") -> 1158000556 | M13: vanessa.menezes@tutorpratica.uniasselvi.com.br | N13: =IFERROR(_xlfn.XLOOKUP(Tabela2[[#This Row],[CHAPA]],TUT.CONTROL!F:F,TUT.CONTROL!H:H),_xlfn.XLOOKUP(Tabela2[[#This Row],[CHAPA]],'REG.CONTROL'!F:F,'REG.CONTROL'!H:H)) -> TUTOR DE PRATICA (UC_1749) | O13: =IFERROR(_xlfn.XLOOKUP(Tabela2[[#This Row],[NOME DO TUTOR]],TUT.CONTROL!C:C,TUT.CONTROL!K:K),"Demitido") -> 004:00 | P13: =IF(Tabela2[[#This Row],[SITUAÇÃO]]="Demitido",IFERROR(_xlfn.XLOOKUP(Tabela2[[#This Row],[CHAPA]],TUT.CONTROL!F:F,TUT.CONTROL!V:V),_xlfn.XLOOKUP(Tabela2[[#This Row],[CHAPA]],'REG.CONTROL'!F:F,'REG.CONTROL'!V:V)),"-") -> - | Q13: OK | R13: COREN-TO | S13: 839296
A14: =IF(Tabela2[[#This Row],[SITUAÇÃO]]="Férias",CONCATENATE(Tabela2[[#This Row],[POLO]],Tabela2[[#This Row],[CURSOS]],Tabela2[[#This Row],[CATEGORIA]]),IF(Tabela2[[#This Row],[SITUAÇÃO]]="Ativo",CONCATENATE(Tabela2[[#This Row],[POLO]],Tabela2[[#This Row],[CURSOS]],Tabela2[[#This Row],[CATEGORIA]]),"desligado")) -> Aripuanã/MTEMF-ISNENF-INS (Multidisciplinar II) | B14: =Tabela2[[#This Row],[CATEGORIA]]&Tabela2[[#This Row],[CURSOS]]&"LAP - "&Tabela2[[#This Row],[POLO]] -> ENF-INS (Multidisciplinar II)EMF-ISNLAP - Aripuanã/MT | C14: =Tabela2[[#This Row],[CATEGORIA]]&Tabela2[[#This Row],[CURSOS]] -> ENF-INS (Multidisciplinar II)EMF-ISN | D14: =IF(Tabela2[[#This Row],[SITUAÇÃO]]<>"Demitido",CONCATENATE(Tabela2[[#This Row],[POLO]],Tabela2[[#This Row],[CURSOS]]),"Substituição") -> Aripuanã/MTEMF-ISN | E14: ENF-INS (Multidisciplinar II) | F14: EMF-ISN | G14: Aripuanã/MT | H14: Tarcilio Jose Salles Sampaio Neto | I14: =IFERROR(_xlfn.XLOOKUP(Tabela2[[#This Row],[CHAPA]],TUT.CONTROL!F:F,TUT.CONTROL!I:I),_xlfn.XLOOKUP(Tabela2[[#This Row],[CHAPA]],'REG.CONTROL'!F:F,'REG.CONTROL'!I:I)) -> Ativo | J14: =IFERROR(_xlfn.XLOOKUP(Tabela2[[#This Row],[NOME DO TUTOR]],TUT.CONTROL!C:C,TUT.CONTROL!G:G),"Demitido") -> 45798 | K14: 69999789575 | L14: =IFERROR(_xlfn.XLOOKUP(Tabela2[[#This Row],[NOME DO TUTOR]],TUT.CONTROL!C:C,TUT.CONTROL!F:F),"Demitido") -> 1158000708 | M14: tarcilio.neto@tutorpratica.uniasselvi.com.br | N14: =IFERROR(_xlfn.XLOOKUP(Tabela2[[#This Row],[CHAPA]],TUT.CONTROL!F:F,TUT.CONTROL!H:H),_xlfn.XLOOKUP(Tabela2[[#This Row],[CHAPA]],'REG.CONTROL'!F:F,'REG.CONTROL'!H:H)) -> TUTOR DE PRATICA (UC_1749) | O14: =IFERROR(_xlfn.XLOOKUP(Tabela2[[#This Row],[NOME DO TUTOR]],TUT.CONTROL!C:C,TUT.CONTROL!K:K),"Demitido") -> 004:00 | P14: =IF(Tabela2[[#This Row],[SITUAÇÃO]]="Demitido",IFERROR(_xlfn.XLOOKUP(Tabela2[[#This Row],[CHAPA]],TUT.CONTROL!F:F,TUT.CONTROL!V:V),_xlfn.XLOOKUP(Tabela2[[#This Row],[CHAPA]],'REG.CONTROL'!F:F,'REG.CONTROL'!V:V)),"-") -> -
A15: =IF(Tabela2[[#This Row],[SITUAÇÃO]]="Férias",CONCATENATE(Tabela2[[#This Row],[POLO]],Tabela2[[#This Row],[CURSOS]],Tabela2[[#This Row],[CATEGORIA]]),IF(Tabela2[[#This Row],[SITUAÇÃO]]="Ativo",CONCATENATE(Tabela2[[#This Row],[POLO]],Tabela2[[#This Row],[CURSOS]],Tabela2[[#This Row],[CATEGORIA]]),"desligado")) -> Assú/RNEMF-ISNENF-INS (Multidisciplinar II) | B15: =Tabela2[[#This Row],[CATEGORIA]]&Tabela2[[#This Row],[CURSOS]]&"LAP - "&Tabela2[[#This Row],[POLO]] -> ENF-INS (Multidisciplinar II)EMF-ISNLAP - Assú/RN | C15: =Tabela2[[#This Row],[CATEGORIA]]&Tabela2[[#This Row],[CURSOS]] -> ENF-INS (Multidisciplinar II)EMF-ISN | D15: =IF(Tabela2[[#This Row],[SITUAÇÃO]]<>"Demitido",CONCATENATE(Tabela2[[#This Row],[POLO]],Tabela2[[#This Row],[CURSOS]]),"Substituição") -> Assú/RNEMF-ISN | E15: ENF-INS (Multidisciplinar II) | F15: EMF-ISN | G15: Assú/RN | H15: Romulo Freire Pinto | I15: =IFERROR(_xlfn.XLOOKUP(Tabela2[[#This Row],[CHAPA]],TUT.CONTROL!F:F,TUT.CONTROL!I:I),_xlfn.XLOOKUP(Tabela2[[#This Row],[CHAPA]],'REG.CONTROL'!F:F,'REG.CONTROL'!I:I)) -> Ativo | J15: =IFERROR(_xlfn.XLOOKUP(Tabela2[[#This Row],[NOME DO TUTOR]],TUT.CONTROL!C:C,TUT.CONTROL!G:G),"Demitido") -> 45754 | K15: 84999929870 | L15: =IFERROR(_xlfn.XLOOKUP(Tabela2[[#This Row],[NOME DO TUTOR]],TUT.CONTROL!C:C,TUT.CONTROL!F:F),"Demitido") -> 1158000688 | M15: romulo.pinto@tutorpratica.uniasselvi.com.br | N15: =IFERROR(_xlfn.XLOOKUP(Tabela2[[#This Row],[CHAPA]],TUT.CONTROL!F:F,TUT.CONTROL!H:H),_xlfn.XLOOKUP(Tabela2[[#This Row],[CHAPA]],'REG.CONTROL'!F:F,'REG.CONTROL'!H:H)) -> TUTOR DE PRATICA (UC_1749) | O15: =IFERROR(_xlfn.XLOOKUP(Tabela2[[#This Row],[NOME DO TUTOR]],TUT.CONTROL!C:C,TUT.CONTROL!K:K),"Demitido") -> 004:00 | P15: =IF(Tabela2[[#This Row],[SITUAÇÃO]]="Demitido",IFERROR(_xlfn.XLOOKUP(Tabela2[[#This Row],[CHAPA]],TUT.CONTROL!F:F,TUT.CONTROL!V:V),_xlfn.XLOOKUP(Tabela2[[#This Row],[CHAPA]],'REG.CONTROL'!F:F,'REG.CONTROL'!V:V)),"-") -> - | Q15: OK | R15: COREN-RN | S15: 241411
A16: =IF(Tabela2[[#This Row],[SITUAÇÃO]]="Férias",CONCATENATE(Tabela2[[#This Row],[POLO]],Tabela2[[#This Row],[CURSOS]],Tabela2[[#This Row],[CATEGORIA]]),IF(Tabela2[[#This Row],[SITUAÇÃO]]="Ativo",CONCATENATE(Tabela2[[#This Row],[POLO]],Tabela2[[#This Row],[CURSOS]],Tabela2[[#This Row],[CATEGORIA]]),"desligado")) -> Avaré/SPEMF-ISNENF-INS (Multidisciplinar II) | B16: =Tabela2[[#This Row],[CATEGORIA]]&Tabela2[[#This Row],[CURSOS]]&"LAP - "&Tabela2[[#This Row],[POLO]] -> ENF-INS (Multidisciplinar II)EMF-ISNLAP - Avaré/SP | C16: =Tabela2[[#This Row],[CATEGORIA]]&Tabela2[[#This Row],[CURSOS]] -> ENF-INS (Multidisciplinar II)EMF-ISN | D16: =IF(Tabela2[[#This Row],[SITUAÇÃO]]<>"Demitido",CONCATENATE(Tabela2[[#This Row],[POLO]],Tabela2[[#This Row],[CURSOS]]),"Substituição") -> Avaré/SPEMF-ISN | E16: ENF-INS (Multidisciplinar II) | F16: EMF-ISN | G16: Avaré/SP | H16: Larissa Brandolin Ventura | I16: =IFERROR(_xlfn.XLOOKUP(Tabela2[[#This Row],[CHAPA]],TUT.CONTROL!F:F,TUT.CONTROL!I:I),_xlfn.XLOOKUP(Tabela2[[#This Row],[CHAPA]],'REG.CONTROL'!F:F,'REG.CONTROL'!I:I)) -> Ativo | J16: =IFERROR(_xlfn.XLOOKUP(Tabela2[[#This Row],[NOME DO TUTOR]],TUT.CONTROL!C:C,TUT.CONTROL!G:G),"Demitido") -> 45749 | K16: 14996292308 | L16: =IFERROR(_xlfn.XLOOKUP(Tabela2[[#This Row],[NOME DO TUTOR]],TUT.CONTROL!C:C,TUT.CONTROL!F:F),"Demitido") -> 1158000671 | M16: larissa.silva@tutorpratica.uniasselvi.com.br | N16: =IFERROR(_xlfn.XLOOKUP(Tabela2[[#This Row],[CHAPA]],TUT.CONTROL!F:F,TUT.CONTROL!H:H),_xlfn.XLOOKUP(Tabela2[[#This Row],[CHAPA]],'REG.CONTROL'!F:F,'REG.CONTROL'!H:H)) -> TUTOR DE PRATICA (UC_1749) | O16: =IFERROR(_xlfn.XLOOKUP(Tabela2[[#This Row],[NOME DO TUTOR]],TUT.CONTROL!C:C,TUT.CONTROL!K:K),"Demitido") -> 004:00 | P16: =IF(Tabela2[[#This Row],[SITUAÇÃO]]="Demitido",IFERROR(_xlfn.XLOOKUP(Tabela2[[#This Row],[CHAPA]],TUT.CONTROL!F:F,TUT.CONTROL!V:V),_xlfn.XLOOKUP(Tabela2[[#This Row],[CHAPA]],'REG.CONTROL'!F:F,'REG.CONTROL'!V:V)),"-") -> - | Q16: OK | R16: COREN-SP | S16: 753858
A17: =IF(Tabela2[[#This Row],[SITUAÇÃO]]="Férias",CONCATENATE(Tabela2[[#This Row],[POLO]],Tabela2[[#This Row],[CURSOS]],Tabela2[[#This Row],[CATEGORIA]]),IF(Tabela2[[#This Row],[SITUAÇÃO]]="Ativo",CONCATENATE(Tabela2[[#This Row],[POLO]],Tabela2[[#This Row],[CURSOS]],Tabela2[[#This Row],[CATEGORIA]]),"desligado")) -> Barcelos/AMEMF-ISNENF-INS (Multidisciplinar II) | B17: =Tabela2[[#This Row],[CATEGORIA]]&Tabela2[[#This Row],[CURSOS]]&"LAP - "&Tabela2[[#This Row],[POLO]] -> ENF-INS (Multidisciplinar II)EMF-ISNLAP - Barcelos/AM | C17: =Tabela2[[#This Row],[CATEGORIA]]&Tabela2[[#This Row],[CURSOS]] -> ENF-INS (Multidisciplinar II)EMF-ISN | D17: =IF(Tabela2[[#This Row],[SITUAÇÃO]]<>"Demitido",CONCATENATE(Tabela2[[#This Row],[POLO]],Tabela2[[#This Row],[CURSOS]]),"Substituição") -> Barcelos/AMEMF-ISN | E17: ENF-INS (Multidisciplinar II) | F17: EMF-ISN | G17: Barcelos/AM | H17: Priscila Ferreira De Sousa | I17: =IFERROR(_xlfn.XLOOKUP(Tabela2[[#This Row],[CHAPA]],TUT.CONTROL!F:F,TUT.CONTROL!I:I),_xlfn.XLOOKUP(Tabela2[[#This Row],[CHAPA]],'REG.CONTROL'!F:F,'REG.CONTROL'!I:I)) -> Ativo | J17: =IFERROR(_xlfn.XLOOKUP(Tabela2[[#This Row],[NOME DO TUTOR]],TUT.CONTROL!C:C,TUT.CONTROL!G:G),"Demitido") -> 45971 | K17: 99988252370 | L17: =IFERROR(_xlfn.XLOOKUP(Tabela2[[#This Row],[NOME DO TUTOR]],TUT.CONTROL!C:C,TUT.CONTROL!F:F),"Demitido") -> 1158001060 | M17: priscila.sousa@tutorpratica.uniasselvi.com.br | N17: =IFERROR(_xlfn.XLOOKUP(Tabela2[[#This Row],[CHAPA]],TUT.CONTROL!F:F,TUT.CONTROL!H:H),_xlfn.XLOOKUP(Tabela2[[#This Row],[CHAPA]],'REG.CONTROL'!F:F,'REG.CONTROL'!H:H)) -> TUTOR DE PRATICA (UC_1749) | O17: =IFERROR(_xlfn.XLOOKUP(Tabela2[[#This Row],[NOME DO TUTOR]],TUT.CONTROL!C:C,TUT.CONTROL!K:K),"Demitido") -> 004:00 | P17: =IF(Tabela2[[#This Row],[SITUAÇÃO]]="Demitido",IFERROR(_xlfn.XLOOKUP(Tabela2[[#This Row],[CHAPA]],TUT.CONTROL!F:F,TUT.CONTROL!V:V),_xlfn.XLOOKUP(Tabela2[[#This Row],[CHAPA]],'REG.CONTROL'!F:F,'REG.CONTROL'!V:V)),"-") -> - | Q17: OK
A18: =IF(Tabela2[[#This Row],[SITUAÇÃO]]="Férias",CONCATENATE(Tabela2[[#This Row],[POLO]],Tabela2[[#This Row],[CURSOS]],Tabela2[[#This Row],[CATEGORIA]]),IF(Tabela2[[#This Row],[SITUAÇÃO]]="Ativo",CONCATENATE(Tabela2[[#This Row],[POLO]],Tabela2[[#This Row],[CURSOS]],Tabela2[[#This Row],[CATEGORIA]]),"desligado")) -> Barra do Garças/MTEMF-ISNENF-INS (Multidisciplinar II) | B18: =Tabela2[[#This Row],[CATEGORIA]]&Tabela2[[#This Row],[CURSOS]]&"LAP - "&Tabela2[[#This Row],[POLO]] -> ENF-INS (Multidisciplinar II)EMF-ISNLAP - Barra do Garças/MT | C18: =Tabela2[[#This Row],[CATEGORIA]]&Tabela2[[#This Row],[CURSOS]] -> ENF-INS (Multidisciplinar II)EMF-ISN | D18: =IF(Tabela2[[#This Row],[SITUAÇÃO]]<>"Demitido",CONCATENATE(Tabela2[[#This Row],[POLO]],Tabela2[[#This Row],[CURSOS]]),"Substituição") -> Barra do Garças/MTEMF-ISN | E18: ENF-INS (Multidisciplinar II) | F18: EMF-ISN | G18: Barra do Garças/MT | H18: Gabriella Ribeiro Sousa | I18: =IFERROR(_xlfn.XLOOKUP(Tabela2[[#This Row],[CHAPA]],TUT.CONTROL!F:F,TUT.CONTROL!I:I),_xlfn.XLOOKUP(Tabela2[[#This Row],[CHAPA]],'REG.CONTROL'!F:F,'REG.CONTROL'!I:I)) -> Ativo | J18: =IFERROR(_xlfn.XLOOKUP(Tabela2[[#This Row],[NOME DO TUTOR]],TUT.CONTROL!C:C,TUT.CONTROL!G:G),"Demitido") -> 45735 | K18: 66992246865 | L18: =IFERROR(_xlfn.XLOOKUP(Tabela2[[#This Row],[NOME DO TUTOR]],TUT.CONTROL!C:C,TUT.CONTROL!F:F),"Demitido") -> 1158000575 | M18: gabriella.sousa@tutorpratica.uniasselvi.com.br | N18: =IFERROR(_xlfn.XLOOKUP(Tabela2[[#This Row],[CHAPA]],TUT.CONTROL!F:F,TUT.CONTROL!H:H),_xlfn.XLOOKUP(Tabela2[[#This Row],[CHAPA]],'REG.CONTROL'!F:F,'REG.CONTROL'!H:H)) -> TUTOR DE PRATICA (UC_1749) | O18: =IFERROR(_xlfn.XLOOKUP(Tabela2[[#This Row],[NOME DO TUTOR]],TUT.CONTROL!C:C,TUT.CONTROL!K:K),"Demitido") -> 004:00 | P18: =IF(Tabela2[[#This Row],[SITUAÇÃO]]="Demitido",IFERROR(_xlfn.XLOOKUP(Tabela2[[#This Row],[CHAPA]],TUT.CONTROL!F:F,TUT.CONTROL!V:V),_xlfn.XLOOKUP(Tabela2[[#This Row],[CHAPA]],'REG.CONTROL'!F:F,'REG.CONTROL'!V:V)),"-") -> - | Q18: OK | R18: COREN-MT | S18: 000.710.572
A19: =IF(Tabela2[[#This Row],[SITUAÇÃO]]="Férias",CONCATENATE(Tabela2[[#This Row],[POLO]],Tabela2[[#This Row],[CURSOS]],Tabela2[[#This Row],[CATEGORIA]]),IF(Tabela2[[#This Row],[SITUAÇÃO]]="Ativo",CONCATENATE(Tabela2[[#This Row],[POLO]],Tabela2[[#This Row],[CURSOS]],Tabela2[[#This Row],[CATEGORIA]]),"desligado")) -> Barreirinhas/MAEMF-ISNENF-INS (Multidisciplinar II) | B19: =Tabela2[[#This Row],[CATEGORIA]]&Tabela2[[#This Row],[CURSOS]]&"LAP - "&Tabela2[[#This Row],[POLO]] -> ENF-INS (Multidisciplinar II)EMF-ISNLAP - Barreirinhas/MA | C19: =Tabela2[[#This Row],[CATEGORIA]]&Tabela2[[#This Row],[CURSOS]] -> ENF-INS (Multidisciplinar II)EMF-ISN | D19: =IF(Tabela2[[#This Row],[SITUAÇÃO]]<>"Demitido",CONCATENATE(Tabela2[[#This Row],[POLO]],Tabela2[[#This Row],[CURSOS]]),"Substituição") -> Barreirinhas/MAEMF-ISN | E19: ENF-INS (Multidisciplinar II) | F19: EMF-ISN | G19: Barreirinhas/MA | H19: Hozana De Almeida Evangelista | I19: =IFERROR(_xlfn.XLOOKUP(Tabela2[[#This Row],[CHAPA]],TUT.CONTROL!F:F,TUT.CONTROL!I:I),_xlfn.XLOOKUP(Tabela2[[#This Row],[CHAPA]],'REG.CONTROL'!F:F,'REG.CONTROL'!I:I)) -> Ativo | J19: =IFERROR(_xlfn.XLOOKUP(Tabela2[[#This Row],[NOME DO TUTOR]],TUT.CONTROL!C:C,TUT.CONTROL!G:G),"Demitido") -> 45733 | K19: 98988183281 | L19: =IFERROR(_xlfn.XLOOKUP(Tabela2[[#This Row],[NOME DO TUTOR]],TUT.CONTROL!C:C,TUT.CONTROL!F:F),"Demitido") -> 1158000553 | M19: hozana.evangelista@tutorpratica.uniasselvi.com.br | N19: =IFERROR(_xlfn.XLOOKUP(Tabela2[[#This Row],[CHAPA]],TUT.CONTROL!F:F,TUT.CONTROL!H:H),_xlfn.XLOOKUP(Tabela2[[#This Row],[CHAPA]],'REG.CONTROL'!F:F,'REG.CONTROL'!H:H)) -> TUTOR DE PRATICA (UC_1749) | O19: =IFERROR(_xlfn.XLOOKUP(Tabela2[[#This Row],[NOME DO TUTOR]],TUT.CONTROL!C:C,TUT.CONTROL!K:K),"Demitido") -> 004:00 | P19: =IF(Tabela2[[#This Row],[SITUAÇÃO]]="Demitido",IFERROR(_xlfn.XLOOKUP(Tabela2[[#This Row],[CHAPA]],TUT.CONTROL!F:F,TUT.CONTROL!V:V),_xlfn.XLOOKUP(Tabela2[[#This Row],[CHAPA]],'REG.CONTROL'!F:F,'REG.CONTROL'!V:V)),"-") -> - | Q19: OK | R19: COREN-MA | S19: 330425
A20: =IF(Tabela2[[#This Row],[SITUAÇÃO]]="Férias",CONCATENATE(Tabela2[[#This Row],[POLO]],Tabela2[[#This Row],[CURSOS]],Tabela2[[#This Row],[CATEGORIA]]),IF(Tabela2[[#This Row],[SITUAÇÃO]]="Ativo",CONCATENATE(Tabela2[[#This Row],[POLO]],Tabela2[[#This Row],[CURSOS]],Tabela2[[#This Row],[CATEGORIA]]),"desligado")) -> Baturité/CEEMF-ISNENF-INS (Multidisciplinar II) | B20: =Tabela2[[#This Row],[CATEGORIA]]&Tabela2[[#This Row],[CURSOS]]&"LAP - "&Tabela2[[#This Row],[POLO]] -> ENF-INS (Multidisciplinar II)EMF-ISNLAP - Baturité/CE | C20: =Tabela2[[#This Row],[CATEGORIA]]&Tabela2[[#This Row],[CURSOS]] -> ENF-INS (Multidisciplinar II)EMF-ISN | D20: =IF(Tabela2[[#This Row],[SITUAÇÃO]]<>"Demitido",CONCATENATE(Tabela2[[#This Row],[POLO]],Tabela2[[#This Row],[CURSOS]]),"Substituição") -> Baturité/CEEMF-ISN | E20: ENF-INS (Multidisciplinar II) | F20: EMF-ISN | G20: Baturité/CE | H20: Aline Camurca Mesquita | I20: =IFERROR(_xlfn.XLOOKUP(Tabela2[[#This Row],[CHAPA]],TUT.CONTROL!F:F,TUT.CONTROL!I:I),_xlfn.XLOOKUP(Tabela2[[#This Row],[CHAPA]],'REG.CONTROL'!F:F,'REG.CONTROL'!I:I)) -> Ativo | J20: =IFERROR(_xlfn.XLOOKUP(Tabela2[[#This Row],[NOME DO TUTOR]],TUT.CONTROL!C:C,TUT.CONTROL!G:G),"Atualizar") -> 46118 | K20: 85996297339 | L20: =IFERROR(_xlfn.XLOOKUP(Tabela2[[#This Row],[NOME DO TUTOR]],TUT.CONTROL!C:C,TUT.CONTROL!F:F),"Atualizar") -> 1158001198 | M20: aline.mesquita@tutorpratica.uniasselvi.com.br | N20: =IFERROR(_xlfn.XLOOKUP(Tabela2[[#This Row],[CHAPA]],TUT.CONTROL!F:F,TUT.CONTROL!H:H),_xlfn.XLOOKUP(Tabela2[[#This Row],[CHAPA]],'REG.CONTROL'!F:F,'REG.CONTROL'!H:H)) -> TUTOR DE PRATICA (UC_1749) | O20: =IFERROR(_xlfn.XLOOKUP(Tabela2[[#This Row],[NOME DO TUTOR]],TUT.CONTROL!C:C,TUT.CONTROL!K:K),"Atualizar") -> 004:00 | P20: =IF(Tabela2[[#This Row],[SITUAÇÃO]]="Demitido",IFERROR(_xlfn.XLOOKUP(Tabela2[[#This Row],[CHAPA]],TUT.CONTROL!F:F,TUT.CONTROL!V:V),_xlfn.XLOOKUP(Tabela2[[#This Row],[CHAPA]],'REG.CONTROL'!F:F,'REG.CONTROL'!V:V)),"-") -> -
A21: =IF(Tabela2[[#This Row],[SITUAÇÃO]]="Férias",CONCATENATE(Tabela2[[#This Row],[POLO]],Tabela2[[#This Row],[CURSOS]],Tabela2[[#This Row],[CATEGORIA]]),IF(Tabela2[[#This Row],[SITUAÇÃO]]="Ativo",CONCATENATE(Tabela2[[#This Row],[POLO]],Tabela2[[#This Row],[CURSOS]],Tabela2[[#This Row],[CATEGORIA]]),"desligado")) -> desligado | B21: =Tabela2[[#This Row],[CATEGORIA]]&Tabela2[[#This Row],[CURSOS]]&"LAP - "&Tabela2[[#This Row],[POLO]] -> ENF-INS (Multidisciplinar II)EMF-ISNLAP - Baturité/CE | C21: =Tabela2[[#This Row],[CATEGORIA]]&Tabela2[[#This Row],[CURSOS]] -> ENF-INS (Multidisciplinar II)EMF-ISN | D21: =IF(Tabela2[[#This Row],[SITUAÇÃO]]<>"Demitido",CONCATENATE(Tabela2[[#This Row],[POLO]],Tabela2[[#This Row],[CURSOS]]),"Substituição") -> Substituição | E21: ENF-INS (Multidisciplinar II) | F21: EMF-ISN | G21: Baturité/CE | H21: =PROPER("ALINE CAMURCA MESQUITA") -> Aline Camurca Mesquita | I21: =IFERROR(_xlfn.XLOOKUP(Tabela2[[#This Row],[CHAPA]],TUT.CONTROL!F:F,TUT.CONTROL!I:I),_xlfn.XLOOKUP(Tabela2[[#This Row],[CHAPA]],'REG.CONTROL'!F:F,'REG.CONTROL'!I:I)) -> Demitido | J21: =IFERROR(_xlfn.XLOOKUP(Tabela2[[#This Row],[NOME DO TUTOR]],'REG.CONTROL'!C:C,'REG.CONTROL'!G:G),"Demitido") -> 45048 | K21: 85996297339 | L21: =IFERROR(_xlfn.XLOOKUP(Tabela2[[#This Row],[NOME DO TUTOR]],'REG.CONTROL'!C:C,'REG.CONTROL'!F:F),"Demitido") -> 1004011951 | M21: aline.mesquita@regentedepolo.uniasselvi.com.br | N21: =IFERROR(_xlfn.XLOOKUP(Tabela2[[#This Row],[CHAPA]],TUT.CONTROL!F:F,TUT.CONTROL!H:H),_xlfn.XLOOKUP(Tabela2[[#This Row],[CHAPA]],'REG.CONTROL'!F:F,'REG.CONTROL'!H:H)) -> PROFESSOR REGENTE DE POLO (UC_1744) | O21: =IFERROR(_xlfn.XLOOKUP(Tabela2[[#This Row],[NOME DO TUTOR]],TUT.CONTROL!C:C,TUT.CONTROL!K:K),"Demitido") -> 004:00 | P21: =IF(Tabela2[[#This Row],[SITUAÇÃO]]="Demitido",IFERROR(_xlfn.XLOOKUP(Tabela2[[#This Row],[CHAPA]],TUT.CONTROL!F:F,TUT.CONTROL!V:V),_xlfn.XLOOKUP(Tabela2[[#This Row],[CHAPA]],'REG.CONTROL'!F:F,'REG.CONTROL'!V:V)),"-") -> 45841 | Q21: Desligado
A22: =IF(Tabela2[[#This Row],[SITUAÇÃO]]="Férias",CONCATENATE(Tabela2[[#This Row],[POLO]],Tabela2[[#This Row],[CURSOS]],Tabela2[[#This Row],[CATEGORIA]]),IF(Tabela2[[#This Row],[SITUAÇÃO]]="Ativo",CONCATENATE(Tabela2[[#This Row],[POLO]],Tabela2[[#This Row],[CURSOS]],Tabela2[[#This Row],[CATEGORIA]]),"desligado")) -> desligado | B22: =Tabela2[[#This Row],[CATEGORIA]]&Tabela2[[#This Row],[CURSOS]]&"LAP - "&Tabela2[[#This Row],[POLO]] -> ENF-INS (Multidisciplinar II)EMF-ISNLAP - Baturité/CE | C22: =Tabela2[[#This Row],[CATEGORIA]]&Tabela2[[#This Row],[CURSOS]] -> ENF-INS (Multidisciplinar II)EMF-ISN | D22: =IF(Tabela2[[#This Row],[SITUAÇÃO]]<>"Demitido",CONCATENATE(Tabela2[[#This Row],[POLO]],Tabela2[[#This Row],[CURSOS]]),"Substituição") -> Substituição | E22: ENF-INS (Multidisciplinar II) | F22: EMF-ISN | G22: Baturité/CE | H22: Raiane Martins Da Silva | I22: =IFERROR(_xlfn.XLOOKUP(Tabela2[[#This Row],[CHAPA]],TUT.CONTROL!F:F,TUT.CONTROL!I:I),_xlfn.XLOOKUP(Tabela2[[#This Row],[CHAPA]],'REG.CONTROL'!F:F,'REG.CONTROL'!I:I)) -> Demitido | J22: =IFERROR(_xlfn.XLOOKUP(Tabela2[[#This Row],[NOME DO TUTOR]],TUT.CONTROL!C:C,TUT.CONTROL!G:G),"Demitido") -> 45901 | K22: 85997962465 | L22: =IFERROR(_xlfn.XLOOKUP(Tabela2[[#This Row],[NOME DO TUTOR]],TUT.CONTROL!C:C,TUT.CONTROL!F:F),"Demitido") -> 1158000952 | M22: raiane.silva@tutorpratica.uniasselvi.com.br | N22: =IFERROR(_xlfn.XLOOKUP(Tabela2[[#This Row],[CHAPA]],TUT.CONTROL!F:F,TUT.CONTROL!H:H),_xlfn.XLOOKUP(Tabela2[[#This Row],[CHAPA]],'REG.CONTROL'!F:F,'REG.CONTROL'!H:H)) -> TUTOR DE PRATICA (UC_1749) | O22: =IFERROR(_xlfn.XLOOKUP(Tabela2[[#This Row],[NOME DO TUTOR]],TUT.CONTROL!C:C,TUT.CONTROL!K:K),"Demitido") -> 004:00 | P22: =IF(Tabela2[[#This Row],[SITUAÇÃO]]="Demitido",IFERROR(_xlfn.XLOOKUP(Tabela2[[#This Row],[CHAPA]],TUT.CONTROL!F:F,TUT.CONTROL!V:V),_xlfn.XLOOKUP(Tabela2[[#This Row],[CHAPA]],'REG.CONTROL'!F:F,'REG.CONTROL'!V:V)),"-") -> 45931 | Q22: Desligado
A23: =IF(Tabela2[[#This Row],[SITUAÇÃO]]="Férias",CONCATENATE(Tabela2[[#This Row],[POLO]],Tabela2[[#This Row],[CURSOS]],Tabela2[[#This Row],[CATEGORIA]]),IF(Tabela2[[#This Row],[SITUAÇÃO]]="Ativo",CONCATENATE(Tabela2[[#This Row],[POLO]],Tabela2[[#This Row],[CURSOS]],Tabela2[[#This Row],[CATEGORIA]]),"desligado")) -> Belém/PA - São BrásEMF-ISNENF-INS (Multidisciplinar II) | B23: =Tabela2[[#This Row],[CATEGORIA]]&Tabela2[[#This Row],[CURSOS]]&"LAP - "&Tabela2[[#This Row],[POLO]] -> ENF-INS (Multidisciplinar II)EMF-ISNLAP - Belém/PA - São Brás | C23: =Tabela2[[#This Row],[CATEGORIA]]&Tabela2[[#This Row],[CURSOS]] -> ENF-INS (Multidisciplinar II)EMF-ISN | D23: =IF(Tabela2[[#This Row],[SITUAÇÃO]]<>"Demitido",CONCATENATE(Tabela2[[#This Row],[POLO]],Tabela2[[#This Row],[CURSOS]]),"Substituição") -> Belém/PA - São BrásEMF-ISN | E23: ENF-INS (Multidisciplinar II) | F23: EMF-ISN | G23: Belém/PA - São Brás | H23: Edenilza Fabiana De Almeida Santos | I23: =IFERROR(_xlfn.XLOOKUP(Tabela2[[#This Row],[CHAPA]],TUT.CONTROL!F:F,TUT.CONTROL!I:I),_xlfn.XLOOKUP(Tabela2[[#This Row],[CHAPA]],'REG.CONTROL'!F:F,'REG.CONTROL'!I:I)) -> Ativo | J23: =IFERROR(_xlfn.XLOOKUP(Tabela2[[#This Row],[NOME DO TUTOR]],TUT.CONTROL!C:C,TUT.CONTROL!G:G),"Demitido") -> 45763 | K23: 91 9995-8831 | L23: =IFERROR(_xlfn.XLOOKUP(Tabela2[[#This Row],[NOME DO TUTOR]],TUT.CONTROL!C:C,TUT.CONTROL!F:F),"Demitido") -> 1158000707 | M23: edenilza.santos@tutorpratica.uniasselvi.com.br | N23: =IFERROR(_xlfn.XLOOKUP(Tabela2[[#This Row],[CHAPA]],TUT.CONTROL!F:F,TUT.CONTROL!H:H),_xlfn.XLOOKUP(Tabela2[[#This Row],[CHAPA]],'REG.CONTROL'!F:F,'REG.CONTROL'!H:H)) -> TUTOR DE PRATICA (UC_1749) | O23: =IFERROR(_xlfn.XLOOKUP(Tabela2[[#This Row],[NOME DO TUTOR]],TUT.CONTROL!C:C,TUT.CONTROL!K:K),"Demitido") -> 004:00 | P23: =IF(Tabela2[[#This Row],[SITUAÇÃO]]="Demitido",IFERROR(_xlfn.XLOOKUP(Tabela2[[#This Row],[CHAPA]],TUT.CONTROL!F:F,TUT.CONTROL!V:V),_xlfn.XLOOKUP(Tabela2[[#This Row],[CHAPA]],'REG.CONTROL'!F:F,'REG.CONTROL'!V:V)),"-") -> - | Q23: OK | R23: COREN-PA | S23: 52266
A24: =IF(Tabela2[[#This Row],[SITUAÇÃO]]="Férias",CONCATENATE(Tabela2[[#This Row],[POLO]],Tabela2[[#This Row],[CURSOS]],Tabela2[[#This Row],[CATEGORIA]]),IF(Tabela2[[#This Row],[SITUAÇÃO]]="Ativo",CONCATENATE(Tabela2[[#This Row],[POLO]],Tabela2[[#This Row],[CURSOS]],Tabela2[[#This Row],[CATEGORIA]]),"desligado")) -> Belo Horizonte/MG - BarreiroEMF-ISNENF-INS (Multidisciplinar II) | B24: =Tabela2[[#This Row],[CATEGORIA]]&Tabela2[[#This Row],[CURSOS]]&"LAP - "&Tabela2[[#This Row],[POLO]] -> ENF-INS (Multidisciplinar II)EMF-ISNLAP - Belo Horizonte/MG - Barreiro | C24: =Tabela2[[#This Row],[CATEGORIA]]&Tabela2[[#This Row],[CURSOS]] -> ENF-INS (Multidisciplinar II)EMF-ISN | D24: =IF(Tabela2[[#This Row],[SITUAÇÃO]]<>"Demitido",CONCATENATE(Tabela2[[#This Row],[POLO]],Tabela2[[#This Row],[CURSOS]]),"Substituição") -> Belo Horizonte/MG - BarreiroEMF-ISN | E24: ENF-INS (Multidisciplinar II) | F24: EMF-ISN | G24: Belo Horizonte/MG - Barreiro | H24: Italo Leonardo Fernandes Faria | I24: =IFERROR(_xlfn.XLOOKUP(Tabela2[[#This Row],[CHAPA]],TUT.CONTROL!F:F,TUT.CONTROL!I:I),_xlfn.XLOOKUP(Tabela2[[#This Row],[CHAPA]],'REG.CONTROL'!F:F,'REG.CONTROL'!I:I)) -> Ativo | J24: =IFERROR(_xlfn.XLOOKUP(Tabela2[[#This Row],[NOME DO TUTOR]],TUT.CONTROL!C:C,TUT.CONTROL!G:G),"Demitido") -> 45796 | K24: 31991693997 | L24: =IFERROR(_xlfn.XLOOKUP(Tabela2[[#This Row],[NOME DO TUTOR]],TUT.CONTROL!C:C,TUT.CONTROL!F:F),"Demitido") -> 1158000641 | M24: italo.faria@tutorpratica.uniasselvi.com.br | N24: =IFERROR(_xlfn.XLOOKUP(Tabela2[[#This Row],[CHAPA]],TUT.CONTROL!F:F,TUT.CONTROL!H:H),_xlfn.XLOOKUP(Tabela2[[#This Row],[CHAPA]],'REG.CONTROL'!F:F,'REG.CONTROL'!H:H)) -> TUTOR DE PRATICA (UC_1749) | O24: =IFERROR(_xlfn.XLOOKUP(Tabela2[[#This Row],[NOME DO TUTOR]],TUT.CONTROL!C:C,TUT.CONTROL!K:K),"Demitido") -> 004:00 | P24: =IF(Tabela2[[#This Row],[SITUAÇÃO]]="Demitido",IFERROR(_xlfn.XLOOKUP(Tabela2[[#This Row],[CHAPA]],TUT.CONTROL!F:F,TUT.CONTROL!V:V),_xlfn.XLOOKUP(Tabela2[[#This Row],[CHAPA]],'REG.CONTROL'!F:F,'REG.CONTROL'!V:V)),"-") -> - | Q24: OK | R24: COREN-MG | S24: 712824
A25: =IF(Tabela2[[#This Row],[SITUAÇÃO]]="Férias",CONCATENATE(Tabela2[[#This Row],[POLO]],Tabela2[[#This Row],[CURSOS]],Tabela2[[#This Row],[CATEGORIA]]),IF(Tabela2[[#This Row],[SITUAÇÃO]]="Ativo",CONCATENATE(Tabela2[[#This Row],[POLO]],Tabela2[[#This Row],[CURSOS]],Tabela2[[#This Row],[CATEGORIA]]),"desligado")) -> desligado | B25: =Tabela2[[#This Row],[CATEGORIA]]&Tabela2[[#This Row],[CURSOS]]&"LAP - "&Tabela2[[#This Row],[POLO]] -> ENF-INS (Multidisciplinar II)EMF-ISNLAP - Belo Horizonte/MG - Shopping Estação BH | C25: =Tabela2[[#This Row],[CATEGORIA]]&Tabela2[[#This Row],[CURSOS]] -> ENF-INS (Multidisciplinar II)EMF-ISN | D25: =IF(Tabela2[[#This Row],[SITUAÇÃO]]<>"Demitido",CONCATENATE(Tabela2[[#This Row],[POLO]],Tabela2[[#This Row],[CURSOS]]),"Substituição") -> Substituição | E25: ENF-INS (Multidisciplinar II) | F25: EMF-ISN | G25: Belo Horizonte/MG - Shopping Estação BH | H25: Gislene Pace De Souza Santos Nascimento | I25: =IFERROR(_xlfn.XLOOKUP(Tabela2[[#This Row],[CHAPA]],TUT.CONTROL!F:F,TUT.CONTROL!I:I),_xlfn.XLOOKUP(Tabela2[[#This Row],[CHAPA]],'REG.CONTROL'!F:F,'REG.CONTROL'!I:I)) -> Demitido | J25: =IFERROR(_xlfn.XLOOKUP(Tabela2[[#This Row],[NOME DO TUTOR]],'REG.CONTROL'!C:C,'REG.CONTROL'!G:G),"Demitido") -> 44840 | K25: 31987848509 | L25: =IFERROR(_xlfn.XLOOKUP(Tabela2[[#This Row],[NOME DO TUTOR]],'REG.CONTROL'!C:C,'REG.CONTROL'!F:F),"Demitido") -> 1004010883 | M25: gislene.nascimento@regentedepolo.uniasselvi.com.br | N25: =IFERROR(_xlfn.XLOOKUP(Tabela2[[#This Row],[CHAPA]],TUT.CONTROL!F:F,TUT.CONTROL!H:H),_xlfn.XLOOKUP(Tabela2[[#This Row],[CHAPA]],'REG.CONTROL'!F:F,'REG.CONTROL'!H:H)) -> PROFESSOR REGENTE DE POLO (UC_1744) | O25: =IFERROR(_xlfn.XLOOKUP(Tabela2[[#This Row],[NOME DO TUTOR]],'REGENTE CH'!A:A,'REGENTE CH'!C:C),"Atualizar") -> 004:00 | P25: =IF(Tabela2[[#This Row],[SITUAÇÃO]]="Demitido",IFERROR(_xlfn.XLOOKUP(Tabela2[[#This Row],[CHAPA]],TUT.CONTROL!F:F,TUT.CONTROL!V:V),_xlfn.XLOOKUP(Tabela2[[#This Row],[CHAPA]],'REG.CONTROL'!F:F,'REG.CONTROL'!V:V)),"-") -> 46083 | Q25: Desligado | R25: COREN-MG | S25: 293520
A26: =IF(Tabela2[[#This Row],[SITUAÇÃO]]="Férias",CONCATENATE(Tabela2[[#This Row],[POLO]],Tabela2[[#This Row],[CURSOS]],Tabela2[[#This Row],[CATEGORIA]]),IF(Tabela2[[#This Row],[SITUAÇÃO]]="Ativo",CONCATENATE(Tabela2[[#This Row],[POLO]],Tabela2[[#This Row],[CURSOS]],Tabela2[[#This Row],[CATEGORIA]]),"desligado")) -> desligado | B26: =Tabela2[[#This Row],[CATEGORIA]]&Tabela2[[#This Row],[CURSOS]]&"LAP - "&Tabela2[[#This Row],[POLO]] -> ENF-INS (Multidisciplinar II)EMF-ISNLAP - Belo Horizonte/MG - Shopping Estação BH | C26: =Tabela2[[#This Row],[CATEGORIA]]&Tabela2[[#This Row],[CURSOS]] -> ENF-INS (Multidisciplinar II)EMF-ISN | D26: =IF(Tabela2[[#This Row],[SITUAÇÃO]]<>"Demitido",CONCATENATE(Tabela2[[#This Row],[POLO]],Tabela2[[#This Row],[CURSOS]]),"Substituição") -> Substituição | E26: ENF-INS (Multidisciplinar II) | F26: EMF-ISN | G26: Belo Horizonte/MG - Shopping Estação BH | H26: Yasmin Tatielle De Sousa Santos | I26: =IFERROR(_xlfn.XLOOKUP(Tabela2[[#This Row],[CHAPA]],TUT.CONTROL!F:F,TUT.CONTROL!I:I),_xlfn.XLOOKUP(Tabela2[[#This Row],[CHAPA]],'REG.CONTROL'!F:F,'REG.CONTROL'!I:I)) -> Demitido | J26: =IFERROR(_xlfn.XLOOKUP(Tabela2[[#This Row],[NOME DO TUTOR]],TUT.CONTROL!C:C,TUT.CONTROL!G:G),"Demitido") -> 45908 | K26: 31983580817 | L26: =IFERROR(_xlfn.XLOOKUP(Tabela2[[#This Row],[NOME DO TUTOR]],TUT.CONTROL!C:C,TUT.CONTROL!F:F),"Demitido") -> 1158000962 | M26: yasmin.santos@tutorpratica.uniasselvi.com.br | N26: =IFERROR(_xlfn.XLOOKUP(Tabela2[[#This Row],[CHAPA]],TUT.CONTROL!F:F,TUT.CONTROL!H:H),_xlfn.XLOOKUP(Tabela2[[#This Row],[CHAPA]],'REG.CONTROL'!F:F,'REG.CONTROL'!H:H)) -> TUTOR DE PRATICA (UC_1749) | O26: =IFERROR(_xlfn.XLOOKUP(Tabela2[[#This Row],[NOME DO TUTOR]],TUT.CONTROL!C:C,TUT.CONTROL!K:K),"Demitido") -> 004:00 | P26: =IF(Tabela2[[#This Row],[SITUAÇÃO]]="Demitido",IFERROR(_xlfn.XLOOKUP(Tabela2[[#This Row],[CHAPA]],TUT.CONTROL!F:F,TUT.CONTROL!V:V),_xlfn.XLOOKUP(Tabela2[[#This Row],[CHAPA]],'REG.CONTROL'!F:F,'REG.CONTROL'!V:V)),"-") -> 45940 | Q26: Desligado | R26: COREN-MG | S26: 698.026
A27: =IF(Tabela2[[#This Row],[SITUAÇÃO]]="Férias",CONCATENATE(Tabela2[[#This Row],[POLO]],Tabela2[[#This Row],[CURSOS]],Tabela2[[#This Row],[CATEGORIA]]),IF(Tabela2[[#This Row],[SITUAÇÃO]]="Ativo",CONCATENATE(Tabela2[[#This Row],[POLO]],Tabela2[[#This Row],[CURSOS]],Tabela2[[#This Row],[CATEGORIA]]),"desligado")) -> desligado | B27: =Tabela2[[#This Row],[CATEGORIA]]&Tabela2[[#This Row],[CURSOS]]&"LAP - "&Tabela2[[#This Row],[POLO]] -> ENF-INS (Multidisciplinar II)EMF-ISNLAP - Bento Gonçalves/RS | C27: =Tabela2[[#This Row],[CATEGORIA]]&Tabela2[[#This Row],[CURSOS]] -> ENF-INS (Multidisciplinar II)EMF-ISN | D27: =IF(Tabela2[[#This Row],[SITUAÇÃO]]<>"Demitido",CONCATENATE(Tabela2[[#This Row],[POLO]],Tabela2[[#This Row],[CURSOS]]),"Substituição") -> Substituição | E27: ENF-INS (Multidisciplinar II) | F27: EMF-ISN | G27: Bento Gonçalves/RS | H27: Juliana Brito Ferreira | I27: =IFERROR(_xlfn.XLOOKUP(Tabela2[[#This Row],[CHAPA]],TUT.CONTROL!F:F,TUT.CONTROL!I:I),_xlfn.XLOOKUP(Tabela2[[#This Row],[CHAPA]],'REG.CONTROL'!F:F,'REG.CONTROL'!I:I)) -> Demitido | J27: =IFERROR(_xlfn.XLOOKUP(Tabela2[[#This Row],[NOME DO TUTOR]],TUT.CONTROL!C:C,TUT.CONTROL!G:G),"Demitido") -> 45735 | K27: 53981047737 | L27: =IFERROR(_xlfn.XLOOKUP(Tabela2[[#This Row],[NOME DO TUTOR]],TUT.CONTROL!C:C,TUT.CONTROL!F:F),"Demitido") -> 1158000572 | M27: juliana.ferreira@tutorpratica.uniasselvi.com.br | N27: =IFERROR(_xlfn.XLOOKUP(Tabela2[[#This Row],[CHAPA]],TUT.CONTROL!F:F,TUT.CONTROL!H:H),_xlfn.XLOOKUP(Tabela2[[#This Row],[CHAPA]],'REG.CONTROL'!F:F,'REG.CONTROL'!H:H)) -> TUTOR DE PRATICA (UC_1749) | O27: =IFERROR(_xlfn.XLOOKUP(Tabela2[[#This Row],[NOME DO TUTOR]],TUT.CONTROL!C:C,TUT.CONTROL!K:K),"Demitido") -> 004:00 | P27: =IF(Tabela2[[#This Row],[SITUAÇÃO]]="Demitido",IFERROR(_xlfn.XLOOKUP(Tabela2[[#This Row],[CHAPA]],TUT.CONTROL!F:F,TUT.CONTROL!V:V),_xlfn.XLOOKUP(Tabela2[[#This Row],[CHAPA]],'REG.CONTROL'!F:F,'REG.CONTROL'!V:V)),"-") -> 46072 | Q27: Desligado | R27: COREN-RS | S27: 655325
A28: =IF(Tabela2[[#This Row],[SITUAÇÃO]]="Férias",CONCATENATE(Tabela2[[#This Row],[POLO]],Tabela2[[#This Row],[CURSOS]],Tabela2[[#This Row],[CATEGORIA]]),IF(Tabela2[[#This Row],[SITUAÇÃO]]="Ativo",CONCATENATE(Tabela2[[#This Row],[POLO]],Tabela2[[#This Row],[CURSOS]],Tabela2[[#This Row],[CATEGORIA]]),"desligado")) -> desligado | B28: =Tabela2[[#This Row],[CATEGORIA]]&Tabela2[[#This Row],[CURSOS]]&"LAP - "&Tabela2[[#This Row],[POLO]] -> ENF-INS (Multidisciplinar II)EMF-ISNLAP - Blumenau/SC - Salto Do Norte (Centro Universitário Dante) | C28: =Tabela2[[#This Row],[CATEGORIA]]&Tabela2[[#This Row],[CURSOS]] -> ENF-INS (Multidisciplinar II)EMF-ISN | D28: =IF(Tabela2[[#This Row],[SITUAÇÃO]]<>"Demitido",CONCATENATE(Tabela2[[#This Row],[POLO]],Tabela2[[#This Row],[CURSOS]]),"Substituição") -> Substituição | E28: ENF-INS (Multidisciplinar II) | F28: EMF-ISN | G28: Blumenau/SC - Salto Do Norte (Centro Universitário Dante) | H28: Matheus Pereira De Oliveira | I28: =IFERROR(_xlfn.XLOOKUP(Tabela2[[#This Row],[CHAPA]],TUT.CONTROL!F:F,TUT.CONTROL!I:I),_xlfn.XLOOKUP(Tabela2[[#This Row],[CHAPA]],'REG.CONTROL'!F:F,'REG.CONTROL'!I:I)) -> Demitido | J28: =IFERROR(_xlfn.XLOOKUP(Tabela2[[#This Row],[NOME DO TUTOR]],TUT.CONTROL!C:C,TUT.CONTROL!G:G),"Demitido") -> 45754 | K28: 47 9289-1794 | L28: =IFERROR(_xlfn.XLOOKUP(Tabela2[[#This Row],[NOME DO TUTOR]],TUT.CONTROL!C:C,TUT.CONTROL!F:F),"Demitido") -> 1158000709 | M28: matheus.oliveira@tutorpratica.uniasselvi.com.br | N28: =IFERROR(_xlfn.XLOOKUP(Tabela2[[#This Row],[CHAPA]],TUT.CONTROL!F:F,TUT.CONTROL!H:H),_xlfn.XLOOKUP(Tabela2[[#This Row],[CHAPA]],'REG.CONTROL'!F:F,'REG.CONTROL'!H:H)) -> TUTOR DE PRATICA (UC_1749) | O28: =IFERROR(_xlfn.XLOOKUP(Tabela2[[#This Row],[NOME DO TUTOR]],TUT.CONTROL!C:C,TUT.CONTROL!K:K),"Demitido") -> 004:00 | P28: =IF(Tabela2[[#This Row],[SITUAÇÃO]]="Demitido",IFERROR(_xlfn.XLOOKUP(Tabela2[[#This Row],[CHAPA]],TUT.CONTROL!F:F,TUT.CONTROL!V:V),_xlfn.XLOOKUP(Tabela2[[#This Row],[CHAPA]],'REG.CONTROL'!F:F,'REG.CONTROL'!V:V)),"-") -> 45888 | Q28: Desligado
A29: =IF(Tabela2[[#This Row],[SITUAÇÃO]]="Férias",CONCATENATE(Tabela2[[#This Row],[POLO]],Tabela2[[#This Row],[CURSOS]],Tabela2[[#This Row],[CATEGORIA]]),IF(Tabela2[[#This Row],[SITUAÇÃO]]="Ativo",CONCATENATE(Tabela2[[#This Row],[POLO]],Tabela2[[#This Row],[CURSOS]],Tabela2[[#This Row],[CATEGORIA]]),"desligado")) -> Boa Viagem/CEEMF-ISNENF-INS (Multidisciplinar II) | B29: =Tabela2[[#This Row],[CATEGORIA]]&Tabela2[[#This Row],[CURSOS]]&"LAP - "&Tabela2[[#This Row],[POLO]] -> ENF-INS (Multidisciplinar II)EMF-ISNLAP - Boa Viagem/CE | C29: =Tabela2[[#This Row],[CATEGORIA]]&Tabela2[[#This Row],[CURSOS]] -> ENF-INS (Multidisciplinar II)EMF-ISN | D29: =IF(Tabela2[[#This Row],[SITUAÇÃO]]<>"Demitido",CONCATENATE(Tabela2[[#This Row],[POLO]],Tabela2[[#This Row],[CURSOS]]),"Substituição") -> Boa Viagem/CEEMF-ISN | E29: ENF-INS (Multidisciplinar II) | F29: EMF-ISN | G29: Boa Viagem/CE | H29: Aparecida Heliane Cavalcante Oliveira | I29: =IFERROR(_xlfn.XLOOKUP(Tabela2[[#This Row],[CHAPA]],TUT.CONTROL!F:F,TUT.CONTROL!I:I),_xlfn.XLOOKUP(Tabela2[[#This Row],[CHAPA]],'REG.CONTROL'!F:F,'REG.CONTROL'!I:I)) -> Ativo | J29: =IFERROR(_xlfn.XLOOKUP(Tabela2[[#This Row],[NOME DO TUTOR]],TUT.CONTROL!C:C,TUT.CONTROL!G:G),"Atualizar") -> 46118 | K29: 88988029822 | L29: =IFERROR(_xlfn.XLOOKUP(Tabela2[[#This Row],[NOME DO TUTOR]],TUT.CONTROL!C:C,TUT.CONTROL!F:F),"Atualizar") -> 1158001197 | M29: aparecida.oliveira@tutorpratica.uniasselvi.com.br | N29: =IFERROR(_xlfn.XLOOKUP(Tabela2[[#This Row],[CHAPA]],TUT.CONTROL!F:F,TUT.CONTROL!H:H),_xlfn.XLOOKUP(Tabela2[[#This Row],[CHAPA]],'REG.CONTROL'!F:F,'REG.CONTROL'!H:H)) -> TUTOR DE PRATICA (UC_1749) | O29: =IFERROR(_xlfn.XLOOKUP(Tabela2[[#This Row],[NOME DO TUTOR]],TUT.CONTROL!C:C,TUT.CONTROL!K:K),"Atualizar") -> 004:00 | P29: =IF(Tabela2[[#This Row],[SITUAÇÃO]]="Demitido",IFERROR(_xlfn.XLOOKUP(Tabela2[[#This Row],[CHAPA]],TUT.CONTROL!F:F,TUT.CONTROL!V:V),_xlfn.XLOOKUP(Tabela2[[#This Row],[CHAPA]],'REG.CONTROL'!F:F,'REG.CONTROL'!V:V)),"-") -> -
A30: =IF(Tabela2[[#This Row],[SITUAÇÃO]]="Férias",CONCATENATE(Tabela2[[#This Row],[POLO]],Tabela2[[#This Row],[CURSOS]],Tabela2[[#This Row],[CATEGORIA]]),IF(Tabela2[[#This Row],[SITUAÇÃO]]="Ativo",CONCATENATE(Tabela2[[#This Row],[POLO]],Tabela2[[#This Row],[CURSOS]],Tabela2[[#This Row],[CATEGORIA]]),"desligado")) -> desligado | B30: =Tabela2[[#This Row],[CATEGORIA]]&Tabela2[[#This Row],[CURSOS]]&"LAP - "&Tabela2[[#This Row],[POLO]] -> ENF-INS (Multidisciplinar II)EMF-ISNLAP - Boa Viagem/CE | C30: =Tabela2[[#This Row],[CATEGORIA]]&Tabela2[[#This Row],[CURSOS]] -> ENF-INS (Multidisciplinar II)EMF-ISN | D30: =IF(Tabela2[[#This Row],[SITUAÇÃO]]<>"Demitido",CONCATENATE(Tabela2[[#This Row],[POLO]],Tabela2[[#This Row],[CURSOS]]),"Substituição") -> Substituição | E30: ENF-INS (Multidisciplinar II) | F30: EMF-ISN | G30: Boa Viagem/CE | H30: Jayne Cavalcante Torres | I30: =IFERROR(_xlfn.XLOOKUP(Tabela2[[#This Row],[CHAPA]],TUT.CONTROL!F:F,TUT.CONTROL!I:I),_xlfn.XLOOKUP(Tabela2[[#This Row],[CHAPA]],'REG.CONTROL'!F:F,'REG.CONTROL'!I:I)) -> Demitido | J30: =IFERROR(_xlfn.XLOOKUP(Tabela2[[#This Row],[NOME DO TUTOR]],TUT.CONTROL!C:C,TUT.CONTROL!G:G),"Demitido") -> 45735 | K30: 85992009088 | L30: =IFERROR(_xlfn.XLOOKUP(Tabela2[[#This Row],[NOME DO TUTOR]],TUT.CONTROL!C:C,TUT.CONTROL!F:F),"Demitido") -> 1158000576 | M30: jayne.torres@tutorpratica.uniasselvi.com.br | N30: =IFERROR(_xlfn.XLOOKUP(Tabela2[[#This Row],[CHAPA]],TUT.CONTROL!F:F,TUT.CONTROL!H:H),_xlfn.XLOOKUP(Tabela2[[#This Row],[CHAPA]],'REG.CONTROL'!F:F,'REG.CONTROL'!H:H)) -> TUTOR DE PRATICA (UC_1749) | O30: =IFERROR(_xlfn.XLOOKUP(Tabela2[[#This Row],[NOME DO TUTOR]],TUT.CONTROL!C:C,TUT.CONTROL!K:K),"Demitido") -> 004:00 | P30: =IF(Tabela2[[#This Row],[SITUAÇÃO]]="Demitido",IFERROR(_xlfn.XLOOKUP(Tabela2[[#This Row],[CHAPA]],TUT.CONTROL!F:F,TUT.CONTROL!V:V),_xlfn.XLOOKUP(Tabela2[[#This Row],[CHAPA]],'REG.CONTROL'!F:F,'REG.CONTROL'!V:V)),"-") -> 45919 | Q30: Desligado | R30: COREN-CE | S30: 589632
A31: =IF(Tabela2[[#This Row],[SITUAÇÃO]]="Férias",CONCATENATE(Tabela2[[#This Row],[POLO]],Tabela2[[#This Row],[CURSOS]],Tabela2[[#This Row],[CATEGORIA]]),IF(Tabela2[[#This Row],[SITUAÇÃO]]="Ativo",CONCATENATE(Tabela2[[#This Row],[POLO]],Tabela2[[#This Row],[CURSOS]],Tabela2[[#This Row],[CATEGORIA]]),"desligado")) -> Boa Vista/RR - CentroEMF-ISNENF-INS (Multidisciplinar II) | B31: =Tabela2[[#This Row],[CATEGORIA]]&Tabela2[[#This Row],[CURSOS]]&"LAP - "&Tabela2[[#This Row],[POLO]] -> ENF-INS (Multidisciplinar II)EMF-ISNLAP - Boa Vista/RR - Centro | C31: =Tabela2[[#This Row],[CATEGORIA]]&Tabela2[[#This Row],[CURSOS]] -> ENF-INS (Multidisciplinar II)EMF-ISN | D31: =IF(Tabela2[[#This Row],[SITUAÇÃO]]<>"Demitido",CONCATENATE(Tabela2[[#This Row],[POLO]],Tabela2[[#This Row],[CURSOS]]),"Substituição") -> Boa Vista/RR - CentroEMF-ISN | E31: ENF-INS (Multidisciplinar II) | F31: EMF-ISN | G31: Boa Vista/RR - Centro | H31: Cleiton Mendes Honorato Sousa | I31: =IFERROR(_xlfn.XLOOKUP(Tabela2[[#This Row],[CHAPA]],TUT.CONTROL!F:F,TUT.CONTROL!I:I),_xlfn.XLOOKUP(Tabela2[[#This Row],[CHAPA]],'REG.CONTROL'!F:F,'REG.CONTROL'!I:I)) -> Ativo | J31: =IFERROR(_xlfn.XLOOKUP(Tabela2[[#This Row],[NOME DO TUTOR]],TUT.CONTROL!C:C,TUT.CONTROL!G:G),"Atualizar") -> 46118 | K31: 95991389750 | L31: =IFERROR(_xlfn.XLOOKUP(Tabela2[[#This Row],[NOME DO TUTOR]],TUT.CONTROL!C:C,TUT.CONTROL!F:F),"Atualizar") -> 1158001184 | M31: cleiton.sousa@tutorpratica.uniasselvi.com.br | N31: =IFERROR(_xlfn.XLOOKUP(Tabela2[[#This Row],[CHAPA]],TUT.CONTROL!F:F,TUT.CONTROL!H:H),_xlfn.XLOOKUP(Tabela2[[#This Row],[CHAPA]],'REG.CONTROL'!F:F,'REG.CONTROL'!H:H)) -> TUTOR DE PRATICA (UC_1749) | O31: =IFERROR(_xlfn.XLOOKUP(Tabela2[[#This Row],[NOME DO TUTOR]],TUT.CONTROL!C:C,TUT.CONTROL!K:K),"Atualizar") -> 004:00 | P31: =IF(Tabela2[[#This Row],[SITUAÇÃO]]="Demitido",IFERROR(_xlfn.XLOOKUP(Tabela2[[#This Row],[CHAPA]],TUT.CONTROL!F:F,TUT.CONTROL!V:V),_xlfn.XLOOKUP(Tabela2[[#This Row],[CHAPA]],'REG.CONTROL'!F:F,'REG.CONTROL'!V:V)),"-") -> - | S31: 113839
A32: =IF(Tabela2[[#This Row],[SITUAÇÃO]]="Férias",CONCATENATE(Tabela2[[#This Row],[POLO]],Tabela2[[#This Row],[CURSOS]],Tabela2[[#This Row],[CATEGORIA]]),IF(Tabela2[[#This Row],[SITUAÇÃO]]="Ativo",CONCATENATE(Tabela2[[#This Row],[POLO]],Tabela2[[#This Row],[CURSOS]],Tabela2[[#This Row],[CATEGORIA]]),"desligado")) -> desligado | B32: =Tabela2[[#This Row],[CATEGORIA]]&Tabela2[[#This Row],[CURSOS]]&"LAP - "&Tabela2[[#This Row],[POLO]] -> ENF-INS (Multidisciplinar II)EMF-ISNLAP - Boa Vista/RR - Centro | C32: =Tabela2[[#This Row],[CATEGORIA]]&Tabela2[[#This Row],[CURSOS]] -> ENF-INS (Multidisciplinar II)EMF-ISN | D32: =IF(Tabela2[[#This Row],[SITUAÇÃO]]<>"Demitido",CONCATENATE(Tabela2[[#This Row],[POLO]],Tabela2[[#This Row],[CURSOS]]),"Substituição") -> Substituição | E32: ENF-INS (Multidisciplinar II) | F32: EMF-ISN | G32: Boa Vista/RR - Centro | H32: Thais Pereira Da Silva | I32: =IFERROR(_xlfn.XLOOKUP(Tabela2[[#This Row],[CHAPA]],TUT.CONTROL!F:F,TUT.CONTROL!I:I),_xlfn.XLOOKUP(Tabela2[[#This Row],[CHAPA]],'REG.CONTROL'!F:F,'REG.CONTROL'!I:I)) -> Demitido | J32: =IFERROR(_xlfn.XLOOKUP(Tabela2[[#This Row],[NOME DO TUTOR]],TUT.CONTROL!C:C,TUT.CONTROL!G:G),"Demitido") -> 45728 | K32: 95991589861 | L32: =IFERROR(_xlfn.XLOOKUP(Tabela2[[#This Row],[NOME DO TUTOR]],TUT.CONTROL!C:C,TUT.CONTROL!F:F),"Demitido") -> 1158000543 | M32: thais.siva@tutorpratica.uniasselvi.com.br | N32: =IFERROR(_xlfn.XLOOKUP(Tabela2[[#This Row],[CHAPA]],TUT.CONTROL!F:F,TUT.CONTROL!H:H),_xlfn.XLOOKUP(Tabela2[[#This Row],[CHAPA]],'REG.CONTROL'!F:F,'REG.CONTROL'!H:H)) -> TUTOR DE PRATICA (UC_1749) | O32: =IFERROR(_xlfn.XLOOKUP(Tabela2[[#This Row],[NOME DO TUTOR]],TUT.CONTROL!C:C,TUT.CONTROL!K:K),"Demitido") -> 004:00 | P32: =IF(Tabela2[[#This Row],[SITUAÇÃO]]="Demitido",IFERROR(_xlfn.XLOOKUP(Tabela2[[#This Row],[CHAPA]],TUT.CONTROL!F:F,TUT.CONTROL!V:V),_xlfn.XLOOKUP(Tabela2[[#This Row],[CHAPA]],'REG.CONTROL'!F:F,'REG.CONTROL'!V:V)),"-") -> 45901 | Q32: Desligado | R32: COREN-RR | S32: 532138
A33: =IF(Tabela2[[#This Row],[SITUAÇÃO]]="Férias",CONCATENATE(Tabela2[[#This Row],[POLO]],Tabela2[[#This Row],[CURSOS]],Tabela2[[#This Row],[CATEGORIA]]),IF(Tabela2[[#This Row],[SITUAÇÃO]]="Ativo",CONCATENATE(Tabela2[[#This Row],[POLO]],Tabela2[[#This Row],[CURSOS]],Tabela2[[#This Row],[CATEGORIA]]),"desligado")) -> São Raimundo Nonato/PIECE-ENM-ENS-ENG-EEA-GPI-CDE-OBR-SAN-TER-FSA-SLF-QUIENGMAKER+QUÍMICA E FÍSICA | B33: =Tabela2[[#This Row],[CATEGORIA]]&Tabela2[[#This Row],[CURSOS]]&"LAP - "&Tabela2[[#This Row],[POLO]] -> ENGMAKER+QUÍMICA E FÍSICAECE-ENM-ENS-ENG-EEA-GPI-CDE-OBR-SAN-TER-FSA-SLF-QUILAP - São Raimundo Nonato/PI | C33: =Tabela2[[#This Row],[CATEGORIA]]&Tabela2[[#This Row],[CURSOS]] -> ENGMAKER+QUÍMICA E FÍSICAECE-ENM-ENS-ENG-EEA-GPI-CDE-OBR-SAN-TER-FSA-SLF-QUI | D33: =IF(Tabela2[[#This Row],[SITUAÇÃO]]<>"Demitido",CONCATENATE(Tabela2[[#This Row],[POLO]],Tabela2[[#This Row],[CURSOS]]),"Substituição") -> São Raimundo Nonato/PIECE-ENM-ENS-ENG-EEA-GPI-CDE-OBR-SAN-TER-FSA-SLF-QUI | E33: ENGMAKER+QUÍMICA E FÍSICA | F33: ECE-ENM-ENS-ENG-EEA-GPI-CDE-OBR-SAN-TER-FSA-SLF-QUI | G33: São Raimundo Nonato/PI | H33: Romario Vilanova Santana | I33: =IFERROR(_xlfn.XLOOKUP(Tabela2[[#This Row],[CHAPA]],TUT.CONTROL!F:F,TUT.CONTROL!I:I),_xlfn.XLOOKUP(Tabela2[[#This Row],[CHAPA]],'REG.CONTROL'!F:F,'REG.CONTROL'!I:I)) -> Ativo | J33: =IFERROR(_xlfn.XLOOKUP(Tabela2[[#This Row],[NOME DO TUTOR]],'REG.CONTROL'!C:C,'REG.CONTROL'!G:G),"Demitido") -> 45075 | K33: (89) 98100-8289 | L33: =IFERROR(_xlfn.XLOOKUP(Tabela2[[#This Row],[NOME DO TUTOR]],'REG.CONTROL'!C:C,'REG.CONTROL'!F:F),"Demitido") -> 1004012127 | M33: romario.santana@regentedepolo.uniasselvi.com.br | N33: =IFERROR(_xlfn.XLOOKUP(Tabela2[[#This Row],[CHAPA]],TUT.CONTROL!F:F,TUT.CONTROL!H:H),_xlfn.XLOOKUP(Tabela2[[#This Row],[CHAPA]],'REG.CONTROL'!F:F,'REG.CONTROL'!H:H)) -> PROFESSOR REGENTE DE POLO (UC_1744) | O33: =IFERROR(_xlfn.XLOOKUP(Tabela2[[#This Row],[NOME DO TUTOR]],'REGENTE CH'!A:A,'REGENTE CH'!C:C),"Atualizar") -> 004:00 | P33: =IF(Tabela2[[#This Row],[SITUAÇÃO]]="Demitido",IFERROR(_xlfn.XLOOKUP(Tabela2[[#This Row],[CHAPA]],TUT.CONTROL!F:F,TUT.CONTROL!V:V),_xlfn.XLOOKUP(Tabela2[[#This Row],[CHAPA]],'REG.CONTROL'!F:F,'REG.CONTROL'!V:V)),"-") -> - | Q33: OK | R33: CREA - Piauí | S33: 38283
A34: =IF(Tabela2[[#This Row],[SITUAÇÃO]]="Férias",CONCATENATE(Tabela2[[#This Row],[POLO]],Tabela2[[#This Row],[CURSOS]],Tabela2[[#This Row],[CATEGORIA]]),IF(Tabela2[[#This Row],[SITUAÇÃO]]="Ativo",CONCATENATE(Tabela2[[#This Row],[POLO]],Tabela2[[#This Row],[CURSOS]],Tabela2[[#This Row],[CATEGORIA]]),"desligado")) -> Bom Jesus das Selvas/MAEMF-ISNENF-INS (Multidisciplinar II) | B34: =Tabela2[[#This Row],[CATEGORIA]]&Tabela2[[#This Row],[CURSOS]]&"LAP - "&Tabela2[[#This Row],[POLO]] -> ENF-INS (Multidisciplinar II)EMF-ISNLAP - Bom Jesus das Selvas/MA | C34: =Tabela2[[#This Row],[CATEGORIA]]&Tabela2[[#This Row],[CURSOS]] -> ENF-INS (Multidisciplinar II)EMF-ISN | D34: =IF(Tabela2[[#This Row],[SITUAÇÃO]]<>"Demitido",CONCATENATE(Tabela2[[#This Row],[POLO]],Tabela2[[#This Row],[CURSOS]]),"Substituição") -> Bom Jesus das Selvas/MAEMF-ISN | E34: ENF-INS (Multidisciplinar II) | F34: EMF-ISN | G34: Bom Jesus das Selvas/MA | H34: Bruno Moreira Lima | I34: =IFERROR(_xlfn.XLOOKUP(Tabela2[[#This Row],[CHAPA]],TUT.CONTROL!F:F,TUT.CONTROL!I:I),_xlfn.XLOOKUP(Tabela2[[#This Row],[CHAPA]],'REG.CONTROL'!F:F,'REG.CONTROL'!I:I)) -> Ativo | J34: =IFERROR(_xlfn.XLOOKUP(Tabela2[[#This Row],[NOME DO TUTOR]],'REG.CONTROL'!C:C,'REG.CONTROL'!G:G),"Demitido") -> 44718 | K34: 99984391865 | L34: =IFERROR(_xlfn.XLOOKUP(Tabela2[[#This Row],[NOME DO TUTOR]],'REG.CONTROL'!C:C,'REG.CONTROL'!F:F),"Demitido") -> 1004010141 | M34: bruno.lima@regentedepolo.uniasselvi.com.br | N34: =IFERROR(_xlfn.XLOOKUP(Tabela2[[#This Row],[CHAPA]],TUT.CONTROL!F:F,TUT.CONTROL!H:H),_xlfn.XLOOKUP(Tabela2[[#This Row],[CHAPA]],'REG.CONTROL'!F:F,'REG.CONTROL'!H:H)) -> PROFESSOR REGENTE DE POLO (UC_1744) | O34: =IFERROR(_xlfn.XLOOKUP(Tabela2[[#This Row],[NOME DO TUTOR]],'REGENTE CH'!A:A,'REGENTE CH'!C:C),"Atualizar") -> 004:00 | P34: =IF(Tabela2[[#This Row],[SITUAÇÃO]]="Demitido",IFERROR(_xlfn.XLOOKUP(Tabela2[[#This Row],[CHAPA]],TUT.CONTROL!F:F,TUT.CONTROL!V:V),_xlfn.XLOOKUP(Tabela2[[#This Row],[CHAPA]],'REG.CONTROL'!F:F,'REG.CONTROL'!V:V)),"-") -> - | Q34: OK | R34: COREN-MA | S34: 167145
A35: =IF(Tabela2[[#This Row],[SITUAÇÃO]]="Férias",CONCATENATE(Tabela2[[#This Row],[POLO]],Tabela2[[#This Row],[CURSOS]],Tabela2[[#This Row],[CATEGORIA]]),IF(Tabela2[[#This Row],[SITUAÇÃO]]="Ativo",CONCATENATE(Tabela2[[#This Row],[POLO]],Tabela2[[#This Row],[CURSOS]],Tabela2[[#This Row],[CATEGORIA]]),"desligado")) -> Brasília/DF - TaguatingaEMF-ISNENF-INS (Multidisciplinar II) | B35: =Tabela2[[#This Row],[CATEGORIA]]&Tabela2[[#This Row],[CURSOS]]&"LAP - "&Tabela2[[#This Row],[POLO]] -> ENF-INS (Multidisciplinar II)EMF-ISNLAP - Brasília/DF - Taguatinga | C35: =Tabela2[[#This Row],[CATEGORIA]]&Tabela2[[#This Row],[CURSOS]] -> ENF-INS (Multidisciplinar II)EMF-ISN | D35: =IF(Tabela2[[#This Row],[SITUAÇÃO]]<>"Demitido",CONCATENATE(Tabela2[[#This Row],[POLO]],Tabela2[[#This Row],[CURSOS]]),"Substituição") -> Brasília/DF - TaguatingaEMF-ISN | E35: ENF-INS (Multidisciplinar II) | F35: EMF-ISN | G35: Brasília/DF - Taguatinga | H35: Tatiane Da Silva Rodrigues | I35: =IFERROR(_xlfn.XLOOKUP(Tabela2[[#This Row],[CHAPA]],TUT.CONTROL!F:F,TUT.CONTROL!I:I),_xlfn.XLOOKUP(Tabela2[[#This Row],[CHAPA]],'REG.CONTROL'!F:F,'REG.CONTROL'!I:I)) -> Ativo | J35: =IFERROR(_xlfn.XLOOKUP(Tabela2[[#This Row],[NOME DO TUTOR]],TUT.CONTROL!C:C,TUT.CONTROL!G:G),"Demitido") -> 45754 | K35: 61992733660 | L35: =IFERROR(_xlfn.XLOOKUP(Tabela2[[#This Row],[NOME DO TUTOR]],TUT.CONTROL!C:C,TUT.CONTROL!F:F),"Demitido") -> 1158000678 | M35: tatiane.rodrigues@tutorpratica.uniasselvi.com.br | N35: =IFERROR(_xlfn.XLOOKUP(Tabela2[[#This Row],[CHAPA]],TUT.CONTROL!F:F,TUT.CONTROL!H:H),_xlfn.XLOOKUP(Tabela2[[#This Row],[CHAPA]],'REG.CONTROL'!F:F,'REG.CONTROL'!H:H)) -> TUTOR DE PRATICA (UC_1749) | O35: =IFERROR(_xlfn.XLOOKUP(Tabela2[[#This Row],[NOME DO TUTOR]],TUT.CONTROL!C:C,TUT.CONTROL!K:K),"Demitido") -> 012:00 | P35: =IF(Tabela2[[#This Row],[SITUAÇÃO]]="Demitido",IFERROR(_xlfn.XLOOKUP(Tabela2[[#This Row],[CHAPA]],TUT.CONTROL!F:F,TUT.CONTROL!V:V),_xlfn.XLOOKUP(Tabela2[[#This Row],[CHAPA]],'REG.CONTROL'!F:F,'REG.CONTROL'!V:V)),"-") -> - | Q35: OK | R35: COREN-DF | S35: 805944
A36: =IF(Tabela2[[#This Row],[SITUAÇÃO]]="Férias",CONCATENATE(Tabela2[[#This Row],[POLO]],Tabela2[[#This Row],[CURSOS]],Tabela2[[#This Row],[CATEGORIA]]),IF(Tabela2[[#This Row],[SITUAÇÃO]]="Ativo",CONCATENATE(Tabela2[[#This Row],[POLO]],Tabela2[[#This Row],[CURSOS]],Tabela2[[#This Row],[CATEGORIA]]),"desligado")) -> desligado | B36: =Tabela2[[#This Row],[CATEGORIA]]&Tabela2[[#This Row],[CURSOS]]&"LAP - "&Tabela2[[#This Row],[POLO]] -> ENF-INS (Multidisciplinar II)EMF-ISNLAP - Brejo Santo/CE | C36: =Tabela2[[#This Row],[CATEGORIA]]&Tabela2[[#This Row],[CURSOS]] -> ENF-INS (Multidisciplinar II)EMF-ISN | D36: =IF(Tabela2[[#This Row],[SITUAÇÃO]]<>"Demitido",CONCATENATE(Tabela2[[#This Row],[POLO]],Tabela2[[#This Row],[CURSOS]]),"Substituição") -> Substituição | E36: ENF-INS (Multidisciplinar II) | F36: EMF-ISN | G36: Brejo Santo/CE | H36: Ramon Martins Gomes | I36: =IFERROR(_xlfn.XLOOKUP(Tabela2[[#This Row],[CHAPA]],TUT.CONTROL!F:F,TUT.CONTROL!I:I),_xlfn.XLOOKUP(Tabela2[[#This Row],[CHAPA]],'REG.CONTROL'!F:F,'REG.CONTROL'!I:I)) -> Demitido | J36: =IFERROR(_xlfn.XLOOKUP(Tabela2[[#This Row],[NOME DO TUTOR]],'REG.CONTROL'!C:C,'REG.CONTROL'!G:G),"Demitido") -> 44782 | K36: 88996000861 | L36: =IFERROR(_xlfn.XLOOKUP(Tabela2[[#This Row],[NOME DO TUTOR]],'REG.CONTROL'!C:C,'REG.CONTROL'!F:F),"Demitido") -> 1004010498 | M36: ramon.gomes@regentedepolo.uniasselvi.com.br | N36: =IFERROR(_xlfn.XLOOKUP(Tabela2[[#This Row],[CHAPA]],TUT.CONTROL!F:F,TUT.CONTROL!H:H),_xlfn.XLOOKUP(Tabela2[[#This Row],[CHAPA]],'REG.CONTROL'!F:F,'REG.CONTROL'!H:H)) -> PROFESSOR REGENTE DE POLO (UC_1744) | O36: =IFERROR(_xlfn.XLOOKUP(Tabela2[[#This Row],[NOME DO TUTOR]],'REGENTE CH'!A:A,'REGENTE CH'!C:C),"Atualizar") -> 004:00 | P36: =IF(Tabela2[[#This Row],[SITUAÇÃO]]="Demitido",IFERROR(_xlfn.XLOOKUP(Tabela2[[#This Row],[CHAPA]],TUT.CONTROL!F:F,TUT.CONTROL!V:V),_xlfn.XLOOKUP(Tabela2[[#This Row],[CHAPA]],'REG.CONTROL'!F:F,'REG.CONTROL'!V:V)),"-") -> 46072 | Q36: Desligado | R36: COREN-CE | S36: 307964
A37: =IF(Tabela2[[#This Row],[SITUAÇÃO]]="Férias",CONCATENATE(Tabela2[[#This Row],[POLO]],Tabela2[[#This Row],[CURSOS]],Tabela2[[#This Row],[CATEGORIA]]),IF(Tabela2[[#This Row],[SITUAÇÃO]]="Ativo",CONCATENATE(Tabela2[[#This Row],[POLO]],Tabela2[[#This Row],[CURSOS]],Tabela2[[#This Row],[CATEGORIA]]),"desligado")) -> Breu Branco/PAEMF-ISNENF-INS (Multidisciplinar II) | B37: =Tabela2[[#This Row],[CATEGORIA]]&Tabela2[[#This Row],[CURSOS]]&"LAP - "&Tabela2[[#This Row],[POLO]] -> ENF-INS (Multidisciplinar II)EMF-ISNLAP - Breu Branco/PA | C37: =Tabela2[[#This Row],[CATEGORIA]]&Tabela2[[#This Row],[CURSOS]] -> ENF-INS (Multidisciplinar II)EMF-ISN | D37: =IF(Tabela2[[#This Row],[SITUAÇÃO]]<>"Demitido",CONCATENATE(Tabela2[[#This Row],[POLO]],Tabela2[[#This Row],[CURSOS]]),"Substituição") -> Breu Branco/PAEMF-ISN | E37: ENF-INS (Multidisciplinar II) | F37: EMF-ISN | G37: Breu Branco/PA | H37: Eduarda Teixeira Wisoski | I37: =IFERROR(_xlfn.XLOOKUP(Tabela2[[#This Row],[CHAPA]],TUT.CONTROL!F:F,TUT.CONTROL!I:I),_xlfn.XLOOKUP(Tabela2[[#This Row],[CHAPA]],'REG.CONTROL'!F:F,'REG.CONTROL'!I:I)) -> Ativo | J37: =IFERROR(_xlfn.XLOOKUP(Tabela2[[#This Row],[NOME DO TUTOR]],TUT.CONTROL!C:C,TUT.CONTROL!G:G),"Demitido") -> 45733 | K37: 9499553635 | L37: =IFERROR(_xlfn.XLOOKUP(Tabela2[[#This Row],[NOME DO TUTOR]],TUT.CONTROL!C:C,TUT.CONTROL!F:F),"Demitido") -> 1158000554 | M37: eduarda.wisoski@tutorpratica.uniasselvi.com.br | N37: =IFERROR(_xlfn.XLOOKUP(Tabela2[[#This Row],[CHAPA]],TUT.CONTROL!F:F,TUT.CONTROL!H:H),_xlfn.XLOOKUP(Tabela2[[#This Row],[CHAPA]],'REG.CONTROL'!F:F,'REG.CONTROL'!H:H)) -> TUTOR DE PRATICA (UC_1749) | O37: =IFERROR(_xlfn.XLOOKUP(Tabela2[[#This Row],[NOME DO TUTOR]],TUT.CONTROL!C:C,TUT.CONTROL!K:K),"Demitido") -> 004:00 | P37: =IF(Tabela2[[#This Row],[SITUAÇÃO]]="Demitido",IFERROR(_xlfn.XLOOKUP(Tabela2[[#This Row],[CHAPA]],TUT.CONTROL!F:F,TUT.CONTROL!V:V),_xlfn.XLOOKUP(Tabela2[[#This Row],[CHAPA]],'REG.CONTROL'!F:F,'REG.CONTROL'!V:V)),"-") -> - | Q37: OK | R37: COREN-PA | S37: 925823
A38: =IF(Tabela2[[#This Row],[SITUAÇÃO]]="Férias",CONCATENATE(Tabela2[[#This Row],[POLO]],Tabela2[[#This Row],[CURSOS]],Tabela2[[#This Row],[CATEGORIA]]),IF(Tabela2[[#This Row],[SITUAÇÃO]]="Ativo",CONCATENATE(Tabela2[[#This Row],[POLO]],Tabela2[[#This Row],[CURSOS]],Tabela2[[#This Row],[CATEGORIA]]),"desligado")) -> Brusque/SCEMF-ISNENF-INS (Multidisciplinar II) | B38: =Tabela2[[#This Row],[CATEGORIA]]&Tabela2[[#This Row],[CURSOS]]&"LAP - "&Tabela2[[#This Row],[POLO]] -> ENF-INS (Multidisciplinar II)EMF-ISNLAP - Brusque/SC | C38: =Tabela2[[#This Row],[CATEGORIA]]&Tabela2[[#This Row],[CURSOS]] -> ENF-INS (Multidisciplinar II)EMF-ISN | D38: =IF(Tabela2[[#This Row],[SITUAÇÃO]]<>"Demitido",CONCATENATE(Tabela2[[#This Row],[POLO]],Tabela2[[#This Row],[CURSOS]]),"Substituição") -> Brusque/SCEMF-ISN | E38: ENF-INS (Multidisciplinar II) | F38: EMF-ISN | G38: Brusque/SC | H38: Fabio Junior da Rosa | I38: =IFERROR(_xlfn.XLOOKUP(Tabela2[[#This Row],[CHAPA]],TUT.CONTROL!F:F,TUT.CONTROL!I:I),_xlfn.XLOOKUP(Tabela2[[#This Row],[CHAPA]],'REG.CONTROL'!F:F,'REG.CONTROL'!I:I)) -> Ativo | J38: =IFERROR(_xlfn.XLOOKUP(Tabela2[[#This Row],[NOME DO TUTOR]],'REG.CONTROL'!C:C,'REG.CONTROL'!G:G),"Demitido") -> 44809 | K38: 48 9173-6234 | L38: =IFERROR(_xlfn.XLOOKUP(Tabela2[[#This Row],[NOME DO TUTOR]],'REG.CONTROL'!C:C,'REG.CONTROL'!F:F),"Demitido") -> 1004010691 | M38: fabio.rosa@regentedepolo.uniasselvi.com.br | N38: =IFERROR(_xlfn.XLOOKUP(Tabela2[[#This Row],[CHAPA]],TUT.CONTROL!F:F,TUT.CONTROL!H:H),_xlfn.XLOOKUP(Tabela2[[#This Row],[CHAPA]],'REG.CONTROL'!F:F,'REG.CONTROL'!H:H)) -> PROFESSOR REGENTE DE POLO (UC_1744) | O38: =IFERROR(_xlfn.XLOOKUP(Tabela2[[#This Row],[NOME DO TUTOR]],'REGENTE CH'!A:A,'REGENTE CH'!C:C),"Atualizar") -> 004:00 | P38: =IF(Tabela2[[#This Row],[SITUAÇÃO]]="Demitido",IFERROR(_xlfn.XLOOKUP(Tabela2[[#This Row],[CHAPA]],TUT.CONTROL!F:F,TUT.CONTROL!V:V),_xlfn.XLOOKUP(Tabela2[[#This Row],[CHAPA]],'REG.CONTROL'!F:F,'REG.CONTROL'!V:V)),"-") -> - | Q38: OK | R38: COREN-SC | S38: 361521
A39: =IF(Tabela2[[#This Row],[SITUAÇÃO]]="Férias",CONCATENATE(Tabela2[[#This Row],[POLO]],Tabela2[[#This Row],[CURSOS]],Tabela2[[#This Row],[CATEGORIA]]),IF(Tabela2[[#This Row],[SITUAÇÃO]]="Ativo",CONCATENATE(Tabela2[[#This Row],[POLO]],Tabela2[[#This Row],[CURSOS]],Tabela2[[#This Row],[CATEGORIA]]),"desligado")) -> Buriticupu/MAEMF-ISNENF-INS (Multidisciplinar II) | B39: =Tabela2[[#This Row],[CATEGORIA]]&Tabela2[[#This Row],[CURSOS]]&"LAP - "&Tabela2[[#This Row],[POLO]] -> ENF-INS (Multidisciplinar II)EMF-ISNLAP - Buriticupu/MA | C39: =Tabela2[[#This Row],[CATEGORIA]]&Tabela2[[#This Row],[CURSOS]] -> ENF-INS (Multidisciplinar II)EMF-ISN | D39: =IF(Tabela2[[#This Row],[SITUAÇÃO]]<>"Demitido",CONCATENATE(Tabela2[[#This Row],[POLO]],Tabela2[[#This Row],[CURSOS]]),"Substituição") -> Buriticupu/MAEMF-ISN | E39: ENF-INS (Multidisciplinar II) | F39: EMF-ISN | G39: Buriticupu/MA | H39: Thayanna Karen Pires Muniz | I39: =IFERROR(_xlfn.XLOOKUP(Tabela2[[#This Row],[CHAPA]],TUT.CONTROL!F:F,TUT.CONTROL!I:I),_xlfn.XLOOKUP(Tabela2[[#This Row],[CHAPA]],'REG.CONTROL'!F:F,'REG.CONTROL'!I:I)) -> Ativo | J39: =IFERROR(_xlfn.XLOOKUP(Tabela2[[#This Row],[NOME DO TUTOR]],'REG.CONTROL'!C:C,'REG.CONTROL'!G:G),"Demitido") -> 45427 | K39: 98 8505-4070 | L39: =IFERROR(_xlfn.XLOOKUP(Tabela2[[#This Row],[NOME DO TUTOR]],'REG.CONTROL'!C:C,'REG.CONTROL'!F:F),"Demitido") -> 1004014968 | M39: thayanna.valadao@regentedepolo.uniasselvi.com.br | N39: =IFERROR(_xlfn.XLOOKUP(Tabela2[[#This Row],[CHAPA]],TUT.CONTROL!F:F,TUT.CONTROL!H:H),_xlfn.XLOOKUP(Tabela2[[#This Row],[CHAPA]],'REG.CONTROL'!F:F,'REG.CONTROL'!H:H)) -> PROFESSOR REGENTE DE POLO (UC_1744) | O39: =IFERROR(_xlfn.XLOOKUP(Tabela2[[#This Row],[NOME DO TUTOR]],'REGENTE CH'!A:A,'REGENTE CH'!C:C),"Atualizar") -> 004:00 | P39: =IF(Tabela2[[#This Row],[SITUAÇÃO]]="Demitido",IFERROR(_xlfn.XLOOKUP(Tabela2[[#This Row],[CHAPA]],TUT.CONTROL!F:F,TUT.CONTROL!V:V),_xlfn.XLOOKUP(Tabela2[[#This Row],[CHAPA]],'REG.CONTROL'!F:F,'REG.CONTROL'!V:V)),"-") -> - | Q39: OK | R39: COREN-MA | S39: 649174
A40: =IF(Tabela2[[#This Row],[SITUAÇÃO]]="Férias",CONCATENATE(Tabela2[[#This Row],[POLO]],Tabela2[[#This Row],[CURSOS]],Tabela2[[#This Row],[CATEGORIA]]),IF(Tabela2[[#This Row],[SITUAÇÃO]]="Ativo",CONCATENATE(Tabela2[[#This Row],[POLO]],Tabela2[[#This Row],[CURSOS]],Tabela2[[#This Row],[CATEGORIA]]),"desligado")) -> desligado | B40: =Tabela2[[#This Row],[CATEGORIA]]&Tabela2[[#This Row],[CURSOS]]&"LAP - "&Tabela2[[#This Row],[POLO]] -> ENF-INS (Multidisciplinar II)EMF-ISNLAP - Cabo Frio/RJ | C40: =Tabela2[[#This Row],[CATEGORIA]]&Tabela2[[#This Row],[CURSOS]] -> ENF-INS (Multidisciplinar II)EMF-ISN | D40: =IF(Tabela2[[#This Row],[SITUAÇÃO]]<>"Demitido",CONCATENATE(Tabela2[[#This Row],[POLO]],Tabela2[[#This Row],[CURSOS]]),"Substituição") -> Substituição | E40: ENF-INS (Multidisciplinar II) | F40: EMF-ISN | G40: Cabo Frio/RJ | H40: Marcelo De Lemos Goncalves Lassala | I40: =IFERROR(_xlfn.XLOOKUP(Tabela2[[#This Row],[CHAPA]],TUT.CONTROL!F:F,TUT.CONTROL!I:I),_xlfn.XLOOKUP(Tabela2[[#This Row],[CHAPA]],'REG.CONTROL'!F:F,'REG.CONTROL'!I:I)) -> Demitido | J40: =IFERROR(_xlfn.XLOOKUP(Tabela2[[#This Row],[NOME DO TUTOR]],'REG.CONTROL'!C:C,'REG.CONTROL'!G:G),"Demitido") -> 44986 | K40: 21975063191 | L40: =IFERROR(_xlfn.XLOOKUP(Tabela2[[#This Row],[NOME DO TUTOR]],'REG.CONTROL'!C:C,'REG.CONTROL'!F:F),"Demitido") -> 1004011474 | M40: marcelo.lassala@regentedepolo.uniasselvi.com.br | N40: =IFERROR(_xlfn.XLOOKUP(Tabela2[[#This Row],[CHAPA]],TUT.CONTROL!F:F,TUT.CONTROL!H:H),_xlfn.XLOOKUP(Tabela2[[#This Row],[CHAPA]],'REG.CONTROL'!F:F,'REG.CONTROL'!H:H)) -> PROFESSOR REGENTE DE POLO (UC_1744) | O40: =IFERROR(_xlfn.XLOOKUP(Tabela2[[#This Row],[NOME DO TUTOR]],'REGENTE CH'!A:A,'REGENTE CH'!C:C),"Atualizar") -> 008:00 | P40: =IF(Tabela2[[#This Row],[SITUAÇÃO]]="Demitido",IFERROR(_xlfn.XLOOKUP(Tabela2[[#This Row],[CHAPA]],TUT.CONTROL!F:F,TUT.CONTROL!V:V),_xlfn.XLOOKUP(Tabela2[[#This Row],[CHAPA]],'REG.CONTROL'!F:F,'REG.CONTROL'!V:V)),"-") -> 46063 | Q40: Desligado | R40: COREN-RJ | S40: 79395
A41: =IF(Tabela2[[#This Row],[SITUAÇÃO]]="Férias",CONCATENATE(Tabela2[[#This Row],[POLO]],Tabela2[[#This Row],[CURSOS]],Tabela2[[#This Row],[CATEGORIA]]),IF(Tabela2[[#This Row],[SITUAÇÃO]]="Ativo",CONCATENATE(Tabela2[[#This Row],[POLO]],Tabela2[[#This Row],[CURSOS]],Tabela2[[#This Row],[CATEGORIA]]),"desligado")) -> Cáceres/MTEMF-ISNENF-INS (Multidisciplinar II) | B41: =Tabela2[[#This Row],[CATEGORIA]]&Tabela2[[#This Row],[CURSOS]]&"LAP - "&Tabela2[[#This Row],[POLO]] -> ENF-INS (Multidisciplinar II)EMF-ISNLAP - Cáceres/MT | C41: =Tabela2[[#This Row],[CATEGORIA]]&Tabela2[[#This Row],[CURSOS]] -> ENF-INS (Multidisciplinar II)EMF-ISN | D41: =IF(Tabela2[[#This Row],[SITUAÇÃO]]<>"Demitido",CONCATENATE(Tabela2[[#This Row],[POLO]],Tabela2[[#This Row],[CURSOS]]),"Substituição") -> Cáceres/MTEMF-ISN | E41: ENF-INS (Multidisciplinar II) | F41: EMF-ISN | G41: Cáceres/MT | H41: Vanessa Accacio Gomes Lopes | I41: =IFERROR(_xlfn.XLOOKUP(Tabela2[[#This Row],[CHAPA]],TUT.CONTROL!F:F,TUT.CONTROL!I:I),_xlfn.XLOOKUP(Tabela2[[#This Row],[CHAPA]],'REG.CONTROL'!F:F,'REG.CONTROL'!I:I)) -> Ativo | J41: =IFERROR(_xlfn.XLOOKUP(Tabela2[[#This Row],[NOME DO TUTOR]],'REG.CONTROL'!C:C,'REG.CONTROL'!G:G),"Demitido") -> 45027 | K41: 65996323821 | L41: =IFERROR(_xlfn.XLOOKUP(Tabela2[[#This Row],[NOME DO TUTOR]],'REG.CONTROL'!C:C,'REG.CONTROL'!F:F),"Demitido") -> 1004011797 | M41: vanessa.lopes@regentedepolo.uniasselvi.com.br | N41: =IFERROR(_xlfn.XLOOKUP(Tabela2[[#This Row],[CHAPA]],TUT.CONTROL!F:F,TUT.CONTROL!H:H),_xlfn.XLOOKUP(Tabela2[[#This Row],[CHAPA]],'REG.CONTROL'!F:F,'REG.CONTROL'!H:H)) -> PROFESSOR REGENTE DE POLO (UC_1744) | O41: =IFERROR(_xlfn.XLOOKUP(Tabela2[[#This Row],[NOME DO TUTOR]],'REGENTE CH'!A:A,'REGENTE CH'!C:C),"Atualizar") -> 004:00 | P41: =IF(Tabela2[[#This Row],[SITUAÇÃO]]="Demitido",IFERROR(_xlfn.XLOOKUP(Tabela2[[#This Row],[CHAPA]],TUT.CONTROL!F:F,TUT.CONTROL!V:V),_xlfn.XLOOKUP(Tabela2[[#This Row],[CHAPA]],'REG.CONTROL'!F:F,'REG.CONTROL'!V:V)),"-") -> - | Q41: OK | R41: COREN-MT | S41: 437356
A42: =IF(Tabela2[[#This Row],[SITUAÇÃO]]="Férias",CONCATENATE(Tabela2[[#This Row],[POLO]],Tabela2[[#This Row],[CURSOS]],Tabela2[[#This Row],[CATEGORIA]]),IF(Tabela2[[#This Row],[SITUAÇÃO]]="Ativo",CONCATENATE(Tabela2[[#This Row],[POLO]],Tabela2[[#This Row],[CURSOS]],Tabela2[[#This Row],[CATEGORIA]]),"desligado")) -> Camaquã/RSEMF-ISNENF-INS (Multidisciplinar II) | B42: =Tabela2[[#This Row],[CATEGORIA]]&Tabela2[[#This Row],[CURSOS]]&"LAP - "&Tabela2[[#This Row],[POLO]] -> ENF-INS (Multidisciplinar II)EMF-ISNLAP - Camaquã/RS | C42: =Tabela2[[#This Row],[CATEGORIA]]&Tabela2[[#This Row],[CURSOS]] -> ENF-INS (Multidisciplinar II)EMF-ISN | D42: =IF(Tabela2[[#This Row],[SITUAÇÃO]]<>"Demitido",CONCATENATE(Tabela2[[#This Row],[POLO]],Tabela2[[#This Row],[CURSOS]]),"Substituição") -> Camaquã/RSEMF-ISN | E42: ENF-INS (Multidisciplinar II) | F42: EMF-ISN | G42: Camaquã/RS | H42: Thaylane De Mattos Centeno | I42: =IFERROR(_xlfn.XLOOKUP(Tabela2[[#This Row],[CHAPA]],TUT.CONTROL!F:F,TUT.CONTROL!I:I),_xlfn.XLOOKUP(Tabela2[[#This Row],[CHAPA]],'REG.CONTROL'!F:F,'REG.CONTROL'!I:I)) -> Ativo | J42: =IFERROR(_xlfn.XLOOKUP(Tabela2[[#This Row],[NOME DO TUTOR]],'REG.CONTROL'!C:C,'REG.CONTROL'!G:G),"Demitido") -> 45082 | K42: 51995335917 | L42: =IFERROR(_xlfn.XLOOKUP(Tabela2[[#This Row],[NOME DO TUTOR]],'REG.CONTROL'!C:C,'REG.CONTROL'!F:F),"Demitido") -> 1004012240 | M42: thaylane.centeno@regentedepolo.uniasselvi.com.br | N42: =IFERROR(_xlfn.XLOOKUP(Tabela2[[#This Row],[CHAPA]],TUT.CONTROL!F:F,TUT.CONTROL!H:H),_xlfn.XLOOKUP(Tabela2[[#This Row],[CHAPA]],'REG.CONTROL'!F:F,'REG.CONTROL'!H:H)) -> PROFESSOR REGENTE DE POLO (UC_1744) | O42: =IFERROR(_xlfn.XLOOKUP(Tabela2[[#This Row],[NOME DO TUTOR]],'REGENTE CH'!A:A,'REGENTE CH'!C:C),"Atualizar") -> 004:00 | P42: =IF(Tabela2[[#This Row],[SITUAÇÃO]]="Demitido",IFERROR(_xlfn.XLOOKUP(Tabela2[[#This Row],[CHAPA]],TUT.CONTROL!F:F,TUT.CONTROL!V:V),_xlfn.XLOOKUP(Tabela2[[#This Row],[CHAPA]],'REG.CONTROL'!F:F,'REG.CONTROL'!V:V)),"-") -> - | Q42: OK | R42: COREN-RS | S42: 473525
A43: =IF(Tabela2[[#This Row],[SITUAÇÃO]]="Férias",CONCATENATE(Tabela2[[#This Row],[POLO]],Tabela2[[#This Row],[CURSOS]],Tabela2[[#This Row],[CATEGORIA]]),IF(Tabela2[[#This Row],[SITUAÇÃO]]="Ativo",CONCATENATE(Tabela2[[#This Row],[POLO]],Tabela2[[#This Row],[CURSOS]],Tabela2[[#This Row],[CATEGORIA]]),"desligado")) -> Cametá/PAEMF-ISNENF-INS (Multidisciplinar II) | B43: =Tabela2[[#This Row],[CATEGORIA]]&Tabela2[[#This Row],[CURSOS]]&"LAP - "&Tabela2[[#This Row],[POLO]] -> ENF-INS (Multidisciplinar II)EMF-ISNLAP - Cametá/PA | C43: =Tabela2[[#This Row],[CATEGORIA]]&Tabela2[[#This Row],[CURSOS]] -> ENF-INS (Multidisciplinar II)EMF-ISN | D43: =IF(Tabela2[[#This Row],[SITUAÇÃO]]<>"Demitido",CONCATENATE(Tabela2[[#This Row],[POLO]],Tabela2[[#This Row],[CURSOS]]),"Substituição") -> Cametá/PAEMF-ISN | E43: ENF-INS (Multidisciplinar II) | F43: EMF-ISN | G43: Cametá/PA | H43: Marcelle Patricia Oliveira Pinto | I43: =IFERROR(_xlfn.XLOOKUP(Tabela2[[#This Row],[CHAPA]],TUT.CONTROL!F:F,TUT.CONTROL!I:I),_xlfn.XLOOKUP(Tabela2[[#This Row],[CHAPA]],'REG.CONTROL'!F:F,'REG.CONTROL'!I:I)) -> Ativo | J43: =IFERROR(_xlfn.XLOOKUP(Tabela2[[#This Row],[NOME DO TUTOR]],'REG.CONTROL'!C:C,'REG.CONTROL'!G:G),"Demitido") -> 45513 | K43: 91 9123-2037 | L43: =IFERROR(_xlfn.XLOOKUP(Tabela2[[#This Row],[NOME DO TUTOR]],'REG.CONTROL'!C:C,'REG.CONTROL'!F:F),"Demitido") -> 1004015342 | M43: marcelle.pinto@regentedepolo.uniasselvi.com.br | N43: =IFERROR(_xlfn.XLOOKUP(Tabela2[[#This Row],[CHAPA]],TUT.CONTROL!F:F,TUT.CONTROL!H:H),_xlfn.XLOOKUP(Tabela2[[#This Row],[CHAPA]],'REG.CONTROL'!F:F,'REG.CONTROL'!H:H)) -> PROFESSOR REGENTE DE POLO (UC_1744) | O43: =IFERROR(_xlfn.XLOOKUP(Tabela2[[#This Row],[NOME DO TUTOR]],'REGENTE CH'!A:A,'REGENTE CH'!C:C),"Atualizar") -> 004:00 | P43: =IF(Tabela2[[#This Row],[SITUAÇÃO]]="Demitido",IFERROR(_xlfn.XLOOKUP(Tabela2[[#This Row],[CHAPA]],TUT.CONTROL!F:F,TUT.CONTROL!V:V),_xlfn.XLOOKUP(Tabela2[[#This Row],[CHAPA]],'REG.CONTROL'!F:F,'REG.CONTROL'!V:V)),"-") -> - | Q43: OK | R43: COREN-PA | S43: 415.9
A44: =IF(Tabela2[[#This Row],[SITUAÇÃO]]="Férias",CONCATENATE(Tabela2[[#This Row],[POLO]],Tabela2[[#This Row],[CURSOS]],Tabela2[[#This Row],[CATEGORIA]]),IF(Tabela2[[#This Row],[SITUAÇÃO]]="Ativo",CONCATENATE(Tabela2[[#This Row],[POLO]],Tabela2[[#This Row],[CURSOS]],Tabela2[[#This Row],[CATEGORIA]]),"desligado")) -> Campina Grande/PBEMF-ISNENF-INS (Multidisciplinar II) | B44: =Tabela2[[#This Row],[CATEGORIA]]&Tabela2[[#This Row],[CURSOS]]&"LAP - "&Tabela2[[#This Row],[POLO]] -> ENF-INS (Multidisciplinar II)EMF-ISNLAP - Campina Grande/PB | C44: =Tabela2[[#This Row],[CATEGORIA]]&Tabela2[[#This Row],[CURSOS]] -> ENF-INS (Multidisciplinar II)EMF-ISN | D44: =IF(Tabela2[[#This Row],[SITUAÇÃO]]<>"Demitido",CONCATENATE(Tabela2[[#This Row],[POLO]],Tabela2[[#This Row],[CURSOS]]),"Substituição") -> Campina Grande/PBEMF-ISN | E44: ENF-INS (Multidisciplinar II) | F44: EMF-ISN | G44: Campina Grande/PB | H44: Cassandra Alves De Oliveira Silva | I44: =IFERROR(_xlfn.XLOOKUP(Tabela2[[#This Row],[CHAPA]],TUT.CONTROL!F:F,TUT.CONTROL!I:I),_xlfn.XLOOKUP(Tabela2[[#This Row],[CHAPA]],'REG.CONTROL'!F:F,'REG.CONTROL'!I:I)) -> Ativo | J44: =IFERROR(_xlfn.XLOOKUP(Tabela2[[#This Row],[NOME DO TUTOR]],TUT.CONTROL!C:C,TUT.CONTROL!G:G),"Demitido") -> 45873 | K44: 83999857089 | L44: =IFERROR(_xlfn.XLOOKUP(Tabela2[[#This Row],[NOME DO TUTOR]],TUT.CONTROL!C:C,TUT.CONTROL!F:F),"Demitido") -> 1158000825 | M44: cassandra.silva@tutorpratica.uniasselvi.com.br | N44: =IFERROR(_xlfn.XLOOKUP(Tabela2[[#This Row],[CHAPA]],TUT.CONTROL!F:F,TUT.CONTROL!H:H),_xlfn.XLOOKUP(Tabela2[[#This Row],[CHAPA]],'REG.CONTROL'!F:F,'REG.CONTROL'!H:H)) -> TUTOR DE PRATICA (UC_1749) | O44: =IFERROR(_xlfn.XLOOKUP(Tabela2[[#This Row],[NOME DO TUTOR]],TUT.CONTROL!C:C,TUT.CONTROL!K:K),"Demitido") -> 004:00 | P44: =IF(Tabela2[[#This Row],[SITUAÇÃO]]="Demitido",IFERROR(_xlfn.XLOOKUP(Tabela2[[#This Row],[CHAPA]],TUT.CONTROL!F:F,TUT.CONTROL!V:V),_xlfn.XLOOKUP(Tabela2[[#This Row],[CHAPA]],'REG.CONTROL'!F:F,'REG.CONTROL'!V:V)),"-") -> - | Q44: OK | R44: COREN-PB | S44: 541379
A45: =IF(Tabela2[[#This Row],[SITUAÇÃO]]="Férias",CONCATENATE(Tabela2[[#This Row],[POLO]],Tabela2[[#This Row],[CURSOS]],Tabela2[[#This Row],[CATEGORIA]]),IF(Tabela2[[#This Row],[SITUAÇÃO]]="Ativo",CONCATENATE(Tabela2[[#This Row],[POLO]],Tabela2[[#This Row],[CURSOS]],Tabela2[[#This Row],[CATEGORIA]]),"desligado")) -> desligado | B45: =Tabela2[[#This Row],[CATEGORIA]]&Tabela2[[#This Row],[CURSOS]]&"LAP - "&Tabela2[[#This Row],[POLO]] -> ENF-INS (Multidisciplinar II)EMF-ISNLAP - Campinas/SP - Abolição | C45: =Tabela2[[#This Row],[CATEGORIA]]&Tabela2[[#This Row],[CURSOS]] -> ENF-INS (Multidisciplinar II)EMF-ISN | D45: =IF(Tabela2[[#This Row],[SITUAÇÃO]]<>"Demitido",CONCATENATE(Tabela2[[#This Row],[POLO]],Tabela2[[#This Row],[CURSOS]]),"Substituição") -> Substituição | E45: ENF-INS (Multidisciplinar II) | F45: EMF-ISN | G45: Campinas/SP - Abolição | H45: Julia Gonzalez Celestino | I45: =IFERROR(_xlfn.XLOOKUP(Tabela2[[#This Row],[CHAPA]],TUT.CONTROL!F:F,TUT.CONTROL!I:I),_xlfn.XLOOKUP(Tabela2[[#This Row],[CHAPA]],'REG.CONTROL'!F:F,'REG.CONTROL'!I:I)) -> Demitido | J45: =IFERROR(_xlfn.XLOOKUP(Tabela2[[#This Row],[NOME DO TUTOR]],TUT.CONTROL!C:C,TUT.CONTROL!G:G),"Demitido") -> 45817 | K45: 19993660409 | L45: =IFERROR(_xlfn.XLOOKUP(Tabela2[[#This Row],[NOME DO TUTOR]],TUT.CONTROL!C:C,TUT.CONTROL!F:F),"Demitido") -> 1158000749 | M45: julia.celestino@tutorpratica.uniasselvi.com.br | N45: =IFERROR(_xlfn.XLOOKUP(Tabela2[[#This Row],[CHAPA]],TUT.CONTROL!F:F,TUT.CONTROL!H:H),_xlfn.XLOOKUP(Tabela2[[#This Row],[CHAPA]],'REG.CONTROL'!F:F,'REG.CONTROL'!H:H)) -> TUTOR DE PRATICA (UC_1749) | O45: =IFERROR(_xlfn.XLOOKUP(Tabela2[[#This Row],[NOME DO TUTOR]],TUT.CONTROL!C:C,TUT.CONTROL!K:K),"Demitido") -> 004:00 | P45: =IF(Tabela2[[#This Row],[SITUAÇÃO]]="Demitido",IFERROR(_xlfn.XLOOKUP(Tabela2[[#This Row],[CHAPA]],TUT.CONTROL!F:F,TUT.CONTROL!V:V),_xlfn.XLOOKUP(Tabela2[[#This Row],[CHAPA]],'REG.CONTROL'!F:F,'REG.CONTROL'!V:V)),"-") -> 45974 | Q45: Desligado
A46: =IF(Tabela2[[#This Row],[SITUAÇÃO]]="Férias",CONCATENATE(Tabela2[[#This Row],[POLO]],Tabela2[[#This Row],[CURSOS]],Tabela2[[#This Row],[CATEGORIA]]),IF(Tabela2[[#This Row],[SITUAÇÃO]]="Ativo",CONCATENATE(Tabela2[[#This Row],[POLO]],Tabela2[[#This Row],[CURSOS]],Tabela2[[#This Row],[CATEGORIA]]),"desligado")) -> desligado | B46: =Tabela2[[#This Row],[CATEGORIA]]&Tabela2[[#This Row],[CURSOS]]&"LAP - "&Tabela2[[#This Row],[POLO]] -> ENF-INS (Multidisciplinar II)EMF-ISNLAP - Campinas/SP - Abolição | C46: =Tabela2[[#This Row],[CATEGORIA]]&Tabela2[[#This Row],[CURSOS]] -> ENF-INS (Multidisciplinar II)EMF-ISN | D46: =IF(Tabela2[[#This Row],[SITUAÇÃO]]<>"Demitido",CONCATENATE(Tabela2[[#This Row],[POLO]],Tabela2[[#This Row],[CURSOS]]),"Substituição") -> Substituição | E46: ENF-INS (Multidisciplinar II) | F46: EMF-ISN | G46: Campinas/SP - Abolição | H46: Patricia Vitoria Basaglia Lopes | I46: =IFERROR(_xlfn.XLOOKUP(Tabela2[[#This Row],[CHAPA]],TUT.CONTROL!F:F,TUT.CONTROL!I:I),_xlfn.XLOOKUP(Tabela2[[#This Row],[CHAPA]],'REG.CONTROL'!F:F,'REG.CONTROL'!I:I)) -> Demitido | J46: =IFERROR(_xlfn.XLOOKUP(Tabela2[[#This Row],[NOME DO TUTOR]],TUT.CONTROL!C:C,TUT.CONTROL!G:G),"Demitido") -> 45971 | K46: 19982105596 | L46: =IFERROR(_xlfn.XLOOKUP(Tabela2[[#This Row],[NOME DO TUTOR]],TUT.CONTROL!C:C,TUT.CONTROL!F:F),"Demitido") -> 1158001057 | M46: patricia.lopes@tutorpratica.uniasselvi.com.br | N46: =IFERROR(_xlfn.XLOOKUP(Tabela2[[#This Row],[CHAPA]],TUT.CONTROL!F:F,TUT.CONTROL!H:H),_xlfn.XLOOKUP(Tabela2[[#This Row],[CHAPA]],'REG.CONTROL'!F:F,'REG.CONTROL'!H:H)) -> TUTOR DE PRATICA (UC_1749) | O46: =IFERROR(_xlfn.XLOOKUP(Tabela2[[#This Row],[NOME DO TUTOR]],TUT.CONTROL!C:C,TUT.CONTROL!K:K),"Demitido") -> 004:00 | P46: =IF(Tabela2[[#This Row],[SITUAÇÃO]]="Demitido",IFERROR(_xlfn.XLOOKUP(Tabela2[[#This Row],[CHAPA]],TUT.CONTROL!F:F,TUT.CONTROL!V:V),_xlfn.XLOOKUP(Tabela2[[#This Row],[CHAPA]],'REG.CONTROL'!F:F,'REG.CONTROL'!V:V)),"-") -> 46118 | R46: COREN - São Paulo | S46: 660894
A47: =IF(Tabela2[[#This Row],[SITUAÇÃO]]="Férias",CONCATENATE(Tabela2[[#This Row],[POLO]],Tabela2[[#This Row],[CURSOS]],Tabela2[[#This Row],[CATEGORIA]]),IF(Tabela2[[#This Row],[SITUAÇÃO]]="Ativo",CONCATENATE(Tabela2[[#This Row],[POLO]],Tabela2[[#This Row],[CURSOS]],Tabela2[[#This Row],[CATEGORIA]]),"desligado")) -> desligado | B47: =Tabela2[[#This Row],[CATEGORIA]]&Tabela2[[#This Row],[CURSOS]]&"LAP - "&Tabela2[[#This Row],[POLO]] -> ENF-INS (Multidisciplinar II)EMF-ISNLAP - Campo Grande/MS - Terminal Morenão | C47: =Tabela2[[#This Row],[CATEGORIA]]&Tabela2[[#This Row],[CURSOS]] -> ENF-INS (Multidisciplinar II)EMF-ISN | D47: =IF(Tabela2[[#This Row],[SITUAÇÃO]]<>"Demitido",CONCATENATE(Tabela2[[#This Row],[POLO]],Tabela2[[#This Row],[CURSOS]]),"Substituição") -> Substituição | E47: ENF-INS (Multidisciplinar II) | F47: EMF-ISN | G47: Campo Grande/MS - Terminal Morenão | H47: Sara Jheniffer De Souza Lima | I47: =IFERROR(_xlfn.XLOOKUP(Tabela2[[#This Row],[CHAPA]],TUT.CONTROL!F:F,TUT.CONTROL!I:I),_xlfn.XLOOKUP(Tabela2[[#This Row],[CHAPA]],'REG.CONTROL'!F:F,'REG.CONTROL'!I:I)) -> Demitido | J47: =IFERROR(_xlfn.XLOOKUP(Tabela2[[#This Row],[NOME DO TUTOR]],TUT.CONTROL!C:C,TUT.CONTROL!G:G),"Demitido") -> 45754 | K47: 67 9323-1126 | L47: =IFERROR(_xlfn.XLOOKUP(Tabela2[[#This Row],[NOME DO TUTOR]],TUT.CONTROL!C:C,TUT.CONTROL!F:F),"Demitido") -> 1158000687 | M47: sara.lima@tutorpratica.uniasselvi.com.br | N47: =IFERROR(_xlfn.XLOOKUP(Tabela2[[#This Row],[CHAPA]],TUT.CONTROL!F:F,TUT.CONTROL!H:H),_xlfn.XLOOKUP(Tabela2[[#This Row],[CHAPA]],'REG.CONTROL'!F:F,'REG.CONTROL'!H:H)) -> TUTOR DE PRATICA (UC_1749) | O47: =IFERROR(_xlfn.XLOOKUP(Tabela2[[#This Row],[NOME DO TUTOR]],TUT.CONTROL!C:C,TUT.CONTROL!K:K),"Demitido") -> 004:00 | P47: =IF(Tabela2[[#This Row],[SITUAÇÃO]]="Demitido",IFERROR(_xlfn.XLOOKUP(Tabela2[[#This Row],[CHAPA]],TUT.CONTROL!F:F,TUT.CONTROL!V:V),_xlfn.XLOOKUP(Tabela2[[#This Row],[CHAPA]],'REG.CONTROL'!F:F,'REG.CONTROL'!V:V)),"-") -> 46082 | Q47: Desligado | R47: COREN-MS | S47: 729269
A48: =IF(Tabela2[[#This Row],[SITUAÇÃO]]="Férias",CONCATENATE(Tabela2[[#This Row],[POLO]],Tabela2[[#This Row],[CURSOS]],Tabela2[[#This Row],[CATEGORIA]]),IF(Tabela2[[#This Row],[SITUAÇÃO]]="Ativo",CONCATENATE(Tabela2[[#This Row],[POLO]],Tabela2[[#This Row],[CURSOS]],Tabela2[[#This Row],[CATEGORIA]]),"desligado")) -> desligado | B48: =Tabela2[[#This Row],[CATEGORIA]]&Tabela2[[#This Row],[CURSOS]]&"LAP - "&Tabela2[[#This Row],[POLO]] -> ENF-INS (Multidisciplinar II)EMF-ISNLAP - Campos dos Goytacazes/RJ - Pelinca | C48: =Tabela2[[#This Row],[CATEGORIA]]&Tabela2[[#This Row],[CURSOS]] -> ENF-INS (Multidisciplinar II)EMF-ISN | D48: =IF(Tabela2[[#This Row],[SITUAÇÃO]]<>"Demitido",CONCATENATE(Tabela2[[#This Row],[POLO]],Tabela2[[#This Row],[CURSOS]]),"Substituição") -> Substituição | E48: ENF-INS (Multidisciplinar II) | F48: EMF-ISN | G48: Campos dos Goytacazes/RJ - Pelinca | H48: Douglas De Abreu Jose | I48: =IFERROR(_xlfn.XLOOKUP(Tabela2[[#This Row],[CHAPA]],TUT.CONTROL!F:F,TUT.CONTROL!I:I),_xlfn.XLOOKUP(Tabela2[[#This Row],[CHAPA]],'REG.CONTROL'!F:F,'REG.CONTROL'!I:I)) -> Demitido | J48: =IFERROR(_xlfn.XLOOKUP(Tabela2[[#This Row],[NOME DO TUTOR]],TUT.CONTROL!C:C,TUT.CONTROL!G:G),"Atualizar") -> 45782 | K48: 22997751428 | L48: =IFERROR(_xlfn.XLOOKUP(Tabela2[[#This Row],[NOME DO TUTOR]],TUT.CONTROL!C:C,TUT.CONTROL!F:F),"Demitido") -> 1158000611 | M48: douglas.jose@tutorpratica.uniasselvi.com.br | N48: =IFERROR(_xlfn.XLOOKUP(Tabela2[[#This Row],[CHAPA]],TUT.CONTROL!F:F,TUT.CONTROL!H:H),_xlfn.XLOOKUP(Tabela2[[#This Row],[CHAPA]],'REG.CONTROL'!F:F,'REG.CONTROL'!H:H)) -> TUTOR DE PRATICA (UC_1749) | O48: =IFERROR(_xlfn.XLOOKUP(Tabela2[[#This Row],[NOME DO TUTOR]],TUT.CONTROL!C:C,TUT.CONTROL!K:K),"Demitido") -> 004:00 | P48: =IF(Tabela2[[#This Row],[SITUAÇÃO]]="Demitido",IFERROR(_xlfn.XLOOKUP(Tabela2[[#This Row],[CHAPA]],TUT.CONTROL!F:F,TUT.CONTROL!V:V),_xlfn.XLOOKUP(Tabela2[[#This Row],[CHAPA]],'REG.CONTROL'!F:F,'REG.CONTROL'!V:V)),"-") -> 45874 | Q48: Desligado
A49: =IF(Tabela2[[#This Row],[SITUAÇÃO]]="Férias",CONCATENATE(Tabela2[[#This Row],[POLO]],Tabela2[[#This Row],[CURSOS]],Tabela2[[#This Row],[CATEGORIA]]),IF(Tabela2[[#This Row],[SITUAÇÃO]]="Ativo",CONCATENATE(Tabela2[[#This Row],[POLO]],Tabela2[[#This Row],[CURSOS]],Tabela2[[#This Row],[CATEGORIA]]),"desligado")) -> desligado | B49: =Tabela2[[#This Row],[CATEGORIA]]&Tabela2[[#This Row],[CURSOS]]&"LAP - "&Tabela2[[#This Row],[POLO]] -> ENF-INS (Multidisciplinar II)EMF-ISNLAP - Campos dos Goytacazes/RJ - Pelinca | C49: =Tabela2[[#This Row],[CATEGORIA]]&Tabela2[[#This Row],[CURSOS]] -> ENF-INS (Multidisciplinar II)EMF-ISN | D49: =IF(Tabela2[[#This Row],[SITUAÇÃO]]<>"Demitido",CONCATENATE(Tabela2[[#This Row],[POLO]],Tabela2[[#This Row],[CURSOS]]),"Substituição") -> Substituição | E49: ENF-INS (Multidisciplinar II) | F49: EMF-ISN | G49: Campos dos Goytacazes/RJ - Pelinca | H49: Leticia Bonifacio Miranda | I49: =IFERROR(_xlfn.XLOOKUP(Tabela2[[#This Row],[CHAPA]],TUT.CONTROL!F:F,TUT.CONTROL!I:I),_xlfn.XLOOKUP(Tabela2[[#This Row],[CHAPA]],'REG.CONTROL'!F:F,'REG.CONTROL'!I:I)) -> Demitido | J49: =IFERROR(_xlfn.XLOOKUP(Tabela2[[#This Row],[NOME DO TUTOR]],TUT.CONTROL!C:C,TUT.CONTROL!G:G),"Demitido") -> 45887 | K49: 27997096138 | L49: =IFERROR(_xlfn.XLOOKUP(Tabela2[[#This Row],[NOME DO TUTOR]],TUT.CONTROL!C:C,TUT.CONTROL!F:F),"Demitido") -> 1158000885 | M49: leticia.miranda@tutorpratica.uniasselvi.com.br | N49: =IFERROR(_xlfn.XLOOKUP(Tabela2[[#This Row],[CHAPA]],TUT.CONTROL!F:F,TUT.CONTROL!H:H),_xlfn.XLOOKUP(Tabela2[[#This Row],[CHAPA]],'REG.CONTROL'!F:F,'REG.CONTROL'!H:H)) -> TUTOR DE PRATICA (UC_1749) | O49: =IFERROR(_xlfn.XLOOKUP(Tabela2[[#This Row],[NOME DO TUTOR]],TUT.CONTROL!C:C,TUT.CONTROL!K:K),"Demitido") -> 004:00 | P49: =IF(Tabela2[[#This Row],[SITUAÇÃO]]="Demitido",IFERROR(_xlfn.XLOOKUP(Tabela2[[#This Row],[CHAPA]],TUT.CONTROL!F:F,TUT.CONTROL!V:V),_xlfn.XLOOKUP(Tabela2[[#This Row],[CHAPA]],'REG.CONTROL'!F:F,'REG.CONTROL'!V:V)),"-") -> 46092 | Q49: Desligado | R49: COREN-RJ | S49: 670008
A50: =IF(Tabela2[[#This Row],[SITUAÇÃO]]="Férias",CONCATENATE(Tabela2[[#This Row],[POLO]],Tabela2[[#This Row],[CURSOS]],Tabela2[[#This Row],[CATEGORIA]]),IF(Tabela2[[#This Row],[SITUAÇÃO]]="Ativo",CONCATENATE(Tabela2[[#This Row],[POLO]],Tabela2[[#This Row],[CURSOS]],Tabela2[[#This Row],[CATEGORIA]]),"desligado")) -> Canindé/CEEMF-ISNENF-INS (Multidisciplinar II) | B50: =Tabela2[[#This Row],[CATEGORIA]]&Tabela2[[#This Row],[CURSOS]]&"LAP - "&Tabela2[[#This Row],[POLO]] -> ENF-INS (Multidisciplinar II)EMF-ISNLAP - Canindé/CE | C50: =Tabela2[[#This Row],[CATEGORIA]]&Tabela2[[#This Row],[CURSOS]] -> ENF-INS (Multidisciplinar II)EMF-ISN | D50: =IF(Tabela2[[#This Row],[SITUAÇÃO]]<>"Demitido",CONCATENATE(Tabela2[[#This Row],[POLO]],Tabela2[[#This Row],[CURSOS]]),"Substituição") -> Canindé/CEEMF-ISN | E50: ENF-INS (Multidisciplinar II) | F50: EMF-ISN | G50: Canindé/CE | H50: Gauthelly Gomes De Miranda | I50: =IFERROR(_xlfn.XLOOKUP(Tabela2[[#This Row],[CHAPA]],TUT.CONTROL!F:F,TUT.CONTROL!I:I),_xlfn.XLOOKUP(Tabela2[[#This Row],[CHAPA]],'REG.CONTROL'!F:F,'REG.CONTROL'!I:I)) -> Ativo | J50: =IFERROR(_xlfn.XLOOKUP(Tabela2[[#This Row],[NOME DO TUTOR]],TUT.CONTROL!C:C,TUT.CONTROL!G:G),"Demitido") -> 45749 | K50: 85 92000-4704 | L50: =IFERROR(_xlfn.XLOOKUP(Tabela2[[#This Row],[NOME DO TUTOR]],TUT.CONTROL!C:C,TUT.CONTROL!F:F),"Demitido") -> 1158000660 | M50: gauthelly.miranda@tutorpratica.uniasselvi.com.br | N50: =IFERROR(_xlfn.XLOOKUP(Tabela2[[#This Row],[CHAPA]],TUT.CONTROL!F:F,TUT.CONTROL!H:H),_xlfn.XLOOKUP(Tabela2[[#This Row],[CHAPA]],'REG.CONTROL'!F:F,'REG.CONTROL'!H:H)) -> TUTOR DE PRATICA (UC_1749) | O50: =IFERROR(_xlfn.XLOOKUP(Tabela2[[#This Row],[NOME DO TUTOR]],TUT.CONTROL!C:C,TUT.CONTROL!K:K),"Demitido") -> 004:00 | P50: =IF(Tabela2[[#This Row],[SITUAÇÃO]]="Demitido",IFERROR(_xlfn.XLOOKUP(Tabela2[[#This Row],[CHAPA]],TUT.CONTROL!F:F,TUT.CONTROL!V:V),_xlfn.XLOOKUP(Tabela2[[#This Row],[CHAPA]],'REG.CONTROL'!F:F,'REG.CONTROL'!V:V)),"-") -> - | R50: COREN-CE | S50: 648926
A51: =IF(Tabela2[[#This Row],[SITUAÇÃO]]="Férias",CONCATENATE(Tabela2[[#This Row],[POLO]],Tabela2[[#This Row],[CURSOS]],Tabela2[[#This Row],[CATEGORIA]]),IF(Tabela2[[#This Row],[SITUAÇÃO]]="Ativo",CONCATENATE(Tabela2[[#This Row],[POLO]],Tabela2[[#This Row],[CURSOS]],Tabela2[[#This Row],[CATEGORIA]]),"desligado")) -> Canoas/RS - CentroEMF-ISNENF-INS (Multidisciplinar II) | B51: =Tabela2[[#This Row],[CATEGORIA]]&Tabela2[[#This Row],[CURSOS]]&"LAP - "&Tabela2[[#This Row],[POLO]] -> ENF-INS (Multidisciplinar II)EMF-ISNLAP - Canoas/RS - Centro | C51: =Tabela2[[#This Row],[CATEGORIA]]&Tabela2[[#This Row],[CURSOS]] -> ENF-INS (Multidisciplinar II)EMF-ISN | D51: =IF(Tabela2[[#This Row],[SITUAÇÃO]]<>"Demitido",CONCATENATE(Tabela2[[#This Row],[POLO]],Tabela2[[#This Row],[CURSOS]]),"Substituição") -> Canoas/RS - CentroEMF-ISN | E51: ENF-INS (Multidisciplinar II) | F51: EMF-ISN | G51: Canoas/RS - Centro | H51: Mariana Kallenbach Oliveira | I51: =IFERROR(_xlfn.XLOOKUP(Tabela2[[#This Row],[CHAPA]],TUT.CONTROL!F:F,TUT.CONTROL!I:I),_xlfn.XLOOKUP(Tabela2[[#This Row],[CHAPA]],'REG.CONTROL'!F:F,'REG.CONTROL'!I:I)) -> Ativo | J51: =IFERROR(_xlfn.XLOOKUP(Tabela2[[#This Row],[NOME DO TUTOR]],TUT.CONTROL!C:C,TUT.CONTROL!G:G),"Demitido") -> 45817 | K51: 51993999626 | L51: =IFERROR(_xlfn.XLOOKUP(Tabela2[[#This Row],[NOME DO TUTOR]],TUT.CONTROL!C:C,TUT.CONTROL!F:F),"Demitido") -> 1158000750 | M51: mariana.oliveira@tutorpratica.uniasselvi.com.br | N51: =IFERROR(_xlfn.XLOOKUP(Tabela2[[#This Row],[CHAPA]],TUT.CONTROL!F:F,TUT.CONTROL!H:H),_xlfn.XLOOKUP(Tabela2[[#This Row],[CHAPA]],'REG.CONTROL'!F:F,'REG.CONTROL'!H:H)) -> TUTOR DE PRATICA (UC_1749) | O51: =IFERROR(_xlfn.XLOOKUP(Tabela2[[#This Row],[NOME DO TUTOR]],TUT.CONTROL!C:C,TUT.CONTROL!K:K),"Demitido") -> 008:00 | P51: =IF(Tabela2[[#This Row],[SITUAÇÃO]]="Demitido",IFERROR(_xlfn.XLOOKUP(Tabela2[[#This Row],[CHAPA]],TUT.CONTROL!F:F,TUT.CONTROL!V:V),_xlfn.XLOOKUP(Tabela2[[#This Row],[CHAPA]],'REG.CONTROL'!F:F,'REG.CONTROL'!V:V)),"-") -> - | Q51: OK | R51: COREN-RS | S51: 738422
A52: =IF(Tabela2[[#This Row],[SITUAÇÃO]]="Férias",CONCATENATE(Tabela2[[#This Row],[POLO]],Tabela2[[#This Row],[CURSOS]],Tabela2[[#This Row],[CATEGORIA]]),IF(Tabela2[[#This Row],[SITUAÇÃO]]="Ativo",CONCATENATE(Tabela2[[#This Row],[POLO]],Tabela2[[#This Row],[CURSOS]],Tabela2[[#This Row],[CATEGORIA]]),"desligado")) -> Canoinhas/SCEMF-ISNENF-INS (Multidisciplinar II) | B52: =Tabela2[[#This Row],[CATEGORIA]]&Tabela2[[#This Row],[CURSOS]]&"LAP - "&Tabela2[[#This Row],[POLO]] -> ENF-INS (Multidisciplinar II)EMF-ISNLAP - Canoinhas/SC | C52: =Tabela2[[#This Row],[CATEGORIA]]&Tabela2[[#This Row],[CURSOS]] -> ENF-INS (Multidisciplinar II)EMF-ISN | D52: =IF(Tabela2[[#This Row],[SITUAÇÃO]]<>"Demitido",CONCATENATE(Tabela2[[#This Row],[POLO]],Tabela2[[#This Row],[CURSOS]]),"Substituição") -> Canoinhas/SCEMF-ISN | E52: ENF-INS (Multidisciplinar II) | F52: EMF-ISN | G52: Canoinhas/SC | H52: Diovana Aparecida De Paula Kriginski | I52: =IFERROR(_xlfn.XLOOKUP(Tabela2[[#This Row],[CHAPA]],TUT.CONTROL!F:F,TUT.CONTROL!I:I),_xlfn.XLOOKUP(Tabela2[[#This Row],[CHAPA]],'REG.CONTROL'!F:F,'REG.CONTROL'!I:I)) -> Ativo | J52: =IFERROR(_xlfn.XLOOKUP(Tabela2[[#This Row],[NOME DO TUTOR]],TUT.CONTROL!C:C,TUT.CONTROL!G:G),"Demitido") -> 45782 | K52: 47997517370 | L52: =IFERROR(_xlfn.XLOOKUP(Tabela2[[#This Row],[NOME DO TUTOR]],TUT.CONTROL!C:C,TUT.CONTROL!F:F),"Demitido") -> 1158000605 | M52: diovana.kriginski@tutorpratica.uniasselvi.com.br | N52: =IFERROR(_xlfn.XLOOKUP(Tabela2[[#This Row],[CHAPA]],TUT.CONTROL!F:F,TUT.CONTROL!H:H),_xlfn.XLOOKUP(Tabela2[[#This Row],[CHAPA]],'REG.CONTROL'!F:F,'REG.CONTROL'!H:H)) -> TUTOR DE PRATICA (UC_1749) | O52: =IFERROR(_xlfn.XLOOKUP(Tabela2[[#This Row],[NOME DO TUTOR]],TUT.CONTROL!C:C,TUT.CONTROL!K:K),"Demitido") -> 004:00 | P52: =IF(Tabela2[[#This Row],[SITUAÇÃO]]="Demitido",IFERROR(_xlfn.XLOOKUP(Tabela2[[#This Row],[CHAPA]],TUT.CONTROL!F:F,TUT.CONTROL!V:V),_xlfn.XLOOKUP(Tabela2[[#This Row],[CHAPA]],'REG.CONTROL'!F:F,'REG.CONTROL'!V:V)),"-") -> - | Q52: OK | R52: COREN-SC | S52: 634986
A53: =IF(Tabela2[[#This Row],[SITUAÇÃO]]="Férias",CONCATENATE(Tabela2[[#This Row],[POLO]],Tabela2[[#This Row],[CURSOS]],Tabela2[[#This Row],[CATEGORIA]]),IF(Tabela2[[#This Row],[SITUAÇÃO]]="Ativo",CONCATENATE(Tabela2[[#This Row],[POLO]],Tabela2[[#This Row],[CURSOS]],Tabela2[[#This Row],[CATEGORIA]]),"desligado")) -> Capão Da Canoa/RSEMF-ISNENF-INS (Multidisciplinar II) | B53: =Tabela2[[#This Row],[CATEGORIA]]&Tabela2[[#This Row],[CURSOS]]&"LAP - "&Tabela2[[#This Row],[POLO]] -> ENF-INS (Multidisciplinar II)EMF-ISNLAP - Capão Da Canoa/RS | C53: =Tabela2[[#This Row],[CATEGORIA]]&Tabela2[[#This Row],[CURSOS]] -> ENF-INS (Multidisciplinar II)EMF-ISN | D53: =IF(Tabela2[[#This Row],[SITUAÇÃO]]<>"Demitido",CONCATENATE(Tabela2[[#This Row],[POLO]],Tabela2[[#This Row],[CURSOS]]),"Substituição") -> Capão Da Canoa/RSEMF-ISN | E53: ENF-INS (Multidisciplinar II) | F53: EMF-ISN | G53: Capão Da Canoa/RS | H53: Alessandra Sibele Borges Pedroso | I53: =IFERROR(_xlfn.XLOOKUP(Tabela2[[#This Row],[CHAPA]],TUT.CONTROL!F:F,TUT.CONTROL!I:I),_xlfn.XLOOKUP(Tabela2[[#This Row],[CHAPA]],'REG.CONTROL'!F:F,'REG.CONTROL'!I:I)) -> Ativo | J53: =IFERROR(_xlfn.XLOOKUP(Tabela2[[#This Row],[NOME DO TUTOR]],TUT.CONTROL!C:C,TUT.CONTROL!G:G),"Demitido") -> 45721 | K53: 55996487080 | L53: =IFERROR(_xlfn.XLOOKUP(Tabela2[[#This Row],[NOME DO TUTOR]],TUT.CONTROL!C:C,TUT.CONTROL!F:F),"Demitido") -> 1158000533 | M53: alessandra.pedroso@tutorpratica.uniasselvi.com.br | N53: =IFERROR(_xlfn.XLOOKUP(Tabela2[[#This Row],[CHAPA]],TUT.CONTROL!F:F,TUT.CONTROL!H:H),_xlfn.XLOOKUP(Tabela2[[#This Row],[CHAPA]],'REG.CONTROL'!F:F,'REG.CONTROL'!H:H)) -> TUTOR DE PRATICA (UC_1749) | O53: =IFERROR(_xlfn.XLOOKUP(Tabela2[[#This Row],[NOME DO TUTOR]],TUT.CONTROL!C:C,TUT.CONTROL!K:K),"Demitido") -> 008:00 | P53: =IF(Tabela2[[#This Row],[SITUAÇÃO]]="Demitido",IFERROR(_xlfn.XLOOKUP(Tabela2[[#This Row],[CHAPA]],TUT.CONTROL!F:F,TUT.CONTROL!V:V),_xlfn.XLOOKUP(Tabela2[[#This Row],[CHAPA]],'REG.CONTROL'!F:F,'REG.CONTROL'!V:V)),"-") -> - | Q53: OK | R53: COREN-RS | S53: 203854
A54: =IF(Tabela2[[#This Row],[SITUAÇÃO]]="Férias",CONCATENATE(Tabela2[[#This Row],[POLO]],Tabela2[[#This Row],[CURSOS]],Tabela2[[#This Row],[CATEGORIA]]),IF(Tabela2[[#This Row],[SITUAÇÃO]]="Ativo",CONCATENATE(Tabela2[[#This Row],[POLO]],Tabela2[[#This Row],[CURSOS]],Tabela2[[#This Row],[CATEGORIA]]),"desligado")) -> Carapicuíba/SPEMF-ISNENF-INS (Multidisciplinar II) | B54: =Tabela2[[#This Row],[CATEGORIA]]&Tabela2[[#This Row],[CURSOS]]&"LAP - "&Tabela2[[#This Row],[POLO]] -> ENF-INS (Multidisciplinar II)EMF-ISNLAP - Carapicuíba/SP | C54: =Tabela2[[#This Row],[CATEGORIA]]&Tabela2[[#This Row],[CURSOS]] -> ENF-INS (Multidisciplinar II)EMF-ISN | D54: =IF(Tabela2[[#This Row],[SITUAÇÃO]]<>"Demitido",CONCATENATE(Tabela2[[#This Row],[POLO]],Tabela2[[#This Row],[CURSOS]]),"Substituição") -> Carapicuíba/SPEMF-ISN | E54: ENF-INS (Multidisciplinar II) | F54: EMF-ISN | G54: Carapicuíba/SP | H54: Sandra Fernandes Massad | I54: =IFERROR(_xlfn.XLOOKUP(Tabela2[[#This Row],[CHAPA]],TUT.CONTROL!F:F,TUT.CONTROL!I:I),_xlfn.XLOOKUP(Tabela2[[#This Row],[CHAPA]],'REG.CONTROL'!F:F,'REG.CONTROL'!I:I)) -> Ativo | J54: =IFERROR(_xlfn.XLOOKUP(Tabela2[[#This Row],[NOME DO TUTOR]],TUT.CONTROL!C:C,TUT.CONTROL!G:G),"Demitido") -> 45798 | K54: 11999381896 | L54: =IFERROR(_xlfn.XLOOKUP(Tabela2[[#This Row],[NOME DO TUTOR]],TUT.CONTROL!C:C,TUT.CONTROL!F:F),"Demitido") -> 1158000643 | M54: sandra.massad@tutorpratica.uniasselvi.com.br | N54: =IFERROR(_xlfn.XLOOKUP(Tabela2[[#This Row],[CHAPA]],TUT.CONTROL!F:F,TUT.CONTROL!H:H),_xlfn.XLOOKUP(Tabela2[[#This Row],[CHAPA]],'REG.CONTROL'!F:F,'REG.CONTROL'!H:H)) -> TUTOR DE PRATICA (UC_1749) | O54: =IFERROR(_xlfn.XLOOKUP(Tabela2[[#This Row],[NOME DO TUTOR]],TUT.CONTROL!C:C,TUT.CONTROL!K:K),"Demitido") -> 004:00 | P54: =IF(Tabela2[[#This Row],[SITUAÇÃO]]="Demitido",IFERROR(_xlfn.XLOOKUP(Tabela2[[#This Row],[CHAPA]],TUT.CONTROL!F:F,TUT.CONTROL!V:V),_xlfn.XLOOKUP(Tabela2[[#This Row],[CHAPA]],'REG.CONTROL'!F:F,'REG.CONTROL'!V:V)),"-") -> - | Q54: OK | R54: COREN-SP | S54: 171673
A55: =IF(Tabela2[[#This Row],[SITUAÇÃO]]="Férias",CONCATENATE(Tabela2[[#This Row],[POLO]],Tabela2[[#This Row],[CURSOS]],Tabela2[[#This Row],[CATEGORIA]]),IF(Tabela2[[#This Row],[SITUAÇÃO]]="Ativo",CONCATENATE(Tabela2[[#This Row],[POLO]],Tabela2[[#This Row],[CURSOS]],Tabela2[[#This Row],[CATEGORIA]]),"desligado")) -> Caratinga/MGEMF-ISNENF-INS (Multidisciplinar II) | B55: =Tabela2[[#This Row],[CATEGORIA]]&Tabela2[[#This Row],[CURSOS]]&"LAP - "&Tabela2[[#This Row],[POLO]] -> ENF-INS (Multidisciplinar II)EMF-ISNLAP - Caratinga/MG | C55: =Tabela2[[#This Row],[CATEGORIA]]&Tabela2[[#This Row],[CURSOS]] -> ENF-INS (Multidisciplinar II)EMF-ISN | D55: =IF(Tabela2[[#This Row],[SITUAÇÃO]]<>"Demitido",CONCATENATE(Tabela2[[#This Row],[POLO]],Tabela2[[#This Row],[CURSOS]]),"Substituição") -> Caratinga/MGEMF-ISN | E55: ENF-INS (Multidisciplinar II) | F55: EMF-ISN | G55: Caratinga/MG | H55: Bruna Ribeiro Tortelote | I55: =IFERROR(_xlfn.XLOOKUP(Tabela2[[#This Row],[CHAPA]],TUT.CONTROL!F:F,TUT.CONTROL!I:I),_xlfn.XLOOKUP(Tabela2[[#This Row],[CHAPA]],'REG.CONTROL'!F:F,'REG.CONTROL'!I:I)) -> Ativo | J55: =IFERROR(_xlfn.XLOOKUP(Tabela2[[#This Row],[NOME DO TUTOR]],TUT.CONTROL!C:C,TUT.CONTROL!G:G),"Demitido") -> 45910 | K55: 33999321356 | L55: =IFERROR(_xlfn.XLOOKUP(Tabela2[[#This Row],[NOME DO TUTOR]],TUT.CONTROL!C:C,TUT.CONTROL!F:F),"Demitido") -> 1158000964 | M55: bruna.tortelote@tutorpratica.uniasselvi.com.br | N55: =IFERROR(_xlfn.XLOOKUP(Tabela2[[#This Row],[CHAPA]],TUT.CONTROL!F:F,TUT.CONTROL!H:H),_xlfn.XLOOKUP(Tabela2[[#This Row],[CHAPA]],'REG.CONTROL'!F:F,'REG.CONTROL'!H:H)) -> TUTOR DE PRATICA (UC_1749) | O55: =IFERROR(_xlfn.XLOOKUP(Tabela2[[#This Row],[NOME DO TUTOR]],TUT.CONTROL!C:C,TUT.CONTROL!K:K),"Demitido") -> 004:00 | P55: =IF(Tabela2[[#This Row],[SITUAÇÃO]]="Demitido",IFERROR(_xlfn.XLOOKUP(Tabela2[[#This Row],[CHAPA]],TUT.CONTROL!F:F,TUT.CONTROL!V:V),_xlfn.XLOOKUP(Tabela2[[#This Row],[CHAPA]],'REG.CONTROL'!F:F,'REG.CONTROL'!V:V)),"-") -> - | Q55: OK | R55: COREN-MG | S55: 308809
A56: =IF(Tabela2[[#This Row],[SITUAÇÃO]]="Férias",CONCATENATE(Tabela2[[#This Row],[POLO]],Tabela2[[#This Row],[CURSOS]],Tabela2[[#This Row],[CATEGORIA]]),IF(Tabela2[[#This Row],[SITUAÇÃO]]="Ativo",CONCATENATE(Tabela2[[#This Row],[POLO]],Tabela2[[#This Row],[CURSOS]],Tabela2[[#This Row],[CATEGORIA]]),"desligado")) -> Cascavel/PREMF-ISNENF-INS (Multidisciplinar II) | B56: =Tabela2[[#This Row],[CATEGORIA]]&Tabela2[[#This Row],[CURSOS]]&"LAP - "&Tabela2[[#This Row],[POLO]] -> ENF-INS (Multidisciplinar II)EMF-ISNLAP - Cascavel/PR | C56: =Tabela2[[#This Row],[CATEGORIA]]&Tabela2[[#This Row],[CURSOS]] -> ENF-INS (Multidisciplinar II)EMF-ISN | D56: =IF(Tabela2[[#This Row],[SITUAÇÃO]]<>"Demitido",CONCATENATE(Tabela2[[#This Row],[POLO]],Tabela2[[#This Row],[CURSOS]]),"Substituição") -> Cascavel/PREMF-ISN | E56: ENF-INS (Multidisciplinar II) | F56: EMF-ISN | G56: Cascavel/PR | H56: Geonice Liber Baratieri | I56: =IFERROR(_xlfn.XLOOKUP(Tabela2[[#This Row],[CHAPA]],TUT.CONTROL!F:F,TUT.CONTROL!I:I),_xlfn.XLOOKUP(Tabela2[[#This Row],[CHAPA]],'REG.CONTROL'!F:F,'REG.CONTROL'!I:I)) -> Ativo | J56: =IFERROR(_xlfn.XLOOKUP(Tabela2[[#This Row],[NOME DO TUTOR]],'REG.CONTROL'!C:C,'REG.CONTROL'!G:G),"Demitido") -> 45153 | K56: 45998619360 | L56: =IFERROR(_xlfn.XLOOKUP(Tabela2[[#This Row],[NOME DO TUTOR]],'REG.CONTROL'!C:C,'REG.CONTROL'!F:F),"Demitido") -> 1004012611 | M56: geonice.baratieri@regentedepolo.uniasselvi.com.br | N56: =IFERROR(_xlfn.XLOOKUP(Tabela2[[#This Row],[CHAPA]],TUT.CONTROL!F:F,TUT.CONTROL!H:H),_xlfn.XLOOKUP(Tabela2[[#This Row],[CHAPA]],'REG.CONTROL'!F:F,'REG.CONTROL'!H:H)) -> PROFESSOR REGENTE DE POLO (UC_1744) | O56: =IFERROR(_xlfn.XLOOKUP(Tabela2[[#This Row],[NOME DO TUTOR]],'REGENTE CH'!A:A,'REGENTE CH'!C:C),"Atualizar") -> 004:00 | P56: =IF(Tabela2[[#This Row],[SITUAÇÃO]]="Demitido",IFERROR(_xlfn.XLOOKUP(Tabela2[[#This Row],[CHAPA]],TUT.CONTROL!F:F,TUT.CONTROL!V:V),_xlfn.XLOOKUP(Tabela2[[#This Row],[CHAPA]],'REG.CONTROL'!F:F,'REG.CONTROL'!V:V)),"-") -> - | Q56: OK | R56: COREN-PR | S56: 248014
A57: =IF(Tabela2[[#This Row],[SITUAÇÃO]]="Férias",CONCATENATE(Tabela2[[#This Row],[POLO]],Tabela2[[#This Row],[CURSOS]],Tabela2[[#This Row],[CATEGORIA]]),IF(Tabela2[[#This Row],[SITUAÇÃO]]="Ativo",CONCATENATE(Tabela2[[#This Row],[POLO]],Tabela2[[#This Row],[CURSOS]],Tabela2[[#This Row],[CATEGORIA]]),"desligado")) -> Catalão/GOEMF-ISNENF-INS (Multidisciplinar II) | B57: =Tabela2[[#This Row],[CATEGORIA]]&Tabela2[[#This Row],[CURSOS]]&"LAP - "&Tabela2[[#This Row],[POLO]] -> ENF-INS (Multidisciplinar II)EMF-ISNLAP - Catalão/GO | C57: =Tabela2[[#This Row],[CATEGORIA]]&Tabela2[[#This Row],[CURSOS]] -> ENF-INS (Multidisciplinar II)EMF-ISN | D57: =IF(Tabela2[[#This Row],[SITUAÇÃO]]<>"Demitido",CONCATENATE(Tabela2[[#This Row],[POLO]],Tabela2[[#This Row],[CURSOS]]),"Substituição") -> Catalão/GOEMF-ISN | E57: ENF-INS (Multidisciplinar II) | F57: EMF-ISN | G57: Catalão/GO | H57: Alessandra Santos Silveira | I57: =IFERROR(_xlfn.XLOOKUP(Tabela2[[#This Row],[CHAPA]],TUT.CONTROL!F:F,TUT.CONTROL!I:I),_xlfn.XLOOKUP(Tabela2[[#This Row],[CHAPA]],'REG.CONTROL'!F:F,'REG.CONTROL'!I:I)) -> Ativo | J57: =IFERROR(_xlfn.XLOOKUP(Tabela2[[#This Row],[NOME DO TUTOR]],TUT.CONTROL!C:C,TUT.CONTROL!G:G),"Demitido") -> 45798 | K57: 64999100477 | L57: =IFERROR(_xlfn.XLOOKUP(Tabela2[[#This Row],[NOME DO TUTOR]],TUT.CONTROL!C:C,TUT.CONTROL!F:F),"Demitido") -> 1158000713 | M57: alessandra.silveira@tutorpratica.uniasselvi.com.br | N57: =IFERROR(_xlfn.XLOOKUP(Tabela2[[#This Row],[CHAPA]],TUT.CONTROL!F:F,TUT.CONTROL!H:H),_xlfn.XLOOKUP(Tabela2[[#This Row],[CHAPA]],'REG.CONTROL'!F:F,'REG.CONTROL'!H:H)) -> TUTOR DE PRATICA (UC_1749) | O57: =IFERROR(_xlfn.XLOOKUP(Tabela2[[#This Row],[NOME DO TUTOR]],TUT.CONTROL!C:C,TUT.CONTROL!K:K),"Demitido") -> 004:00 | P57: =IF(Tabela2[[#This Row],[SITUAÇÃO]]="Demitido",IFERROR(_xlfn.XLOOKUP(Tabela2[[#This Row],[CHAPA]],TUT.CONTROL!F:F,TUT.CONTROL!V:V),_xlfn.XLOOKUP(Tabela2[[#This Row],[CHAPA]],'REG.CONTROL'!F:F,'REG.CONTROL'!V:V)),"-") -> - | Q57: OK | R57: COREN-GO | S57: 684236
A58: =IF(Tabela2[[#This Row],[SITUAÇÃO]]="Férias",CONCATENATE(Tabela2[[#This Row],[POLO]],Tabela2[[#This Row],[CURSOS]],Tabela2[[#This Row],[CATEGORIA]]),IF(Tabela2[[#This Row],[SITUAÇÃO]]="Ativo",CONCATENATE(Tabela2[[#This Row],[POLO]],Tabela2[[#This Row],[CURSOS]],Tabela2[[#This Row],[CATEGORIA]]),"desligado")) -> Cedro/CEEMF-ISNENF-INS (Multidisciplinar II) | B58: =Tabela2[[#This Row],[CATEGORIA]]&Tabela2[[#This Row],[CURSOS]]&"LAP - "&Tabela2[[#This Row],[POLO]] -> ENF-INS (Multidisciplinar II)EMF-ISNLAP - Cedro/CE | C58: =Tabela2[[#This Row],[CATEGORIA]]&Tabela2[[#This Row],[CURSOS]] -> ENF-INS (Multidisciplinar II)EMF-ISN | D58: =IF(Tabela2[[#This Row],[SITUAÇÃO]]<>"Demitido",CONCATENATE(Tabela2[[#This Row],[POLO]],Tabela2[[#This Row],[CURSOS]]),"Substituição") -> Cedro/CEEMF-ISN | E58: ENF-INS (Multidisciplinar II) | F58: EMF-ISN | G58: Cedro/CE | H58: Jaqueline Lima Bezerra Dos Santos | I58: =IFERROR(_xlfn.XLOOKUP(Tabela2[[#This Row],[CHAPA]],TUT.CONTROL!F:F,TUT.CONTROL!I:I),_xlfn.XLOOKUP(Tabela2[[#This Row],[CHAPA]],'REG.CONTROL'!F:F,'REG.CONTROL'!I:I)) -> Ativo | J58: =IFERROR(_xlfn.XLOOKUP(Tabela2[[#This Row],[NOME DO TUTOR]],TUT.CONTROL!C:C,TUT.CONTROL!G:G),"Demitido") -> 45733 | K58: 88998535642 | L58: =IFERROR(_xlfn.XLOOKUP(Tabela2[[#This Row],[NOME DO TUTOR]],TUT.CONTROL!C:C,TUT.CONTROL!F:F),"Demitido") -> 1158000558 | M58: jaqueline.santos@tutorpratica.uniasselvi.com.br | N58: =IFERROR(_xlfn.XLOOKUP(Tabela2[[#This Row],[CHAPA]],TUT.CONTROL!F:F,TUT.CONTROL!H:H),_xlfn.XLOOKUP(Tabela2[[#This Row],[CHAPA]],'REG.CONTROL'!F:F,'REG.CONTROL'!H:H)) -> TUTOR DE PRATICA (UC_1749) | O58: =IFERROR(_xlfn.XLOOKUP(Tabela2[[#This Row],[NOME DO TUTOR]],TUT.CONTROL!C:C,TUT.CONTROL!K:K),"Demitido") -> 004:00 | P58: =IF(Tabela2[[#This Row],[SITUAÇÃO]]="Demitido",IFERROR(_xlfn.XLOOKUP(Tabela2[[#This Row],[CHAPA]],TUT.CONTROL!F:F,TUT.CONTROL!V:V),_xlfn.XLOOKUP(Tabela2[[#This Row],[CHAPA]],'REG.CONTROL'!F:F,'REG.CONTROL'!V:V)),"-") -> - | Q58: OK | R58: COREN-CE | S58: 562688
A59: =IF(Tabela2[[#This Row],[SITUAÇÃO]]="Férias",CONCATENATE(Tabela2[[#This Row],[POLO]],Tabela2[[#This Row],[CURSOS]],Tabela2[[#This Row],[CATEGORIA]]),IF(Tabela2[[#This Row],[SITUAÇÃO]]="Ativo",CONCATENATE(Tabela2[[#This Row],[POLO]],Tabela2[[#This Row],[CURSOS]],Tabela2[[#This Row],[CATEGORIA]]),"desligado")) -> Chapadinha/MAEMF-ISNENF-INS (Multidisciplinar II) | B59: =Tabela2[[#This Row],[CATEGORIA]]&Tabela2[[#This Row],[CURSOS]]&"LAP - "&Tabela2[[#This Row],[POLO]] -> ENF-INS (Multidisciplinar II)EMF-ISNLAP - Chapadinha/MA | C59: =Tabela2[[#This Row],[CATEGORIA]]&Tabela2[[#This Row],[CURSOS]] -> ENF-INS (Multidisciplinar II)EMF-ISN | D59: =IF(Tabela2[[#This Row],[SITUAÇÃO]]<>"Demitido",CONCATENATE(Tabela2[[#This Row],[POLO]],Tabela2[[#This Row],[CURSOS]]),"Substituição") -> Chapadinha/MAEMF-ISN | E59: ENF-INS (Multidisciplinar II) | F59: EMF-ISN | G59: Chapadinha/MA | H59: Raquel De Oliveira Rocha Abreu | I59: =IFERROR(_xlfn.XLOOKUP(Tabela2[[#This Row],[CHAPA]],TUT.CONTROL!F:F,TUT.CONTROL!I:I),_xlfn.XLOOKUP(Tabela2[[#This Row],[CHAPA]],'REG.CONTROL'!F:F,'REG.CONTROL'!I:I)) -> Ativo | J59: =IFERROR(_xlfn.XLOOKUP(Tabela2[[#This Row],[NOME DO TUTOR]],TUT.CONTROL!C:C,TUT.CONTROL!G:G),"Demitido") -> 45791 | K59: 9899156802 | L59: =IFERROR(_xlfn.XLOOKUP(Tabela2[[#This Row],[NOME DO TUTOR]],TUT.CONTROL!C:C,TUT.CONTROL!F:F),"Demitido") -> 1158000639 | M59: raquel.abreu@tutorpratica.uniasselvi.com.br | N59: =IFERROR(_xlfn.XLOOKUP(Tabela2[[#This Row],[CHAPA]],TUT.CONTROL!F:F,TUT.CONTROL!H:H),_xlfn.XLOOKUP(Tabela2[[#This Row],[CHAPA]],'REG.CONTROL'!F:F,'REG.CONTROL'!H:H)) -> TUTOR DE PRATICA (UC_1749) | O59: =IFERROR(_xlfn.XLOOKUP(Tabela2[[#This Row],[NOME DO TUTOR]],TUT.CONTROL!C:C,TUT.CONTROL!K:K),"Demitido") -> 008:00 | P59: =IF(Tabela2[[#This Row],[SITUAÇÃO]]="Demitido",IFERROR(_xlfn.XLOOKUP(Tabela2[[#This Row],[CHAPA]],TUT.CONTROL!F:F,TUT.CONTROL!V:V),_xlfn.XLOOKUP(Tabela2[[#This Row],[CHAPA]],'REG.CONTROL'!F:F,'REG.CONTROL'!V:V)),"-") -> - | Q59: OK | R59: COREN-MA | S59: 678914
A60: =IF(Tabela2[[#This Row],[SITUAÇÃO]]="Férias",CONCATENATE(Tabela2[[#This Row],[POLO]],Tabela2[[#This Row],[CURSOS]],Tabela2[[#This Row],[CATEGORIA]]),IF(Tabela2[[#This Row],[SITUAÇÃO]]="Ativo",CONCATENATE(Tabela2[[#This Row],[POLO]],Tabela2[[#This Row],[CURSOS]],Tabela2[[#This Row],[CATEGORIA]]),"desligado")) -> Chapecó/SC - CentroEMF-ISNENF-INS (Multidisciplinar II) | B60: =Tabela2[[#This Row],[CATEGORIA]]&Tabela2[[#This Row],[CURSOS]]&"LAP - "&Tabela2[[#This Row],[POLO]] -> ENF-INS (Multidisciplinar II)EMF-ISNLAP - Chapecó/SC - Centro | C60: =Tabela2[[#This Row],[CATEGORIA]]&Tabela2[[#This Row],[CURSOS]] -> ENF-INS (Multidisciplinar II)EMF-ISN | D60: =IF(Tabela2[[#This Row],[SITUAÇÃO]]<>"Demitido",CONCATENATE(Tabela2[[#This Row],[POLO]],Tabela2[[#This Row],[CURSOS]]),"Substituição") -> Chapecó/SC - CentroEMF-ISN | E60: ENF-INS (Multidisciplinar II) | F60: EMF-ISN | G60: Chapecó/SC - Centro | H60: Joinice Lineira Oliveira Hippolyte | I60: =IFERROR(_xlfn.XLOOKUP(Tabela2[[#This Row],[CHAPA]],TUT.CONTROL!F:F,TUT.CONTROL!I:I),_xlfn.XLOOKUP(Tabela2[[#This Row],[CHAPA]],'REG.CONTROL'!F:F,'REG.CONTROL'!I:I)) -> Ativo | J60: =IFERROR(_xlfn.XLOOKUP(Tabela2[[#This Row],[NOME DO TUTOR]],TUT.CONTROL!C:C,TUT.CONTROL!G:G),"Demitido") -> 45901 | K60: 51981553415 | L60: =IFERROR(_xlfn.XLOOKUP(Tabela2[[#This Row],[NOME DO TUTOR]],TUT.CONTROL!C:C,TUT.CONTROL!F:F),"Demitido") -> 1158000937 | M60: joinice.hippolyte@tutorpratica.uniasselvi.com.br | N60: =IFERROR(_xlfn.XLOOKUP(Tabela2[[#This Row],[CHAPA]],TUT.CONTROL!F:F,TUT.CONTROL!H:H),_xlfn.XLOOKUP(Tabela2[[#This Row],[CHAPA]],'REG.CONTROL'!F:F,'REG.CONTROL'!H:H)) -> TUTOR DE PRATICA (UC_1749) | O60: =IFERROR(_xlfn.XLOOKUP(Tabela2[[#This Row],[NOME DO TUTOR]],TUT.CONTROL!C:C,TUT.CONTROL!K:K),"Demitido") -> 004:00 | P60: =IF(Tabela2[[#This Row],[SITUAÇÃO]]="Demitido",IFERROR(_xlfn.XLOOKUP(Tabela2[[#This Row],[CHAPA]],TUT.CONTROL!F:F,TUT.CONTROL!V:V),_xlfn.XLOOKUP(Tabela2[[#This Row],[CHAPA]],'REG.CONTROL'!F:F,'REG.CONTROL'!V:V)),"-") -> - | R60: COREN-SC | S60: 751160
A61: =IF(Tabela2[[#This Row],[SITUAÇÃO]]="Férias",CONCATENATE(Tabela2[[#This Row],[POLO]],Tabela2[[#This Row],[CURSOS]],Tabela2[[#This Row],[CATEGORIA]]),IF(Tabela2[[#This Row],[SITUAÇÃO]]="Ativo",CONCATENATE(Tabela2[[#This Row],[POLO]],Tabela2[[#This Row],[CURSOS]],Tabela2[[#This Row],[CATEGORIA]]),"desligado")) -> desligado | B61: =Tabela2[[#This Row],[CATEGORIA]]&Tabela2[[#This Row],[CURSOS]]&"LAP - "&Tabela2[[#This Row],[POLO]] -> ENF-INS (Multidisciplinar II)EMF-ISNLAP - Chapecó/SC - Centro | C61: =Tabela2[[#This Row],[CATEGORIA]]&Tabela2[[#This Row],[CURSOS]] -> ENF-INS (Multidisciplinar II)EMF-ISN | D61: =IF(Tabela2[[#This Row],[SITUAÇÃO]]<>"Demitido",CONCATENATE(Tabela2[[#This Row],[POLO]],Tabela2[[#This Row],[CURSOS]]),"Substituição") -> Substituição | E61: ENF-INS (Multidisciplinar II) | F61: EMF-ISN | G61: Chapecó/SC - Centro | H61: Ana Carolina Teixeira De Oliveira | I61: =IFERROR(_xlfn.XLOOKUP(Tabela2[[#This Row],[CHAPA]],TUT.CONTROL!F:F,TUT.CONTROL!I:I),_xlfn.XLOOKUP(Tabela2[[#This Row],[CHAPA]],'REG.CONTROL'!F:F,'REG.CONTROL'!I:I)) -> Demitido | J61: =IFERROR(_xlfn.XLOOKUP(Tabela2[[#This Row],[NOME DO TUTOR]],TUT.CONTROL!C:C,TUT.CONTROL!G:G),"Atualizar") -> 45810 | K61: 49999714970 | L61: =IFERROR(_xlfn.XLOOKUP(Tabela2[[#This Row],[NOME DO TUTOR]],TUT.CONTROL!C:C,TUT.CONTROL!F:F),"Demitido") -> 1158000724 | M61: ana.oliveira@tutorpratica.uniasselvi.com.br | N61: =IFERROR(_xlfn.XLOOKUP(Tabela2[[#This Row],[CHAPA]],TUT.CONTROL!F:F,TUT.CONTROL!H:H),_xlfn.XLOOKUP(Tabela2[[#This Row],[CHAPA]],'REG.CONTROL'!F:F,'REG.CONTROL'!H:H)) -> TUTOR DE PRATICA (UC_1749) | O61: =IFERROR(_xlfn.XLOOKUP(Tabela2[[#This Row],[NOME DO TUTOR]],TUT.CONTROL!C:C,TUT.CONTROL!K:K),"Demitido") -> 004:00 | P61: =IF(Tabela2[[#This Row],[SITUAÇÃO]]="Demitido",IFERROR(_xlfn.XLOOKUP(Tabela2[[#This Row],[CHAPA]],TUT.CONTROL!F:F,TUT.CONTROL!V:V),_xlfn.XLOOKUP(Tabela2[[#This Row],[CHAPA]],'REG.CONTROL'!F:F,'REG.CONTROL'!V:V)),"-") -> 45842 | Q61: Desligado
A62: =IF(Tabela2[[#This Row],[SITUAÇÃO]]="Férias",CONCATENATE(Tabela2[[#This Row],[POLO]],Tabela2[[#This Row],[CURSOS]],Tabela2[[#This Row],[CATEGORIA]]),IF(Tabela2[[#This Row],[SITUAÇÃO]]="Ativo",CONCATENATE(Tabela2[[#This Row],[POLO]],Tabela2[[#This Row],[CURSOS]],Tabela2[[#This Row],[CATEGORIA]]),"desligado")) -> desligado | B62: =Tabela2[[#This Row],[CATEGORIA]]&Tabela2[[#This Row],[CURSOS]]&"LAP - "&Tabela2[[#This Row],[POLO]] -> ENF-INS (Multidisciplinar II)EMF-ISNLAP - Cocos/BA | C62: =Tabela2[[#This Row],[CATEGORIA]]&Tabela2[[#This Row],[CURSOS]] -> ENF-INS (Multidisciplinar II)EMF-ISN | D62: =IF(Tabela2[[#This Row],[SITUAÇÃO]]<>"Demitido",CONCATENATE(Tabela2[[#This Row],[POLO]],Tabela2[[#This Row],[CURSOS]]),"Substituição") -> Substituição | E62: ENF-INS (Multidisciplinar II) | F62: EMF-ISN | G62: Cocos/BA | H62: Mateus Santos Macena | I62: =IFERROR(_xlfn.XLOOKUP(Tabela2[[#This Row],[CHAPA]],TUT.CONTROL!F:F,TUT.CONTROL!I:I),_xlfn.XLOOKUP(Tabela2[[#This Row],[CHAPA]],'REG.CONTROL'!F:F,'REG.CONTROL'!I:I)) -> Demitido | J62: =IFERROR(_xlfn.XLOOKUP(Tabela2[[#This Row],[NOME DO TUTOR]],TUT.CONTROL!C:C,TUT.CONTROL!G:G),"Demitido") -> 45749 | K62: 62 9670-0735 | L62: =IFERROR(_xlfn.XLOOKUP(Tabela2[[#This Row],[NOME DO TUTOR]],TUT.CONTROL!C:C,TUT.CONTROL!F:F),"Demitido") -> 1158000669 | M62: mateus.macena@tutorpratica.uniasselvi.com.br | N62: =IFERROR(_xlfn.XLOOKUP(Tabela2[[#This Row],[CHAPA]],TUT.CONTROL!F:F,TUT.CONTROL!H:H),_xlfn.XLOOKUP(Tabela2[[#This Row],[CHAPA]],'REG.CONTROL'!F:F,'REG.CONTROL'!H:H)) -> TUTOR DE PRATICA (UC_1749) | O62: =IFERROR(_xlfn.XLOOKUP(Tabela2[[#This Row],[NOME DO TUTOR]],TUT.CONTROL!C:C,TUT.CONTROL!K:K),"Demitido") -> 004:00 | P62: =IF(Tabela2[[#This Row],[SITUAÇÃO]]="Demitido",IFERROR(_xlfn.XLOOKUP(Tabela2[[#This Row],[CHAPA]],TUT.CONTROL!F:F,TUT.CONTROL!V:V),_xlfn.XLOOKUP(Tabela2[[#This Row],[CHAPA]],'REG.CONTROL'!F:F,'REG.CONTROL'!V:V)),"-") -> 45931 | Q62: Desligado | R62: COREN-GO | S62: 645507
A63: =IF(Tabela2[[#This Row],[SITUAÇÃO]]="Férias",CONCATENATE(Tabela2[[#This Row],[POLO]],Tabela2[[#This Row],[CURSOS]],Tabela2[[#This Row],[CATEGORIA]]),IF(Tabela2[[#This Row],[SITUAÇÃO]]="Ativo",CONCATENATE(Tabela2[[#This Row],[POLO]],Tabela2[[#This Row],[CURSOS]],Tabela2[[#This Row],[CATEGORIA]]),"desligado")) -> Colíder/MTEMF-ISNENF-INS (Multidisciplinar II) | B63: =Tabela2[[#This Row],[CATEGORIA]]&Tabela2[[#This Row],[CURSOS]]&"LAP - "&Tabela2[[#This Row],[POLO]] -> ENF-INS (Multidisciplinar II)EMF-ISNLAP - Colíder/MT | C63: =Tabela2[[#This Row],[CATEGORIA]]&Tabela2[[#This Row],[CURSOS]] -> ENF-INS (Multidisciplinar II)EMF-ISN | D63: =IF(Tabela2[[#This Row],[SITUAÇÃO]]<>"Demitido",CONCATENATE(Tabela2[[#This Row],[POLO]],Tabela2[[#This Row],[CURSOS]]),"Substituição") -> Colíder/MTEMF-ISN | E63: ENF-INS (Multidisciplinar II) | F63: EMF-ISN | G63: Colíder/MT | H63: Elaine Cristina Bianchi De Oliveira | I63: =IFERROR(_xlfn.XLOOKUP(Tabela2[[#This Row],[CHAPA]],TUT.CONTROL!F:F,TUT.CONTROL!I:I),_xlfn.XLOOKUP(Tabela2[[#This Row],[CHAPA]],'REG.CONTROL'!F:F,'REG.CONTROL'!I:I)) -> Ativo | J63: =IFERROR(_xlfn.XLOOKUP(Tabela2[[#This Row],[NOME DO TUTOR]],'REG.CONTROL'!C:C,'REG.CONTROL'!G:G),"Demitido") -> 45012 | K63: 6699979606 | L63: =IFERROR(_xlfn.XLOOKUP(Tabela2[[#This Row],[NOME DO TUTOR]],'REG.CONTROL'!C:C,'REG.CONTROL'!F:F),"Demitido") -> 1004011650 | M63: elaine.oliveira@regentedepolo.uniasselvi.com.br | N63: =IFERROR(_xlfn.XLOOKUP(Tabela2[[#This Row],[CHAPA]],TUT.CONTROL!F:F,TUT.CONTROL!H:H),_xlfn.XLOOKUP(Tabela2[[#This Row],[CHAPA]],'REG.CONTROL'!F:F,'REG.CONTROL'!H:H)) -> PROFESSOR REGENTE DE POLO (UC_1744) | O63: =IFERROR(_xlfn.XLOOKUP(Tabela2[[#This Row],[NOME DO TUTOR]],'REGENTE CH'!A:A,'REGENTE CH'!C:C),"Atualizar") -> 004:00 | P63: =IF(Tabela2[[#This Row],[SITUAÇÃO]]="Demitido",IFERROR(_xlfn.XLOOKUP(Tabela2[[#This Row],[CHAPA]],TUT.CONTROL!F:F,TUT.CONTROL!V:V),_xlfn.XLOOKUP(Tabela2[[#This Row],[CHAPA]],'REG.CONTROL'!F:F,'REG.CONTROL'!V:V)),"-") -> - | Q63: OK | R63: COREN-MT | S63: 34810
A64: =IF(Tabela2[[#This Row],[SITUAÇÃO]]="Férias",CONCATENATE(Tabela2[[#This Row],[POLO]],Tabela2[[#This Row],[CURSOS]],Tabela2[[#This Row],[CATEGORIA]]),IF(Tabela2[[#This Row],[SITUAÇÃO]]="Ativo",CONCATENATE(Tabela2[[#This Row],[POLO]],Tabela2[[#This Row],[CURSOS]],Tabela2[[#This Row],[CATEGORIA]]),"desligado")) -> Conselheiro Lafaiete/MGEMF-ISNENF-INS (Multidisciplinar II) | B64: =Tabela2[[#This Row],[CATEGORIA]]&Tabela2[[#This Row],[CURSOS]]&"LAP - "&Tabela2[[#This Row],[POLO]] -> ENF-INS (Multidisciplinar II)EMF-ISNLAP - Conselheiro Lafaiete/MG | C64: =Tabela2[[#This Row],[CATEGORIA]]&Tabela2[[#This Row],[CURSOS]] -> ENF-INS (Multidisciplinar II)EMF-ISN | D64: =IF(Tabela2[[#This Row],[SITUAÇÃO]]<>"Demitido",CONCATENATE(Tabela2[[#This Row],[POLO]],Tabela2[[#This Row],[CURSOS]]),"Substituição") -> Conselheiro Lafaiete/MGEMF-ISN | E64: ENF-INS (Multidisciplinar II) | F64: EMF-ISN | G64: Conselheiro Lafaiete/MG | H64: Aline Graziele Goncalves Costa | I64: =IFERROR(_xlfn.XLOOKUP(Tabela2[[#This Row],[CHAPA]],TUT.CONTROL!F:F,TUT.CONTROL!I:I),_xlfn.XLOOKUP(Tabela2[[#This Row],[CHAPA]],'REG.CONTROL'!F:F,'REG.CONTROL'!I:I)) -> Ativo | J64: =IFERROR(_xlfn.XLOOKUP(Tabela2[[#This Row],[NOME DO TUTOR]],TUT.CONTROL!C:C,TUT.CONTROL!G:G),"Demitido") -> 45889 | K64: 31985177216 | L64: =IFERROR(_xlfn.XLOOKUP(Tabela2[[#This Row],[NOME DO TUTOR]],TUT.CONTROL!C:C,TUT.CONTROL!F:F),"Demitido") -> 1158000909 | M64: aline.costa@tutorpratica.uniasselvi.com.br | N64: =IFERROR(_xlfn.XLOOKUP(Tabela2[[#This Row],[CHAPA]],TUT.CONTROL!F:F,TUT.CONTROL!H:H),_xlfn.XLOOKUP(Tabela2[[#This Row],[CHAPA]],'REG.CONTROL'!F:F,'REG.CONTROL'!H:H)) -> TUTOR DE PRATICA (UC_1749) | O64: =IFERROR(_xlfn.XLOOKUP(Tabela2[[#This Row],[NOME DO TUTOR]],TUT.CONTROL!C:C,TUT.CONTROL!K:K),"Demitido") -> 004:00 | P64: =IF(Tabela2[[#This Row],[SITUAÇÃO]]="Demitido",IFERROR(_xlfn.XLOOKUP(Tabela2[[#This Row],[CHAPA]],TUT.CONTROL!F:F,TUT.CONTROL!V:V),_xlfn.XLOOKUP(Tabela2[[#This Row],[CHAPA]],'REG.CONTROL'!F:F,'REG.CONTROL'!V:V)),"-") -> - | Q64: OK | R64: COREN-MG | S64: 935532
A65: =IF(Tabela2[[#This Row],[SITUAÇÃO]]="Férias",CONCATENATE(Tabela2[[#This Row],[POLO]],Tabela2[[#This Row],[CURSOS]],Tabela2[[#This Row],[CATEGORIA]]),IF(Tabela2[[#This Row],[SITUAÇÃO]]="Ativo",CONCATENATE(Tabela2[[#This Row],[POLO]],Tabela2[[#This Row],[CURSOS]],Tabela2[[#This Row],[CATEGORIA]]),"desligado")) -> Corumbá/MSEMF-ISNENF-INS (Multidisciplinar II) | B65: =Tabela2[[#This Row],[CATEGORIA]]&Tabela2[[#This Row],[CURSOS]]&"LAP - "&Tabela2[[#This Row],[POLO]] -> ENF-INS (Multidisciplinar II)EMF-ISNLAP - Corumbá/MS | C65: =Tabela2[[#This Row],[CATEGORIA]]&Tabela2[[#This Row],[CURSOS]] -> ENF-INS (Multidisciplinar II)EMF-ISN | D65: =IF(Tabela2[[#This Row],[SITUAÇÃO]]<>"Demitido",CONCATENATE(Tabela2[[#This Row],[POLO]],Tabela2[[#This Row],[CURSOS]]),"Substituição") -> Corumbá/MSEMF-ISN | E65: ENF-INS (Multidisciplinar II) | F65: EMF-ISN | G65: Corumbá/MS | H65: Ada Cecilia Gomes Porto | I65: =IFERROR(_xlfn.XLOOKUP(Tabela2[[#This Row],[CHAPA]],TUT.CONTROL!F:F,TUT.CONTROL!I:I),_xlfn.XLOOKUP(Tabela2[[#This Row],[CHAPA]],'REG.CONTROL'!F:F,'REG.CONTROL'!I:I)) -> Ativo | J65: =IFERROR(_xlfn.XLOOKUP(Tabela2[[#This Row],[NOME DO TUTOR]],'REG.CONTROL'!C:C,'REG.CONTROL'!G:G),"Demitido") -> 45355 | K65: 21998884941 | L65: =IFERROR(_xlfn.XLOOKUP(Tabela2[[#This Row],[NOME DO TUTOR]],'REG.CONTROL'!C:C,'REG.CONTROL'!F:F),"Demitido") -> 1004013932 | M65: ada.porto@regentedepolo.uniasselvi.com.br | N65: =IFERROR(_xlfn.XLOOKUP(Tabela2[[#This Row],[CHAPA]],TUT.CONTROL!F:F,TUT.CONTROL!H:H),_xlfn.XLOOKUP(Tabela2[[#This Row],[CHAPA]],'REG.CONTROL'!F:F,'REG.CONTROL'!H:H)) -> PROFESSOR REGENTE DE POLO (UC_1744) | O65: =IFERROR(_xlfn.XLOOKUP(Tabela2[[#This Row],[NOME DO TUTOR]],'REGENTE CH'!A:A,'REGENTE CH'!C:C),"Atualizar") -> 004:00 | P65: =IF(Tabela2[[#This Row],[SITUAÇÃO]]="Demitido",IFERROR(_xlfn.XLOOKUP(Tabela2[[#This Row],[CHAPA]],TUT.CONTROL!F:F,TUT.CONTROL!V:V),_xlfn.XLOOKUP(Tabela2[[#This Row],[CHAPA]],'REG.CONTROL'!F:F,'REG.CONTROL'!V:V)),"-") -> - | Q65: OK | R65: COREN-MS | S65: 336768
A66: =IF(Tabela2[[#This Row],[SITUAÇÃO]]="Férias",CONCATENATE(Tabela2[[#This Row],[POLO]],Tabela2[[#This Row],[CURSOS]],Tabela2[[#This Row],[CATEGORIA]]),IF(Tabela2[[#This Row],[SITUAÇÃO]]="Ativo",CONCATENATE(Tabela2[[#This Row],[POLO]],Tabela2[[#This Row],[CURSOS]],Tabela2[[#This Row],[CATEGORIA]]),"desligado")) -> Cristalina/GOEMF-ISNENF-INS (Multidisciplinar II) | B66: =Tabela2[[#This Row],[CATEGORIA]]&Tabela2[[#This Row],[CURSOS]]&"LAP - "&Tabela2[[#This Row],[POLO]] -> ENF-INS (Multidisciplinar II)EMF-ISNLAP - Cristalina/GO | C66: =Tabela2[[#This Row],[CATEGORIA]]&Tabela2[[#This Row],[CURSOS]] -> ENF-INS (Multidisciplinar II)EMF-ISN | D66: =IF(Tabela2[[#This Row],[SITUAÇÃO]]<>"Demitido",CONCATENATE(Tabela2[[#This Row],[POLO]],Tabela2[[#This Row],[CURSOS]]),"Substituição") -> Cristalina/GOEMF-ISN | E66: ENF-INS (Multidisciplinar II) | F66: EMF-ISN | G66: Cristalina/GO | H66: Merielle Fatima Rabelo Alves | I66: =IFERROR(_xlfn.XLOOKUP(Tabela2[[#This Row],[CHAPA]],TUT.CONTROL!F:F,TUT.CONTROL!I:I),_xlfn.XLOOKUP(Tabela2[[#This Row],[CHAPA]],'REG.CONTROL'!F:F,'REG.CONTROL'!I:I)) -> Ativo | J66: =IFERROR(_xlfn.XLOOKUP(Tabela2[[#This Row],[NOME DO TUTOR]],TUT.CONTROL!C:C,TUT.CONTROL!G:G),"Demitido") -> 45749 | K66: 61 9658-5728 | L66: =IFERROR(_xlfn.XLOOKUP(Tabela2[[#This Row],[NOME DO TUTOR]],TUT.CONTROL!C:C,TUT.CONTROL!F:F),"Demitido") -> 1158000661 | M66: merielle.ribeiro@tutorpratica.uniasselvi.com.br | N66: =IFERROR(_xlfn.XLOOKUP(Tabela2[[#This Row],[CHAPA]],TUT.CONTROL!F:F,TUT.CONTROL!H:H),_xlfn.XLOOKUP(Tabela2[[#This Row],[CHAPA]],'REG.CONTROL'!F:F,'REG.CONTROL'!H:H)) -> TUTOR DE PRATICA (UC_1749) | O66: =IFERROR(_xlfn.XLOOKUP(Tabela2[[#This Row],[NOME DO TUTOR]],TUT.CONTROL!C:C,TUT.CONTROL!K:K),"Demitido") -> 004:00 | P66: =IF(Tabela2[[#This Row],[SITUAÇÃO]]="Demitido",IFERROR(_xlfn.XLOOKUP(Tabela2[[#This Row],[CHAPA]],TUT.CONTROL!F:F,TUT.CONTROL!V:V),_xlfn.XLOOKUP(Tabela2[[#This Row],[CHAPA]],'REG.CONTROL'!F:F,'REG.CONTROL'!V:V)),"-") -> - | Q66: OK | R66: COREN-GO | S66: 337770
A67: =IF(Tabela2[[#This Row],[SITUAÇÃO]]="Férias",CONCATENATE(Tabela2[[#This Row],[POLO]],Tabela2[[#This Row],[CURSOS]],Tabela2[[#This Row],[CATEGORIA]]),IF(Tabela2[[#This Row],[SITUAÇÃO]]="Ativo",CONCATENATE(Tabela2[[#This Row],[POLO]],Tabela2[[#This Row],[CURSOS]],Tabela2[[#This Row],[CATEGORIA]]),"desligado")) -> Cruz Alta/RSEMF-ISNENF-INS (Multidisciplinar II) | B67: =Tabela2[[#This Row],[CATEGORIA]]&Tabela2[[#This Row],[CURSOS]]&"LAP - "&Tabela2[[#This Row],[POLO]] -> ENF-INS (Multidisciplinar II)EMF-ISNLAP - Cruz Alta/RS | C67: =Tabela2[[#This Row],[CATEGORIA]]&Tabela2[[#This Row],[CURSOS]] -> ENF-INS (Multidisciplinar II)EMF-ISN | D67: =IF(Tabela2[[#This Row],[SITUAÇÃO]]<>"Demitido",CONCATENATE(Tabela2[[#This Row],[POLO]],Tabela2[[#This Row],[CURSOS]]),"Substituição") -> Cruz Alta/RSEMF-ISN | E67: ENF-INS (Multidisciplinar II) | F67: EMF-ISN | G67: Cruz Alta/RS | H67: Jessica Lemes Garces | I67: =IFERROR(_xlfn.XLOOKUP(Tabela2[[#This Row],[CHAPA]],TUT.CONTROL!F:F,TUT.CONTROL!I:I),_xlfn.XLOOKUP(Tabela2[[#This Row],[CHAPA]],'REG.CONTROL'!F:F,'REG.CONTROL'!I:I)) -> Ativo | J67: =IFERROR(_xlfn.XLOOKUP(Tabela2[[#This Row],[NOME DO TUTOR]],TUT.CONTROL!C:C,TUT.CONTROL!G:G),"Demitido") -> 45756 | K67: 55 9128-8703 | L67: =IFERROR(_xlfn.XLOOKUP(Tabela2[[#This Row],[NOME DO TUTOR]],TUT.CONTROL!C:C,TUT.CONTROL!F:F),"Demitido") -> 1158000702 | M67: jessica.garces@tutorpratica.uniasselvi.com.br | N67: =IFERROR(_xlfn.XLOOKUP(Tabela2[[#This Row],[CHAPA]],TUT.CONTROL!F:F,TUT.CONTROL!H:H),_xlfn.XLOOKUP(Tabela2[[#This Row],[CHAPA]],'REG.CONTROL'!F:F,'REG.CONTROL'!H:H)) -> TUTOR DE PRATICA (UC_1749) | O67: =IFERROR(_xlfn.XLOOKUP(Tabela2[[#This Row],[NOME DO TUTOR]],TUT.CONTROL!C:C,TUT.CONTROL!K:K),"Demitido") -> 004:00 | P67: =IF(Tabela2[[#This Row],[SITUAÇÃO]]="Demitido",IFERROR(_xlfn.XLOOKUP(Tabela2[[#This Row],[CHAPA]],TUT.CONTROL!F:F,TUT.CONTROL!V:V),_xlfn.XLOOKUP(Tabela2[[#This Row],[CHAPA]],'REG.CONTROL'!F:F,'REG.CONTROL'!V:V)),"-") -> - | Q67: OK | R67: COREN-RS | S67: 920927
A68: =IF(Tabela2[[#This Row],[SITUAÇÃO]]="Férias",CONCATENATE(Tabela2[[#This Row],[POLO]],Tabela2[[#This Row],[CURSOS]],Tabela2[[#This Row],[CATEGORIA]]),IF(Tabela2[[#This Row],[SITUAÇÃO]]="Ativo",CONCATENATE(Tabela2[[#This Row],[POLO]],Tabela2[[#This Row],[CURSOS]],Tabela2[[#This Row],[CATEGORIA]]),"desligado")) -> Cruzeiro Do Sul/ACEMF-ISNENF-INS (Multidisciplinar II) | B68: =Tabela2[[#This Row],[CATEGORIA]]&Tabela2[[#This Row],[CURSOS]]&"LAP - "&Tabela2[[#This Row],[POLO]] -> ENF-INS (Multidisciplinar II)EMF-ISNLAP - Cruzeiro Do Sul/AC | C68: =Tabela2[[#This Row],[CATEGORIA]]&Tabela2[[#This Row],[CURSOS]] -> ENF-INS (Multidisciplinar II)EMF-ISN | D68: =IF(Tabela2[[#This Row],[SITUAÇÃO]]<>"Demitido",CONCATENATE(Tabela2[[#This Row],[POLO]],Tabela2[[#This Row],[CURSOS]]),"Substituição") -> Cruzeiro Do Sul/ACEMF-ISN | E68: ENF-INS (Multidisciplinar II) | F68: EMF-ISN | G68: Cruzeiro Do Sul/AC | H68: Antonia Fabricia Martins Da Silva | I68: =IFERROR(_xlfn.XLOOKUP(Tabela2[[#This Row],[CHAPA]],TUT.CONTROL!F:F,TUT.CONTROL!I:I),_xlfn.XLOOKUP(Tabela2[[#This Row],[CHAPA]],'REG.CONTROL'!F:F,'REG.CONTROL'!I:I)) -> Ativo | J68: =IFERROR(_xlfn.XLOOKUP(Tabela2[[#This Row],[NOME DO TUTOR]],TUT.CONTROL!C:C,TUT.CONTROL!G:G),"Demitido") -> 45761 | K68: 97 9151-8125 | L68: =IFERROR(_xlfn.XLOOKUP(Tabela2[[#This Row],[NOME DO TUTOR]],TUT.CONTROL!C:C,TUT.CONTROL!F:F),"Demitido") -> 1158000706 | M68: antonia.silva@tutorpratica.uniasselvi.com.br | N68: =IFERROR(_xlfn.XLOOKUP(Tabela2[[#This Row],[CHAPA]],TUT.CONTROL!F:F,TUT.CONTROL!H:H),_xlfn.XLOOKUP(Tabela2[[#This Row],[CHAPA]],'REG.CONTROL'!F:F,'REG.CONTROL'!H:H)) -> TUTOR DE PRATICA (UC_1749) | O68: =IFERROR(_xlfn.XLOOKUP(Tabela2[[#This Row],[NOME DO TUTOR]],TUT.CONTROL!C:C,TUT.CONTROL!K:K),"Demitido") -> 004:00 | P68: =IF(Tabela2[[#This Row],[SITUAÇÃO]]="Demitido",IFERROR(_xlfn.XLOOKUP(Tabela2[[#This Row],[CHAPA]],TUT.CONTROL!F:F,TUT.CONTROL!V:V),_xlfn.XLOOKUP(Tabela2[[#This Row],[CHAPA]],'REG.CONTROL'!F:F,'REG.CONTROL'!V:V)),"-") -> - | Q68: OK | R68: COREN-AC | S68: 932825
A69: =IF(Tabela2[[#This Row],[SITUAÇÃO]]="Férias",CONCATENATE(Tabela2[[#This Row],[POLO]],Tabela2[[#This Row],[CURSOS]],Tabela2[[#This Row],[CATEGORIA]]),IF(Tabela2[[#This Row],[SITUAÇÃO]]="Ativo",CONCATENATE(Tabela2[[#This Row],[POLO]],Tabela2[[#This Row],[CURSOS]],Tabela2[[#This Row],[CATEGORIA]]),"desligado")) -> desligado | B69: =Tabela2[[#This Row],[CATEGORIA]]&Tabela2[[#This Row],[CURSOS]]&"LAP - "&Tabela2[[#This Row],[POLO]] -> ENF-INS (Multidisciplinar II)EMF-ISNLAP - Cuiabá/MT - Poção | C69: =Tabela2[[#This Row],[CATEGORIA]]&Tabela2[[#This Row],[CURSOS]] -> ENF-INS (Multidisciplinar II)EMF-ISN | D69: =IF(Tabela2[[#This Row],[SITUAÇÃO]]<>"Demitido",CONCATENATE(Tabela2[[#This Row],[POLO]],Tabela2[[#This Row],[CURSOS]]),"Substituição") -> Substituição | E69: ENF-INS (Multidisciplinar II) | F69: EMF-ISN | G69: Cuiabá/MT - Poção | H69: Talita Xavier Claudino | I69: =IFERROR(_xlfn.XLOOKUP(Tabela2[[#This Row],[CHAPA]],TUT.CONTROL!F:F,TUT.CONTROL!I:I),_xlfn.XLOOKUP(Tabela2[[#This Row],[CHAPA]],'REG.CONTROL'!F:F,'REG.CONTROL'!I:I)) -> Demitido | J69: =IFERROR(_xlfn.XLOOKUP(Tabela2[[#This Row],[NOME DO TUTOR]],TUT.CONTROL!C:C,TUT.CONTROL!G:G),"Atualizar") -> 45735 | K69: 66996342798 | L69: =IFERROR(_xlfn.XLOOKUP(Tabela2[[#This Row],[NOME DO TUTOR]],TUT.CONTROL!C:C,TUT.CONTROL!F:F),"Demitido") -> 1158000587 | M69: talita.claudino@tutorpratica.uniasselvi.com.br | N69: =IFERROR(_xlfn.XLOOKUP(Tabela2[[#This Row],[CHAPA]],TUT.CONTROL!F:F,TUT.CONTROL!H:H),_xlfn.XLOOKUP(Tabela2[[#This Row],[CHAPA]],'REG.CONTROL'!F:F,'REG.CONTROL'!H:H)) -> TUTOR DE PRATICA (UC_1749) | O69: =IFERROR(_xlfn.XLOOKUP(Tabela2[[#This Row],[NOME DO TUTOR]],TUT.CONTROL!C:C,TUT.CONTROL!K:K),"Demitido") -> 008:00 | P69: =IF(Tabela2[[#This Row],[SITUAÇÃO]]="Demitido",IFERROR(_xlfn.XLOOKUP(Tabela2[[#This Row],[CHAPA]],TUT.CONTROL!F:F,TUT.CONTROL!V:V),_xlfn.XLOOKUP(Tabela2[[#This Row],[CHAPA]],'REG.CONTROL'!F:F,'REG.CONTROL'!V:V)),"-") -> 45820 | Q69: Desligado
A70: =IF(Tabela2[[#This Row],[SITUAÇÃO]]="Férias",CONCATENATE(Tabela2[[#This Row],[POLO]],Tabela2[[#This Row],[CURSOS]],Tabela2[[#This Row],[CATEGORIA]]),IF(Tabela2[[#This Row],[SITUAÇÃO]]="Ativo",CONCATENATE(Tabela2[[#This Row],[POLO]],Tabela2[[#This Row],[CURSOS]],Tabela2[[#This Row],[CATEGORIA]]),"desligado")) -> desligado | B70: =Tabela2[[#This Row],[CATEGORIA]]&Tabela2[[#This Row],[CURSOS]]&"LAP - "&Tabela2[[#This Row],[POLO]] -> ENF-INS (Multidisciplinar II)EMF-ISNLAP - Cuiabá/MT - Poção | C70: =Tabela2[[#This Row],[CATEGORIA]]&Tabela2[[#This Row],[CURSOS]] -> ENF-INS (Multidisciplinar II)EMF-ISN | D70: =IF(Tabela2[[#This Row],[SITUAÇÃO]]<>"Demitido",CONCATENATE(Tabela2[[#This Row],[POLO]],Tabela2[[#This Row],[CURSOS]]),"Substituição") -> Substituição | E70: ENF-INS (Multidisciplinar II) | F70: EMF-ISN | G70: Cuiabá/MT - Poção | H70: Fernando Henrique Modolo | I70: =IFERROR(_xlfn.XLOOKUP(Tabela2[[#This Row],[CHAPA]],TUT.CONTROL!F:F,TUT.CONTROL!I:I),_xlfn.XLOOKUP(Tabela2[[#This Row],[CHAPA]],'REG.CONTROL'!F:F,'REG.CONTROL'!I:I)) -> Demitido | J70: =IFERROR(_xlfn.XLOOKUP(Tabela2[[#This Row],[NOME DO TUTOR]],TUT.CONTROL!C:C,TUT.CONTROL!G:G),"Demitido") -> 45880 | K70: 66984109939 | L70: =IFERROR(_xlfn.XLOOKUP(Tabela2[[#This Row],[NOME DO TUTOR]],TUT.CONTROL!C:C,TUT.CONTROL!F:F),"Demitido") -> 1158000865 | M70: fernando.modolo@tutorpratica.uniasselvi.com.br | N70: =IFERROR(_xlfn.XLOOKUP(Tabela2[[#This Row],[CHAPA]],TUT.CONTROL!F:F,TUT.CONTROL!H:H),_xlfn.XLOOKUP(Tabela2[[#This Row],[CHAPA]],'REG.CONTROL'!F:F,'REG.CONTROL'!H:H)) -> TUTOR DE PRATICA (UC_1749) | O70: =IFERROR(_xlfn.XLOOKUP(Tabela2[[#This Row],[NOME DO TUTOR]],TUT.CONTROL!C:C,TUT.CONTROL!K:K),"Demitido") -> 004:00 | P70: =IF(Tabela2[[#This Row],[SITUAÇÃO]]="Demitido",IFERROR(_xlfn.XLOOKUP(Tabela2[[#This Row],[CHAPA]],TUT.CONTROL!F:F,TUT.CONTROL!V:V),_xlfn.XLOOKUP(Tabela2[[#This Row],[CHAPA]],'REG.CONTROL'!F:F,'REG.CONTROL'!V:V)),"-") -> 46041 | Q70: Desligado | R70: COREN-MT | S70: 595284
A71: =IF(Tabela2[[#This Row],[SITUAÇÃO]]="Férias",CONCATENATE(Tabela2[[#This Row],[POLO]],Tabela2[[#This Row],[CURSOS]],Tabela2[[#This Row],[CATEGORIA]]),IF(Tabela2[[#This Row],[SITUAÇÃO]]="Ativo",CONCATENATE(Tabela2[[#This Row],[POLO]],Tabela2[[#This Row],[CURSOS]],Tabela2[[#This Row],[CATEGORIA]]),"desligado")) -> Curitiba/PR - BoqueirãoEMF-ISNENF-INS (Multidisciplinar II) | B71: =Tabela2[[#This Row],[CATEGORIA]]&Tabela2[[#This Row],[CURSOS]]&"LAP - "&Tabela2[[#This Row],[POLO]] -> ENF-INS (Multidisciplinar II)EMF-ISNLAP - Curitiba/PR - Boqueirão | C71: =Tabela2[[#This Row],[CATEGORIA]]&Tabela2[[#This Row],[CURSOS]] -> ENF-INS (Multidisciplinar II)EMF-ISN | D71: =IF(Tabela2[[#This Row],[SITUAÇÃO]]<>"Demitido",CONCATENATE(Tabela2[[#This Row],[POLO]],Tabela2[[#This Row],[CURSOS]]),"Substituição") -> Curitiba/PR - BoqueirãoEMF-ISN | E71: ENF-INS (Multidisciplinar II) | F71: EMF-ISN | G71: Curitiba/PR - Boqueirão | H71: Fadia Amira Baitala | I71: =IFERROR(_xlfn.XLOOKUP(Tabela2[[#This Row],[CHAPA]],TUT.CONTROL!F:F,TUT.CONTROL!I:I),_xlfn.XLOOKUP(Tabela2[[#This Row],[CHAPA]],'REG.CONTROL'!F:F,'REG.CONTROL'!I:I)) -> Ativo | J71: =IFERROR(_xlfn.XLOOKUP(Tabela2[[#This Row],[NOME DO TUTOR]],TUT.CONTROL!C:C,TUT.CONTROL!G:G),"Demitido") -> 45726 | K71: 41988323688 | L71: =IFERROR(_xlfn.XLOOKUP(Tabela2[[#This Row],[NOME DO TUTOR]],TUT.CONTROL!C:C,TUT.CONTROL!F:F),"Demitido") -> 1158000542 | M71: fadia.baitala@tutorpratica.uniasselvi.com.br | N71: =IFERROR(_xlfn.XLOOKUP(Tabela2[[#This Row],[CHAPA]],TUT.CONTROL!F:F,TUT.CONTROL!H:H),_xlfn.XLOOKUP(Tabela2[[#This Row],[CHAPA]],'REG.CONTROL'!F:F,'REG.CONTROL'!H:H)) -> TUTOR DE PRATICA (UC_1749) | O71: =IFERROR(_xlfn.XLOOKUP(Tabela2[[#This Row],[NOME DO TUTOR]],TUT.CONTROL!C:C,TUT.CONTROL!K:K),"Demitido") -> 008:00 | P71: =IF(Tabela2[[#This Row],[SITUAÇÃO]]="Demitido",IFERROR(_xlfn.XLOOKUP(Tabela2[[#This Row],[CHAPA]],TUT.CONTROL!F:F,TUT.CONTROL!V:V),_xlfn.XLOOKUP(Tabela2[[#This Row],[CHAPA]],'REG.CONTROL'!F:F,'REG.CONTROL'!V:V)),"-") -> - | Q71: OK | R71: COREN-PR | S71: 431243
A72: =IF(Tabela2[[#This Row],[SITUAÇÃO]]="Férias",CONCATENATE(Tabela2[[#This Row],[POLO]],Tabela2[[#This Row],[CURSOS]],Tabela2[[#This Row],[CATEGORIA]]),IF(Tabela2[[#This Row],[SITUAÇÃO]]="Ativo",CONCATENATE(Tabela2[[#This Row],[POLO]],Tabela2[[#This Row],[CURSOS]],Tabela2[[#This Row],[CATEGORIA]]),"desligado")) -> Curitiba/PR - CentroEMF-ISNENF-INS (Multidisciplinar II) | B72: =Tabela2[[#This Row],[CATEGORIA]]&Tabela2[[#This Row],[CURSOS]]&"LAP - "&Tabela2[[#This Row],[POLO]] -> ENF-INS (Multidisciplinar II)EMF-ISNLAP - Curitiba/PR - Centro | C72: =Tabela2[[#This Row],[CATEGORIA]]&Tabela2[[#This Row],[CURSOS]] -> ENF-INS (Multidisciplinar II)EMF-ISN | D72: =IF(Tabela2[[#This Row],[SITUAÇÃO]]<>"Demitido",CONCATENATE(Tabela2[[#This Row],[POLO]],Tabela2[[#This Row],[CURSOS]]),"Substituição") -> Curitiba/PR - CentroEMF-ISN | E72: ENF-INS (Multidisciplinar II) | F72: EMF-ISN | G72: Curitiba/PR - Centro | H72: Vania Carvalho De Oliveira Schuertz | I72: =IFERROR(_xlfn.XLOOKUP(Tabela2[[#This Row],[CHAPA]],TUT.CONTROL!F:F,TUT.CONTROL!I:I),_xlfn.XLOOKUP(Tabela2[[#This Row],[CHAPA]],'REG.CONTROL'!F:F,'REG.CONTROL'!I:I)) -> Ativo | J72: =IFERROR(_xlfn.XLOOKUP(Tabela2[[#This Row],[NOME DO TUTOR]],TUT.CONTROL!C:C,TUT.CONTROL!G:G),"Demitido") -> 45749 | K72: 41991466314 | L72: =IFERROR(_xlfn.XLOOKUP(Tabela2[[#This Row],[NOME DO TUTOR]],TUT.CONTROL!C:C,TUT.CONTROL!F:F),"Demitido") -> 1158000655 | M72: vania.schuertz@tutorpratica.uniasselvi.com.br | N72: =IFERROR(_xlfn.XLOOKUP(Tabela2[[#This Row],[CHAPA]],TUT.CONTROL!F:F,TUT.CONTROL!H:H),_xlfn.XLOOKUP(Tabela2[[#This Row],[CHAPA]],'REG.CONTROL'!F:F,'REG.CONTROL'!H:H)) -> TUTOR DE PRATICA (UC_1749) | O72: =IFERROR(_xlfn.XLOOKUP(Tabela2[[#This Row],[NOME DO TUTOR]],TUT.CONTROL!C:C,TUT.CONTROL!K:K),"Demitido") -> 008:00 | P72: =IF(Tabela2[[#This Row],[SITUAÇÃO]]="Demitido",IFERROR(_xlfn.XLOOKUP(Tabela2[[#This Row],[CHAPA]],TUT.CONTROL!F:F,TUT.CONTROL!V:V),_xlfn.XLOOKUP(Tabela2[[#This Row],[CHAPA]],'REG.CONTROL'!F:F,'REG.CONTROL'!V:V)),"-") -> - | Q72: OK | R72: COREN-PR | S72: 293702
A73: =IF(Tabela2[[#This Row],[SITUAÇÃO]]="Férias",CONCATENATE(Tabela2[[#This Row],[POLO]],Tabela2[[#This Row],[CURSOS]],Tabela2[[#This Row],[CATEGORIA]]),IF(Tabela2[[#This Row],[SITUAÇÃO]]="Ativo",CONCATENATE(Tabela2[[#This Row],[POLO]],Tabela2[[#This Row],[CURSOS]],Tabela2[[#This Row],[CATEGORIA]]),"desligado")) -> Curitibanos/SCEMF-ISNENF-INS (Multidisciplinar II) | B73: =Tabela2[[#This Row],[CATEGORIA]]&Tabela2[[#This Row],[CURSOS]]&"LAP - "&Tabela2[[#This Row],[POLO]] -> ENF-INS (Multidisciplinar II)EMF-ISNLAP - Curitibanos/SC | C73: =Tabela2[[#This Row],[CATEGORIA]]&Tabela2[[#This Row],[CURSOS]] -> ENF-INS (Multidisciplinar II)EMF-ISN | D73: =IF(Tabela2[[#This Row],[SITUAÇÃO]]<>"Demitido",CONCATENATE(Tabela2[[#This Row],[POLO]],Tabela2[[#This Row],[CURSOS]]),"Substituição") -> Curitibanos/SCEMF-ISN | E73: ENF-INS (Multidisciplinar II) | F73: EMF-ISN | G73: Curitibanos/SC | H73: Clademir Jose Fernandes Da Silva | I73: =IFERROR(_xlfn.XLOOKUP(Tabela2[[#This Row],[CHAPA]],TUT.CONTROL!F:F,TUT.CONTROL!I:I),_xlfn.XLOOKUP(Tabela2[[#This Row],[CHAPA]],'REG.CONTROL'!F:F,'REG.CONTROL'!I:I)) -> Ativo | J73: =IFERROR(_xlfn.XLOOKUP(Tabela2[[#This Row],[NOME DO TUTOR]],'REG.CONTROL'!C:C,'REG.CONTROL'!G:G),"Demitido") -> 45146 | K73: 49991829157 | L73: =IFERROR(_xlfn.XLOOKUP(Tabela2[[#This Row],[NOME DO TUTOR]],'REG.CONTROL'!C:C,'REG.CONTROL'!F:F),"Demitido") -> 1004012569 | M73: clademir.silva@regentedepolo.uniasselvi.com.br | N73: =IFERROR(_xlfn.XLOOKUP(Tabela2[[#This Row],[CHAPA]],TUT.CONTROL!F:F,TUT.CONTROL!H:H),_xlfn.XLOOKUP(Tabela2[[#This Row],[CHAPA]],'REG.CONTROL'!F:F,'REG.CONTROL'!H:H)) -> PROFESSOR REGENTE DE POLO (UC_1744) | O73: =IFERROR(_xlfn.XLOOKUP(Tabela2[[#This Row],[NOME DO TUTOR]],'REGENTE CH'!A:A,'REGENTE CH'!C:C),"Atualizar") -> 004:00 | P73: =IF(Tabela2[[#This Row],[SITUAÇÃO]]="Demitido",IFERROR(_xlfn.XLOOKUP(Tabela2[[#This Row],[CHAPA]],TUT.CONTROL!F:F,TUT.CONTROL!V:V),_xlfn.XLOOKUP(Tabela2[[#This Row],[CHAPA]],'REG.CONTROL'!F:F,'REG.CONTROL'!V:V)),"-") -> - | Q73: OK | R73: COREN-SC | S73: 534860
A74: =IF(Tabela2[[#This Row],[SITUAÇÃO]]="Férias",CONCATENATE(Tabela2[[#This Row],[POLO]],Tabela2[[#This Row],[CURSOS]],Tabela2[[#This Row],[CATEGORIA]]),IF(Tabela2[[#This Row],[SITUAÇÃO]]="Ativo",CONCATENATE(Tabela2[[#This Row],[POLO]],Tabela2[[#This Row],[CURSOS]],Tabela2[[#This Row],[CATEGORIA]]),"desligado")) -> Diamantina/MGEMF-ISNENF-INS (Multidisciplinar II) | B74: =Tabela2[[#This Row],[CATEGORIA]]&Tabela2[[#This Row],[CURSOS]]&"LAP - "&Tabela2[[#This Row],[POLO]] -> ENF-INS (Multidisciplinar II)EMF-ISNLAP - Diamantina/MG | C74: =Tabela2[[#This Row],[CATEGORIA]]&Tabela2[[#This Row],[CURSOS]] -> ENF-INS (Multidisciplinar II)EMF-ISN | D74: =IF(Tabela2[[#This Row],[SITUAÇÃO]]<>"Demitido",CONCATENATE(Tabela2[[#This Row],[POLO]],Tabela2[[#This Row],[CURSOS]]),"Substituição") -> Diamantina/MGEMF-ISN | E74: ENF-INS (Multidisciplinar II) | F74: EMF-ISN | G74: Diamantina/MG | H74: Cleya Da Silva Santana Cruz | I74: =IFERROR(_xlfn.XLOOKUP(Tabela2[[#This Row],[CHAPA]],TUT.CONTROL!F:F,TUT.CONTROL!I:I),_xlfn.XLOOKUP(Tabela2[[#This Row],[CHAPA]],'REG.CONTROL'!F:F,'REG.CONTROL'!I:I)) -> Ativo | J74: =IFERROR(_xlfn.XLOOKUP(Tabela2[[#This Row],[NOME DO TUTOR]],TUT.CONTROL!C:C,TUT.CONTROL!G:G),"Demitido") -> 45880 | K74: 38999633259 | L74: =IFERROR(_xlfn.XLOOKUP(Tabela2[[#This Row],[NOME DO TUTOR]],TUT.CONTROL!C:C,TUT.CONTROL!F:F),"Demitido") -> 1158000853 | M74: cleya.cruz@tutorpratica.uniasselvi.com.br | N74: =IFERROR(_xlfn.XLOOKUP(Tabela2[[#This Row],[CHAPA]],TUT.CONTROL!F:F,TUT.CONTROL!H:H),_xlfn.XLOOKUP(Tabela2[[#This Row],[CHAPA]],'REG.CONTROL'!F:F,'REG.CONTROL'!H:H)) -> TUTOR DE PRATICA (UC_1749) | O74: =IFERROR(_xlfn.XLOOKUP(Tabela2[[#This Row],[NOME DO TUTOR]],TUT.CONTROL!C:C,TUT.CONTROL!K:K),"Demitido") -> 004:00 | P74: =IF(Tabela2[[#This Row],[SITUAÇÃO]]="Demitido",IFERROR(_xlfn.XLOOKUP(Tabela2[[#This Row],[CHAPA]],TUT.CONTROL!F:F,TUT.CONTROL!V:V),_xlfn.XLOOKUP(Tabela2[[#This Row],[CHAPA]],'REG.CONTROL'!F:F,'REG.CONTROL'!V:V)),"-") -> - | Q74: OK | R74: COREN-MG
A75: =IF(Tabela2[[#This Row],[SITUAÇÃO]]="Férias",CONCATENATE(Tabela2[[#This Row],[POLO]],Tabela2[[#This Row],[CURSOS]],Tabela2[[#This Row],[CATEGORIA]]),IF(Tabela2[[#This Row],[SITUAÇÃO]]="Ativo",CONCATENATE(Tabela2[[#This Row],[POLO]],Tabela2[[#This Row],[CURSOS]],Tabela2[[#This Row],[CATEGORIA]]),"desligado")) -> Dourados/MSEMF-ISNENF-INS (Multidisciplinar II) | B75: =Tabela2[[#This Row],[CATEGORIA]]&Tabela2[[#This Row],[CURSOS]]&"LAP - "&Tabela2[[#This Row],[POLO]] -> ENF-INS (Multidisciplinar II)EMF-ISNLAP - Dourados/MS | C75: =Tabela2[[#This Row],[CATEGORIA]]&Tabela2[[#This Row],[CURSOS]] -> ENF-INS (Multidisciplinar II)EMF-ISN | D75: =IF(Tabela2[[#This Row],[SITUAÇÃO]]<>"Demitido",CONCATENATE(Tabela2[[#This Row],[POLO]],Tabela2[[#This Row],[CURSOS]]),"Substituição") -> Dourados/MSEMF-ISN | E75: ENF-INS (Multidisciplinar II) | F75: EMF-ISN | G75: Dourados/MS | H75: Nivia Maria Da Silva Calado | I75: =IFERROR(_xlfn.XLOOKUP(Tabela2[[#This Row],[CHAPA]],TUT.CONTROL!F:F,TUT.CONTROL!I:I),_xlfn.XLOOKUP(Tabela2[[#This Row],[CHAPA]],'REG.CONTROL'!F:F,'REG.CONTROL'!I:I)) -> Ativo | J75: =IFERROR(_xlfn.XLOOKUP(Tabela2[[#This Row],[NOME DO TUTOR]],TUT.CONTROL!C:C,TUT.CONTROL!G:G),"Demitido") -> 45735 | K75: 67984453077 | L75: =IFERROR(_xlfn.XLOOKUP(Tabela2[[#This Row],[NOME DO TUTOR]],TUT.CONTROL!C:C,TUT.CONTROL!F:F),"Demitido") -> 1158000582 | M75: nivia.calado@tutorpratica.uniasselvi.com.br | N75: =IFERROR(_xlfn.XLOOKUP(Tabela2[[#This Row],[CHAPA]],TUT.CONTROL!F:F,TUT.CONTROL!H:H),_xlfn.XLOOKUP(Tabela2[[#This Row],[CHAPA]],'REG.CONTROL'!F:F,'REG.CONTROL'!H:H)) -> TUTOR DE PRATICA (UC_1749) | O75: =IFERROR(_xlfn.XLOOKUP(Tabela2[[#This Row],[NOME DO TUTOR]],TUT.CONTROL!C:C,TUT.CONTROL!K:K),"Demitido") -> 004:00 | P75: =IF(Tabela2[[#This Row],[SITUAÇÃO]]="Demitido",IFERROR(_xlfn.XLOOKUP(Tabela2[[#This Row],[CHAPA]],TUT.CONTROL!F:F,TUT.CONTROL!V:V),_xlfn.XLOOKUP(Tabela2[[#This Row],[CHAPA]],'REG.CONTROL'!F:F,'REG.CONTROL'!V:V)),"-") -> - | Q75: OK | R75: COREN-MS | S75: 237177
A76: =IF(Tabela2[[#This Row],[SITUAÇÃO]]="Férias",CONCATENATE(Tabela2[[#This Row],[POLO]],Tabela2[[#This Row],[CURSOS]],Tabela2[[#This Row],[CATEGORIA]]),IF(Tabela2[[#This Row],[SITUAÇÃO]]="Ativo",CONCATENATE(Tabela2[[#This Row],[POLO]],Tabela2[[#This Row],[CURSOS]],Tabela2[[#This Row],[CATEGORIA]]),"desligado")) -> Duque de Caxias/RJ - 25 de AgostoEMF-ISNENF-INS (Multidisciplinar II) | B76: =Tabela2[[#This Row],[CATEGORIA]]&Tabela2[[#This Row],[CURSOS]]&"LAP - "&Tabela2[[#This Row],[POLO]] -> ENF-INS (Multidisciplinar II)EMF-ISNLAP - Duque de Caxias/RJ - 25 de Agosto | C76: =Tabela2[[#This Row],[CATEGORIA]]&Tabela2[[#This Row],[CURSOS]] -> ENF-INS (Multidisciplinar II)EMF-ISN | D76: =IF(Tabela2[[#This Row],[SITUAÇÃO]]<>"Demitido",CONCATENATE(Tabela2[[#This Row],[POLO]],Tabela2[[#This Row],[CURSOS]]),"Substituição") -> Duque de Caxias/RJ - 25 de AgostoEMF-ISN | E76: ENF-INS (Multidisciplinar II) | F76: EMF-ISN | G76: Duque de Caxias/RJ - 25 de Agosto | H76: Magno Luis Das Neves Rosa | I76: =IFERROR(_xlfn.XLOOKUP(Tabela2[[#This Row],[CHAPA]],TUT.CONTROL!F:F,TUT.CONTROL!I:I),_xlfn.XLOOKUP(Tabela2[[#This Row],[CHAPA]],'REG.CONTROL'!F:F,'REG.CONTROL'!I:I)) -> Ativo | J76: =IFERROR(_xlfn.XLOOKUP(Tabela2[[#This Row],[NOME DO TUTOR]],TUT.CONTROL!C:C,TUT.CONTROL!G:G),"Demitido") -> 45721 | K76: 21 96440-7572 | L76: =IFERROR(_xlfn.XLOOKUP(Tabela2[[#This Row],[NOME DO TUTOR]],TUT.CONTROL!C:C,TUT.CONTROL!F:F),"Demitido") -> 1158000531 | M76: magno.rosa@tutorpratica.uniasselvi.com.br | N76: =IFERROR(_xlfn.XLOOKUP(Tabela2[[#This Row],[CHAPA]],TUT.CONTROL!F:F,TUT.CONTROL!H:H),_xlfn.XLOOKUP(Tabela2[[#This Row],[CHAPA]],'REG.CONTROL'!F:F,'REG.CONTROL'!H:H)) -> TUTOR DE PRATICA (UC_1749) | O76: =IFERROR(_xlfn.XLOOKUP(Tabela2[[#This Row],[NOME DO TUTOR]],TUT.CONTROL!C:C,TUT.CONTROL!K:K),"Demitido") -> 012:00 | P76: =IF(Tabela2[[#This Row],[SITUAÇÃO]]="Demitido",IFERROR(_xlfn.XLOOKUP(Tabela2[[#This Row],[CHAPA]],TUT.CONTROL!F:F,TUT.CONTROL!V:V),_xlfn.XLOOKUP(Tabela2[[#This Row],[CHAPA]],'REG.CONTROL'!F:F,'REG.CONTROL'!V:V)),"-") -> - | Q76: OK | R76: COREN-RJ | S76: 345683
A77: =IF(Tabela2[[#This Row],[SITUAÇÃO]]="Férias",CONCATENATE(Tabela2[[#This Row],[POLO]],Tabela2[[#This Row],[CURSOS]],Tabela2[[#This Row],[CATEGORIA]]),IF(Tabela2[[#This Row],[SITUAÇÃO]]="Ativo",CONCATENATE(Tabela2[[#This Row],[POLO]],Tabela2[[#This Row],[CURSOS]],Tabela2[[#This Row],[CATEGORIA]]),"desligado")) -> Erval Seco/RSEMF-ISNENF-INS (Multidisciplinar II) | B77: =Tabela2[[#This Row],[CATEGORIA]]&Tabela2[[#This Row],[CURSOS]]&"LAP - "&Tabela2[[#This Row],[POLO]] -> ENF-INS (Multidisciplinar II)EMF-ISNLAP - Erval Seco/RS | C77: =Tabela2[[#This Row],[CATEGORIA]]&Tabela2[[#This Row],[CURSOS]] -> ENF-INS (Multidisciplinar II)EMF-ISN | D77: =IF(Tabela2[[#This Row],[SITUAÇÃO]]<>"Demitido",CONCATENATE(Tabela2[[#This Row],[POLO]],Tabela2[[#This Row],[CURSOS]]),"Substituição") -> Erval Seco/RSEMF-ISN | E77: ENF-INS (Multidisciplinar II) | F77: EMF-ISN | G77: Erval Seco/RS | H77: Cleoniria Barbosa Pereira | I77: =IFERROR(_xlfn.XLOOKUP(Tabela2[[#This Row],[CHAPA]],TUT.CONTROL!F:F,TUT.CONTROL!I:I),_xlfn.XLOOKUP(Tabela2[[#This Row],[CHAPA]],'REG.CONTROL'!F:F,'REG.CONTROL'!I:I)) -> Ativo | J77: =IFERROR(_xlfn.XLOOKUP(Tabela2[[#This Row],[NOME DO TUTOR]],TUT.CONTROL!C:C,TUT.CONTROL!G:G),"Atualizar") -> 46118 | K77: 55999922878 | L77: =IFERROR(_xlfn.XLOOKUP(Tabela2[[#This Row],[NOME DO TUTOR]],TUT.CONTROL!C:C,TUT.CONTROL!F:F),"Atualizar") -> 1158001204 | M77: cleoniria.pereira@tutorpratica.uniasselvi.com.br | N77: =IFERROR(_xlfn.XLOOKUP(Tabela2[[#This Row],[CHAPA]],TUT.CONTROL!F:F,TUT.CONTROL!H:H),_xlfn.XLOOKUP(Tabela2[[#This Row],[CHAPA]],'REG.CONTROL'!F:F,'REG.CONTROL'!H:H)) -> TUTOR DE PRATICA (UC_1749) | O77: =IFERROR(_xlfn.XLOOKUP(Tabela2[[#This Row],[NOME DO TUTOR]],TUT.CONTROL!C:C,TUT.CONTROL!K:K),"Atualizar") -> 004:00 | P77: =IF(Tabela2[[#This Row],[SITUAÇÃO]]="Demitido",IFERROR(_xlfn.XLOOKUP(Tabela2[[#This Row],[CHAPA]],TUT.CONTROL!F:F,TUT.CONTROL!V:V),_xlfn.XLOOKUP(Tabela2[[#This Row],[CHAPA]],'REG.CONTROL'!F:F,'REG.CONTROL'!V:V)),"-") -> - | Q77: OK | S77: 815950
A78: =IF(Tabela2[[#This Row],[SITUAÇÃO]]="Férias",CONCATENATE(Tabela2[[#This Row],[POLO]],Tabela2[[#This Row],[CURSOS]],Tabela2[[#This Row],[CATEGORIA]]),IF(Tabela2[[#This Row],[SITUAÇÃO]]="Ativo",CONCATENATE(Tabela2[[#This Row],[POLO]],Tabela2[[#This Row],[CURSOS]],Tabela2[[#This Row],[CATEGORIA]]),"desligado")) -> desligado | B78: =Tabela2[[#This Row],[CATEGORIA]]&Tabela2[[#This Row],[CURSOS]]&"LAP - "&Tabela2[[#This Row],[POLO]] -> ENF-INS (Multidisciplinar II)EMF-ISNLAP - Fazenda Rio Grande/PR | C78: =Tabela2[[#This Row],[CATEGORIA]]&Tabela2[[#This Row],[CURSOS]] -> ENF-INS (Multidisciplinar II)EMF-ISN | D78: =IF(Tabela2[[#This Row],[SITUAÇÃO]]<>"Demitido",CONCATENATE(Tabela2[[#This Row],[POLO]],Tabela2[[#This Row],[CURSOS]]),"Substituição") -> Substituição | E78: ENF-INS (Multidisciplinar II) | F78: EMF-ISN | G78: Fazenda Rio Grande/PR | H78: Quezia De Souza Porto | I78: =IFERROR(_xlfn.XLOOKUP(Tabela2[[#This Row],[CHAPA]],TUT.CONTROL!F:F,TUT.CONTROL!I:I),_xlfn.XLOOKUP(Tabela2[[#This Row],[CHAPA]],'REG.CONTROL'!F:F,'REG.CONTROL'!I:I)) -> Demitido | J78: =IFERROR(_xlfn.XLOOKUP(Tabela2[[#This Row],[NOME DO TUTOR]],TUT.CONTROL!C:C,TUT.CONTROL!G:G),"Demitido") -> 45812 | K78: 69993222184 | L78: =IFERROR(_xlfn.XLOOKUP(Tabela2[[#This Row],[NOME DO TUTOR]],TUT.CONTROL!C:C,TUT.CONTROL!F:F),"Demitido") -> 1158000740 | M78: quezia.porto@tutorpratica.uniasselvi.com.br | N78: =IFERROR(_xlfn.XLOOKUP(Tabela2[[#This Row],[CHAPA]],TUT.CONTROL!F:F,TUT.CONTROL!H:H),_xlfn.XLOOKUP(Tabela2[[#This Row],[CHAPA]],'REG.CONTROL'!F:F,'REG.CONTROL'!H:H)) -> TUTOR DE PRATICA (UC_1749) | O78: =IFERROR(_xlfn.XLOOKUP(Tabela2[[#This Row],[NOME DO TUTOR]],TUT.CONTROL!C:C,TUT.CONTROL!K:K),"Demitido") -> 004:00 | P78: =IF(Tabela2[[#This Row],[SITUAÇÃO]]="Demitido",IFERROR(_xlfn.XLOOKUP(Tabela2[[#This Row],[CHAPA]],TUT.CONTROL!F:F,TUT.CONTROL!V:V),_xlfn.XLOOKUP(Tabela2[[#This Row],[CHAPA]],'REG.CONTROL'!F:F,'REG.CONTROL'!V:V)),"-") -> 45931 | Q78: Desligado | R78: COREN-RO | S78: 250468
A79: =IF(Tabela2[[#This Row],[SITUAÇÃO]]="Férias",CONCATENATE(Tabela2[[#This Row],[POLO]],Tabela2[[#This Row],[CURSOS]],Tabela2[[#This Row],[CATEGORIA]]),IF(Tabela2[[#This Row],[SITUAÇÃO]]="Ativo",CONCATENATE(Tabela2[[#This Row],[POLO]],Tabela2[[#This Row],[CURSOS]],Tabela2[[#This Row],[CATEGORIA]]),"desligado")) -> Feira De Santana/BA - CentroEMF-ISNENF-INS (Multidisciplinar II) | B79: =Tabela2[[#This Row],[CATEGORIA]]&Tabela2[[#This Row],[CURSOS]]&"LAP - "&Tabela2[[#This Row],[POLO]] -> ENF-INS (Multidisciplinar II)EMF-ISNLAP - Feira De Santana/BA - Centro | C79: =Tabela2[[#This Row],[CATEGORIA]]&Tabela2[[#This Row],[CURSOS]] -> ENF-INS (Multidisciplinar II)EMF-ISN | D79: =IF(Tabela2[[#This Row],[SITUAÇÃO]]<>"Demitido",CONCATENATE(Tabela2[[#This Row],[POLO]],Tabela2[[#This Row],[CURSOS]]),"Substituição") -> Feira De Santana/BA - CentroEMF-ISN | E79: ENF-INS (Multidisciplinar II) | F79: EMF-ISN | G79: Feira De Santana/BA - Centro | H79: Karine Tosta Souza Borges | I79: =IFERROR(_xlfn.XLOOKUP(Tabela2[[#This Row],[CHAPA]],TUT.CONTROL!F:F,TUT.CONTROL!I:I),_xlfn.XLOOKUP(Tabela2[[#This Row],[CHAPA]],'REG.CONTROL'!F:F,'REG.CONTROL'!I:I)) -> Ativo | J79: =IFERROR(_xlfn.XLOOKUP(Tabela2[[#This Row],[NOME DO TUTOR]],TUT.CONTROL!C:C,TUT.CONTROL!G:G),"Demitido") -> 45754 | K79: 75992843796 | L79: =IFERROR(_xlfn.XLOOKUP(Tabela2[[#This Row],[NOME DO TUTOR]],TUT.CONTROL!C:C,TUT.CONTROL!F:F),"Demitido") -> 1158000692 | M79: karine.borges@tutorpratica.uniasselvi.com.br | N79: =IFERROR(_xlfn.XLOOKUP(Tabela2[[#This Row],[CHAPA]],TUT.CONTROL!F:F,TUT.CONTROL!H:H),_xlfn.XLOOKUP(Tabela2[[#This Row],[CHAPA]],'REG.CONTROL'!F:F,'REG.CONTROL'!H:H)) -> TUTOR DE PRATICA (UC_1749) | O79: =IFERROR(_xlfn.XLOOKUP(Tabela2[[#This Row],[NOME DO TUTOR]],TUT.CONTROL!C:C,TUT.CONTROL!K:K),"Demitido") -> 008:00 | P79: =IF(Tabela2[[#This Row],[SITUAÇÃO]]="Demitido",IFERROR(_xlfn.XLOOKUP(Tabela2[[#This Row],[CHAPA]],TUT.CONTROL!F:F,TUT.CONTROL!V:V),_xlfn.XLOOKUP(Tabela2[[#This Row],[CHAPA]],'REG.CONTROL'!F:F,'REG.CONTROL'!V:V)),"-") -> - | Q79: OK | R79: COREN-BA | S79: 331131
A80: =IF(Tabela2[[#This Row],[SITUAÇÃO]]="Férias",CONCATENATE(Tabela2[[#This Row],[POLO]],Tabela2[[#This Row],[CURSOS]],Tabela2[[#This Row],[CATEGORIA]]),IF(Tabela2[[#This Row],[SITUAÇÃO]]="Ativo",CONCATENATE(Tabela2[[#This Row],[POLO]],Tabela2[[#This Row],[CURSOS]],Tabela2[[#This Row],[CATEGORIA]]),"desligado")) -> Florianópolis/SC - CentroEMF-ISNENF-INS (Multidisciplinar II) | B80: =Tabela2[[#This Row],[CATEGORIA]]&Tabela2[[#This Row],[CURSOS]]&"LAP - "&Tabela2[[#This Row],[POLO]] -> ENF-INS (Multidisciplinar II)EMF-ISNLAP - Florianópolis/SC - Centro | C80: =Tabela2[[#This Row],[CATEGORIA]]&Tabela2[[#This Row],[CURSOS]] -> ENF-INS (Multidisciplinar II)EMF-ISN | D80: =IF(Tabela2[[#This Row],[SITUAÇÃO]]<>"Demitido",CONCATENATE(Tabela2[[#This Row],[POLO]],Tabela2[[#This Row],[CURSOS]]),"Substituição") -> Florianópolis/SC - CentroEMF-ISN | E80: ENF-INS (Multidisciplinar II) | F80: EMF-ISN | G80: Florianópolis/SC - Centro | H80: Leandro Martins Costa De Araujo | I80: =IFERROR(_xlfn.XLOOKUP(Tabela2[[#This Row],[CHAPA]],TUT.CONTROL!F:F,TUT.CONTROL!I:I),_xlfn.XLOOKUP(Tabela2[[#This Row],[CHAPA]],'REG.CONTROL'!F:F,'REG.CONTROL'!I:I)) -> Ativo | J80: =IFERROR(_xlfn.XLOOKUP(Tabela2[[#This Row],[NOME DO TUTOR]],'REG.CONTROL'!C:C,'REG.CONTROL'!G:G),"Demitido") -> 45574 | K80: 3291978773 | L80: =IFERROR(_xlfn.XLOOKUP(Tabela2[[#This Row],[NOME DO TUTOR]],'REG.CONTROL'!C:C,'REG.CONTROL'!F:F),"Demitido") -> 1004015994 | M80: leandro.araujo@regentedepolo.uniasselvi.com.br | N80: =IFERROR(_xlfn.XLOOKUP(Tabela2[[#This Row],[CHAPA]],TUT.CONTROL!F:F,TUT.CONTROL!H:H),_xlfn.XLOOKUP(Tabela2[[#This Row],[CHAPA]],'REG.CONTROL'!F:F,'REG.CONTROL'!H:H)) -> PROFESSOR REGENTE DE POLO (UC_1744) | O80: =IFERROR(_xlfn.XLOOKUP(Tabela2[[#This Row],[NOME DO TUTOR]],'REGENTE CH'!A:A,'REGENTE CH'!C:C),"Atualizar") -> 012:00 | P80: =IF(Tabela2[[#This Row],[SITUAÇÃO]]="Demitido",IFERROR(_xlfn.XLOOKUP(Tabela2[[#This Row],[CHAPA]],TUT.CONTROL!F:F,TUT.CONTROL!V:V),_xlfn.XLOOKUP(Tabela2[[#This Row],[CHAPA]],'REG.CONTROL'!F:F,'REG.CONTROL'!V:V)),"-") -> - | Q80: OK | R80: COREN-SC | S80: 526723
A81: =IF(Tabela2[[#This Row],[SITUAÇÃO]]="Férias",CONCATENATE(Tabela2[[#This Row],[POLO]],Tabela2[[#This Row],[CURSOS]],Tabela2[[#This Row],[CATEGORIA]]),IF(Tabela2[[#This Row],[SITUAÇÃO]]="Ativo",CONCATENATE(Tabela2[[#This Row],[POLO]],Tabela2[[#This Row],[CURSOS]],Tabela2[[#This Row],[CATEGORIA]]),"desligado")) -> desligado | B81: =Tabela2[[#This Row],[CATEGORIA]]&Tabela2[[#This Row],[CURSOS]]&"LAP - "&Tabela2[[#This Row],[POLO]] -> ENF-INS (Multidisciplinar II)EMF-ISNLAP - Formosa/GO | C81: =Tabela2[[#This Row],[CATEGORIA]]&Tabela2[[#This Row],[CURSOS]] -> ENF-INS (Multidisciplinar II)EMF-ISN | D81: =IF(Tabela2[[#This Row],[SITUAÇÃO]]<>"Demitido",CONCATENATE(Tabela2[[#This Row],[POLO]],Tabela2[[#This Row],[CURSOS]]),"Substituição") -> Substituição | E81: ENF-INS (Multidisciplinar II) | F81: EMF-ISN | G81: Formosa/GO | H81: Karoline Garcia de Mendonca | I81: =IFERROR(_xlfn.XLOOKUP(Tabela2[[#This Row],[CHAPA]],TUT.CONTROL!F:F,TUT.CONTROL!I:I),_xlfn.XLOOKUP(Tabela2[[#This Row],[CHAPA]],'REG.CONTROL'!F:F,'REG.CONTROL'!I:I)) -> Demitido | J81: =IFERROR(_xlfn.XLOOKUP(Tabela2[[#This Row],[NOME DO TUTOR]],TUT.CONTROL!C:C,TUT.CONTROL!G:G),"Demitido") -> 45810 | K81: 6192871621 | L81: =IFERROR(_xlfn.XLOOKUP(Tabela2[[#This Row],[NOME DO TUTOR]],TUT.CONTROL!C:C,TUT.CONTROL!F:F),"Demitido") -> 1158000737 | M81: karoline.mendonca@tutorpratica.uniasselvi.com.br | N81: =IFERROR(_xlfn.XLOOKUP(Tabela2[[#This Row],[CHAPA]],TUT.CONTROL!F:F,TUT.CONTROL!H:H),_xlfn.XLOOKUP(Tabela2[[#This Row],[CHAPA]],'REG.CONTROL'!F:F,'REG.CONTROL'!H:H)) -> TUTOR DE PRATICA (UC_1749) | O81: =IFERROR(_xlfn.XLOOKUP(Tabela2[[#This Row],[NOME DO TUTOR]],TUT.CONTROL!C:C,TUT.CONTROL!K:K),"Demitido") -> 004:00 | P81: =IF(Tabela2[[#This Row],[SITUAÇÃO]]="Demitido",IFERROR(_xlfn.XLOOKUP(Tabela2[[#This Row],[CHAPA]],TUT.CONTROL!F:F,TUT.CONTROL!V:V),_xlfn.XLOOKUP(Tabela2[[#This Row],[CHAPA]],'REG.CONTROL'!F:F,'REG.CONTROL'!V:V)),"-") -> 45964 | Q81: Desligado
A82: =IF(Tabela2[[#This Row],[SITUAÇÃO]]="Férias",CONCATENATE(Tabela2[[#This Row],[POLO]],Tabela2[[#This Row],[CURSOS]],Tabela2[[#This Row],[CATEGORIA]]),IF(Tabela2[[#This Row],[SITUAÇÃO]]="Ativo",CONCATENATE(Tabela2[[#This Row],[POLO]],Tabela2[[#This Row],[CURSOS]],Tabela2[[#This Row],[CATEGORIA]]),"desligado")) -> desligado | B82: =Tabela2[[#This Row],[CATEGORIA]]&Tabela2[[#This Row],[CURSOS]]&"LAP - "&Tabela2[[#This Row],[POLO]] -> ENF-INS (Multidisciplinar II)EMF-ISNLAP - Formosa/GO | C82: =Tabela2[[#This Row],[CATEGORIA]]&Tabela2[[#This Row],[CURSOS]] -> ENF-INS (Multidisciplinar II)EMF-ISN | D82: =IF(Tabela2[[#This Row],[SITUAÇÃO]]<>"Demitido",CONCATENATE(Tabela2[[#This Row],[POLO]],Tabela2[[#This Row],[CURSOS]]),"Substituição") -> Substituição | E82: ENF-INS (Multidisciplinar II) | F82: EMF-ISN | G82: Formosa/GO | H82: Antonia Bruna Gomes Da Silva | I82: =IFERROR(_xlfn.XLOOKUP(Tabela2[[#This Row],[CHAPA]],TUT.CONTROL!F:F,TUT.CONTROL!I:I),_xlfn.XLOOKUP(Tabela2[[#This Row],[CHAPA]],'REG.CONTROL'!F:F,'REG.CONTROL'!I:I)) -> Demitido | J82: =IFERROR(_xlfn.XLOOKUP(Tabela2[[#This Row],[NOME DO TUTOR]],TUT.CONTROL!C:C,TUT.CONTROL!G:G),"Demitido") -> 45901 | K82: 61991892755 | L82: =IFERROR(_xlfn.XLOOKUP(Tabela2[[#This Row],[NOME DO TUTOR]],TUT.CONTROL!C:C,TUT.CONTROL!F:F),"Demitido") -> 1158000947 | M82: antonia.bsilva@tutorpratica.uniasselvi.com.br | N82: =IFERROR(_xlfn.XLOOKUP(Tabela2[[#This Row],[CHAPA]],TUT.CONTROL!F:F,TUT.CONTROL!H:H),_xlfn.XLOOKUP(Tabela2[[#This Row],[CHAPA]],'REG.CONTROL'!F:F,'REG.CONTROL'!H:H)) -> TUTOR DE PRATICA (UC_1749) | O82: =IFERROR(_xlfn.XLOOKUP(Tabela2[[#This Row],[NOME DO TUTOR]],TUT.CONTROL!C:C,TUT.CONTROL!K:K),"Demitido") -> 004:00 | P82: =IF(Tabela2[[#This Row],[SITUAÇÃO]]="Demitido",IFERROR(_xlfn.XLOOKUP(Tabela2[[#This Row],[CHAPA]],TUT.CONTROL!F:F,TUT.CONTROL!V:V),_xlfn.XLOOKUP(Tabela2[[#This Row],[CHAPA]],'REG.CONTROL'!F:F,'REG.CONTROL'!V:V)),"-") -> 45952 | Q82: Desligado | R82: COREN-DF | S82: 721941
A83: =IF(Tabela2[[#This Row],[SITUAÇÃO]]="Férias",CONCATENATE(Tabela2[[#This Row],[POLO]],Tabela2[[#This Row],[CURSOS]],Tabela2[[#This Row],[CATEGORIA]]),IF(Tabela2[[#This Row],[SITUAÇÃO]]="Ativo",CONCATENATE(Tabela2[[#This Row],[POLO]],Tabela2[[#This Row],[CURSOS]],Tabela2[[#This Row],[CATEGORIA]]),"desligado")) -> Fortaleza/CE - AguanambiEMF-ISNENF-INS (Multidisciplinar II) | B83: =Tabela2[[#This Row],[CATEGORIA]]&Tabela2[[#This Row],[CURSOS]]&"LAP - "&Tabela2[[#This Row],[POLO]] -> ENF-INS (Multidisciplinar II)EMF-ISNLAP - Fortaleza/CE - Aguanambi | C83: =Tabela2[[#This Row],[CATEGORIA]]&Tabela2[[#This Row],[CURSOS]] -> ENF-INS (Multidisciplinar II)EMF-ISN | D83: =IF(Tabela2[[#This Row],[SITUAÇÃO]]<>"Demitido",CONCATENATE(Tabela2[[#This Row],[POLO]],Tabela2[[#This Row],[CURSOS]]),"Substituição") -> Fortaleza/CE - AguanambiEMF-ISN | E83: ENF-INS (Multidisciplinar II) | F83: EMF-ISN | G83: Fortaleza/CE - Aguanambi | H83: Karla Ingridy Cardoso Oliveira | I83: =IFERROR(_xlfn.XLOOKUP(Tabela2[[#This Row],[CHAPA]],TUT.CONTROL!F:F,TUT.CONTROL!I:I),_xlfn.XLOOKUP(Tabela2[[#This Row],[CHAPA]],'REG.CONTROL'!F:F,'REG.CONTROL'!I:I)) -> Ativo | J83: =IFERROR(_xlfn.XLOOKUP(Tabela2[[#This Row],[NOME DO TUTOR]],TUT.CONTROL!C:C,TUT.CONTROL!G:G),"Demitido") -> 45971 | K83: 85989430581 | L83: =IFERROR(_xlfn.XLOOKUP(Tabela2[[#This Row],[NOME DO TUTOR]],TUT.CONTROL!C:C,TUT.CONTROL!F:F),"Demitido") -> 1158001058 | M83: karla.oliveira@tutorpratica.uniasselvi.com.br | N83: =IFERROR(_xlfn.XLOOKUP(Tabela2[[#This Row],[CHAPA]],TUT.CONTROL!F:F,TUT.CONTROL!H:H),_xlfn.XLOOKUP(Tabela2[[#This Row],[CHAPA]],'REG.CONTROL'!F:F,'REG.CONTROL'!H:H)) -> TUTOR DE PRATICA (UC_1749) | O83: =IFERROR(_xlfn.XLOOKUP(Tabela2[[#This Row],[NOME DO TUTOR]],TUT.CONTROL!C:C,TUT.CONTROL!K:K),"Demitido") -> 020:00 | P83: =IF(Tabela2[[#This Row],[SITUAÇÃO]]="Demitido",IFERROR(_xlfn.XLOOKUP(Tabela2[[#This Row],[CHAPA]],TUT.CONTROL!F:F,TUT.CONTROL!V:V),_xlfn.XLOOKUP(Tabela2[[#This Row],[CHAPA]],'REG.CONTROL'!F:F,'REG.CONTROL'!V:V)),"-") -> - | R83: COREN - Ceará | S83: 788331
A84: =IF(Tabela2[[#This Row],[SITUAÇÃO]]="Férias",CONCATENATE(Tabela2[[#This Row],[POLO]],Tabela2[[#This Row],[CURSOS]],Tabela2[[#This Row],[CATEGORIA]]),IF(Tabela2[[#This Row],[SITUAÇÃO]]="Ativo",CONCATENATE(Tabela2[[#This Row],[POLO]],Tabela2[[#This Row],[CURSOS]],Tabela2[[#This Row],[CATEGORIA]]),"desligado")) -> desligado | B84: =Tabela2[[#This Row],[CATEGORIA]]&Tabela2[[#This Row],[CURSOS]]&"LAP - "&Tabela2[[#This Row],[POLO]] -> ENF-INS (Multidisciplinar II)EMF-ISNLAP - Fortaleza/CE - Aguanambi | C84: =Tabela2[[#This Row],[CATEGORIA]]&Tabela2[[#This Row],[CURSOS]] -> ENF-INS (Multidisciplinar II)EMF-ISN | D84: =IF(Tabela2[[#This Row],[SITUAÇÃO]]<>"Demitido",CONCATENATE(Tabela2[[#This Row],[POLO]],Tabela2[[#This Row],[CURSOS]]),"Substituição") -> Substituição | E84: ENF-INS (Multidisciplinar II) | F84: EMF-ISN | G84: Fortaleza/CE - Aguanambi | H84: Ana Luiza Araujo De Souza | I84: =IFERROR(_xlfn.XLOOKUP(Tabela2[[#This Row],[CHAPA]],TUT.CONTROL!F:F,TUT.CONTROL!I:I),_xlfn.XLOOKUP(Tabela2[[#This Row],[CHAPA]],'REG.CONTROL'!F:F,'REG.CONTROL'!I:I)) -> Demitido | J84: =IFERROR(_xlfn.XLOOKUP(Tabela2[[#This Row],[NOME DO TUTOR]],TUT.CONTROL!C:C,TUT.CONTROL!G:G),"Demitido") -> 45782 | K84: 85 9744-6840 | L84: =IFERROR(_xlfn.XLOOKUP(Tabela2[[#This Row],[NOME DO TUTOR]],TUT.CONTROL!C:C,TUT.CONTROL!F:F),"Demitido") -> 1158000607 | M84: ana.souza@tutorpratica.uniasselvi.com.br | N84: =IFERROR(_xlfn.XLOOKUP(Tabela2[[#This Row],[CHAPA]],TUT.CONTROL!F:F,TUT.CONTROL!H:H),_xlfn.XLOOKUP(Tabela2[[#This Row],[CHAPA]],'REG.CONTROL'!F:F,'REG.CONTROL'!H:H)) -> TUTOR DE PRATICA (UC_1749) | O84: =IFERROR(_xlfn.XLOOKUP(Tabela2[[#This Row],[NOME DO TUTOR]],TUT.CONTROL!C:C,TUT.CONTROL!K:K),"Demitido") -> 020:00 | P84: =IF(Tabela2[[#This Row],[SITUAÇÃO]]="Demitido",IFERROR(_xlfn.XLOOKUP(Tabela2[[#This Row],[CHAPA]],TUT.CONTROL!F:F,TUT.CONTROL!V:V),_xlfn.XLOOKUP(Tabela2[[#This Row],[CHAPA]],'REG.CONTROL'!F:F,'REG.CONTROL'!V:V)),"-") -> 45901 | Q84: Desligado
A85: =IF(Tabela2[[#This Row],[SITUAÇÃO]]="Férias",CONCATENATE(Tabela2[[#This Row],[POLO]],Tabela2[[#This Row],[CURSOS]],Tabela2[[#This Row],[CATEGORIA]]),IF(Tabela2[[#This Row],[SITUAÇÃO]]="Ativo",CONCATENATE(Tabela2[[#This Row],[POLO]],Tabela2[[#This Row],[CURSOS]],Tabela2[[#This Row],[CATEGORIA]]),"desligado")) -> Francisco Beltrão/PREMF-ISNENF-INS (Multidisciplinar II) | B85: =Tabela2[[#This Row],[CATEGORIA]]&Tabela2[[#This Row],[CURSOS]]&"LAP - "&Tabela2[[#This Row],[POLO]] -> ENF-INS (Multidisciplinar II)EMF-ISNLAP - Francisco Beltrão/PR | C85: =Tabela2[[#This Row],[CATEGORIA]]&Tabela2[[#This Row],[CURSOS]] -> ENF-INS (Multidisciplinar II)EMF-ISN | D85: =IF(Tabela2[[#This Row],[SITUAÇÃO]]<>"Demitido",CONCATENATE(Tabela2[[#This Row],[POLO]],Tabela2[[#This Row],[CURSOS]]),"Substituição") -> Francisco Beltrão/PREMF-ISN | E85: ENF-INS (Multidisciplinar II) | F85: EMF-ISN | G85: Francisco Beltrão/PR | H85: Angela Ariane Dalzoto Graniska Ribas | I85: =IFERROR(_xlfn.XLOOKUP(Tabela2[[#This Row],[CHAPA]],TUT.CONTROL!F:F,TUT.CONTROL!I:I),_xlfn.XLOOKUP(Tabela2[[#This Row],[CHAPA]],'REG.CONTROL'!F:F,'REG.CONTROL'!I:I)) -> Ativo | J85: =IFERROR(_xlfn.XLOOKUP(Tabela2[[#This Row],[NOME DO TUTOR]],TUT.CONTROL!C:C,TUT.CONTROL!G:G),"Atualizar") -> 46118 | K85: 46999405572 | L85: =IFERROR(_xlfn.XLOOKUP(Tabela2[[#This Row],[NOME DO TUTOR]],TUT.CONTROL!C:C,TUT.CONTROL!F:F),"Atualizar") -> 1158001189 | M85: angela.ribas@tutorpratica.uniasselvi.com.br | N85: =IFERROR(_xlfn.XLOOKUP(Tabela2[[#This Row],[CHAPA]],TUT.CONTROL!F:F,TUT.CONTROL!H:H),_xlfn.XLOOKUP(Tabela2[[#This Row],[CHAPA]],'REG.CONTROL'!F:F,'REG.CONTROL'!H:H)) -> TUTOR DE PRATICA (UC_1749) | O85: =IFERROR(_xlfn.XLOOKUP(Tabela2[[#This Row],[NOME DO TUTOR]],TUT.CONTROL!C:C,TUT.CONTROL!K:K),"Atualizar") -> 004:00 | P85: =IF(Tabela2[[#This Row],[SITUAÇÃO]]="Demitido",IFERROR(_xlfn.XLOOKUP(Tabela2[[#This Row],[CHAPA]],TUT.CONTROL!F:F,TUT.CONTROL!V:V),_xlfn.XLOOKUP(Tabela2[[#This Row],[CHAPA]],'REG.CONTROL'!F:F,'REG.CONTROL'!V:V)),"-") -> -
A86: =IF(Tabela2[[#This Row],[SITUAÇÃO]]="Férias",CONCATENATE(Tabela2[[#This Row],[POLO]],Tabela2[[#This Row],[CURSOS]],Tabela2[[#This Row],[CATEGORIA]]),IF(Tabela2[[#This Row],[SITUAÇÃO]]="Ativo",CONCATENATE(Tabela2[[#This Row],[POLO]],Tabela2[[#This Row],[CURSOS]],Tabela2[[#This Row],[CATEGORIA]]),"desligado")) -> desligado | B86: =Tabela2[[#This Row],[CATEGORIA]]&Tabela2[[#This Row],[CURSOS]]&"LAP - "&Tabela2[[#This Row],[POLO]] -> ENF-INS (Multidisciplinar II)EMF-ISNLAP - Francisco Beltrão/PR | C86: =Tabela2[[#This Row],[CATEGORIA]]&Tabela2[[#This Row],[CURSOS]] -> ENF-INS (Multidisciplinar II)EMF-ISN | D86: =IF(Tabela2[[#This Row],[SITUAÇÃO]]<>"Demitido",CONCATENATE(Tabela2[[#This Row],[POLO]],Tabela2[[#This Row],[CURSOS]]),"Substituição") -> Substituição | E86: ENF-INS (Multidisciplinar II) | F86: EMF-ISN | G86: Francisco Beltrão/PR | H86: Rosana Freitas De Assis | I86: =IFERROR(_xlfn.XLOOKUP(Tabela2[[#This Row],[CHAPA]],TUT.CONTROL!F:F,TUT.CONTROL!I:I),_xlfn.XLOOKUP(Tabela2[[#This Row],[CHAPA]],'REG.CONTROL'!F:F,'REG.CONTROL'!I:I)) -> Demitido | J86: =IFERROR(_xlfn.XLOOKUP(Tabela2[[#This Row],[NOME DO TUTOR]],TUT.CONTROL!C:C,TUT.CONTROL!G:G),"Demitido") -> 45728 | K86: 92994488890 | L86: =IFERROR(_xlfn.XLOOKUP(Tabela2[[#This Row],[NOME DO TUTOR]],TUT.CONTROL!C:C,TUT.CONTROL!F:F),"Demitido") -> 1158000546 | M86: rosana.assis@tutorpratica.uniasselvi.com.br | N86: =IFERROR(_xlfn.XLOOKUP(Tabela2[[#This Row],[CHAPA]],TUT.CONTROL!F:F,TUT.CONTROL!H:H),_xlfn.XLOOKUP(Tabela2[[#This Row],[CHAPA]],'REG.CONTROL'!F:F,'REG.CONTROL'!H:H)) -> TUTOR DE PRATICA (UC_1749) | O86: =IFERROR(_xlfn.XLOOKUP(Tabela2[[#This Row],[NOME DO TUTOR]],TUT.CONTROL!C:C,TUT.CONTROL!K:K),"Demitido") -> 004:00 | P86: =IF(Tabela2[[#This Row],[SITUAÇÃO]]="Demitido",IFERROR(_xlfn.XLOOKUP(Tabela2[[#This Row],[CHAPA]],TUT.CONTROL!F:F,TUT.CONTROL!V:V),_xlfn.XLOOKUP(Tabela2[[#This Row],[CHAPA]],'REG.CONTROL'!F:F,'REG.CONTROL'!V:V)),"-") -> 45880 | Q86: Desligado | R86: COREN-PR | S86: 562877
A87: =IF(Tabela2[[#This Row],[SITUAÇÃO]]="Férias",CONCATENATE(Tabela2[[#This Row],[POLO]],Tabela2[[#This Row],[CURSOS]],Tabela2[[#This Row],[CATEGORIA]]),IF(Tabela2[[#This Row],[SITUAÇÃO]]="Ativo",CONCATENATE(Tabela2[[#This Row],[POLO]],Tabela2[[#This Row],[CURSOS]],Tabela2[[#This Row],[CATEGORIA]]),"desligado")) -> Gandu/BAEMF-ISNENF-INS (Multidisciplinar II) | B87: =Tabela2[[#This Row],[CATEGORIA]]&Tabela2[[#This Row],[CURSOS]]&"LAP - "&Tabela2[[#This Row],[POLO]] -> ENF-INS (Multidisciplinar II)EMF-ISNLAP - Gandu/BA | C87: =Tabela2[[#This Row],[CATEGORIA]]&Tabela2[[#This Row],[CURSOS]] -> ENF-INS (Multidisciplinar II)EMF-ISN | D87: =IF(Tabela2[[#This Row],[SITUAÇÃO]]<>"Demitido",CONCATENATE(Tabela2[[#This Row],[POLO]],Tabela2[[#This Row],[CURSOS]]),"Substituição") -> Gandu/BAEMF-ISN | E87: ENF-INS (Multidisciplinar II) | F87: EMF-ISN | G87: Gandu/BA | H87: Juliete Santos Santana | I87: =IFERROR(_xlfn.XLOOKUP(Tabela2[[#This Row],[CHAPA]],TUT.CONTROL!F:F,TUT.CONTROL!I:I),_xlfn.XLOOKUP(Tabela2[[#This Row],[CHAPA]],'REG.CONTROL'!F:F,'REG.CONTROL'!I:I)) -> Ativo | J87: =IFERROR(_xlfn.XLOOKUP(Tabela2[[#This Row],[NOME DO TUTOR]],TUT.CONTROL!C:C,TUT.CONTROL!G:G),"Demitido") -> 45721 | K87: 73982330283 | L87: =IFERROR(_xlfn.XLOOKUP(Tabela2[[#This Row],[NOME DO TUTOR]],TUT.CONTROL!C:C,TUT.CONTROL!F:F),"Demitido") -> 1158000536 | M87: juliete.santana@tutorpratica.uniasselvi.com.br | N87: =IFERROR(_xlfn.XLOOKUP(Tabela2[[#This Row],[CHAPA]],TUT.CONTROL!F:F,TUT.CONTROL!H:H),_xlfn.XLOOKUP(Tabela2[[#This Row],[CHAPA]],'REG.CONTROL'!F:F,'REG.CONTROL'!H:H)) -> TUTOR DE PRATICA (UC_1749) | O87: =IFERROR(_xlfn.XLOOKUP(Tabela2[[#This Row],[NOME DO TUTOR]],TUT.CONTROL!C:C,TUT.CONTROL!K:K),"Demitido") -> 004:00 | P87: =IF(Tabela2[[#This Row],[SITUAÇÃO]]="Demitido",IFERROR(_xlfn.XLOOKUP(Tabela2[[#This Row],[CHAPA]],TUT.CONTROL!F:F,TUT.CONTROL!V:V),_xlfn.XLOOKUP(Tabela2[[#This Row],[CHAPA]],'REG.CONTROL'!F:F,'REG.CONTROL'!V:V)),"-") -> - | Q87: OK | R87: COREN-BA | S87: 365545
A88: =IF(Tabela2[[#This Row],[SITUAÇÃO]]="Férias",CONCATENATE(Tabela2[[#This Row],[POLO]],Tabela2[[#This Row],[CURSOS]],Tabela2[[#This Row],[CATEGORIA]]),IF(Tabela2[[#This Row],[SITUAÇÃO]]="Ativo",CONCATENATE(Tabela2[[#This Row],[POLO]],Tabela2[[#This Row],[CURSOS]],Tabela2[[#This Row],[CATEGORIA]]),"desligado")) -> Garanhuns/PEEMF-ISNENF-INS (Multidisciplinar II) | B88: =Tabela2[[#This Row],[CATEGORIA]]&Tabela2[[#This Row],[CURSOS]]&"LAP - "&Tabela2[[#This Row],[POLO]] -> ENF-INS (Multidisciplinar II)EMF-ISNLAP - Garanhuns/PE | C88: =Tabela2[[#This Row],[CATEGORIA]]&Tabela2[[#This Row],[CURSOS]] -> ENF-INS (Multidisciplinar II)EMF-ISN | D88: =IF(Tabela2[[#This Row],[SITUAÇÃO]]<>"Demitido",CONCATENATE(Tabela2[[#This Row],[POLO]],Tabela2[[#This Row],[CURSOS]]),"Substituição") -> Garanhuns/PEEMF-ISN | E88: ENF-INS (Multidisciplinar II) | F88: EMF-ISN | G88: Garanhuns/PE | H88: Maria Valtania Santos Galdino Brasil | I88: =IFERROR(_xlfn.XLOOKUP(Tabela2[[#This Row],[CHAPA]],TUT.CONTROL!F:F,TUT.CONTROL!I:I),_xlfn.XLOOKUP(Tabela2[[#This Row],[CHAPA]],'REG.CONTROL'!F:F,'REG.CONTROL'!I:I)) -> Ativo | J88: =IFERROR(_xlfn.XLOOKUP(Tabela2[[#This Row],[NOME DO TUTOR]],'REG.CONTROL'!C:C,'REG.CONTROL'!G:G),"Demitido") -> 45014 | K88: 87 8166-0443 | L88: =IFERROR(_xlfn.XLOOKUP(Tabela2[[#This Row],[NOME DO TUTOR]],'REG.CONTROL'!C:C,'REG.CONTROL'!F:F),"Demitido") -> 1004011694 | M88: maria.brasil@regentedepolo.uniasselvi.com.br | N88: =IFERROR(_xlfn.XLOOKUP(Tabela2[[#This Row],[CHAPA]],TUT.CONTROL!F:F,TUT.CONTROL!H:H),_xlfn.XLOOKUP(Tabela2[[#This Row],[CHAPA]],'REG.CONTROL'!F:F,'REG.CONTROL'!H:H)) -> PROFESSOR REGENTE DE POLO (UC_1744) | O88: =IFERROR(_xlfn.XLOOKUP(Tabela2[[#This Row],[NOME DO TUTOR]],'REGENTE CH'!A:A,'REGENTE CH'!C:C),"Atualizar") -> 004:00 | P88: =IF(Tabela2[[#This Row],[SITUAÇÃO]]="Demitido",IFERROR(_xlfn.XLOOKUP(Tabela2[[#This Row],[CHAPA]],TUT.CONTROL!F:F,TUT.CONTROL!V:V),_xlfn.XLOOKUP(Tabela2[[#This Row],[CHAPA]],'REG.CONTROL'!F:F,'REG.CONTROL'!V:V)),"-") -> - | Q88: OK | R88: COREN-PE | S88: 406295
A89: =IF(Tabela2[[#This Row],[SITUAÇÃO]]="Férias",CONCATENATE(Tabela2[[#This Row],[POLO]],Tabela2[[#This Row],[CURSOS]],Tabela2[[#This Row],[CATEGORIA]]),IF(Tabela2[[#This Row],[SITUAÇÃO]]="Ativo",CONCATENATE(Tabela2[[#This Row],[POLO]],Tabela2[[#This Row],[CURSOS]],Tabela2[[#This Row],[CATEGORIA]]),"desligado")) -> Goiânia/GO - CerradoEMF-ISNENF-INS (Multidisciplinar II) | B89: =Tabela2[[#This Row],[CATEGORIA]]&Tabela2[[#This Row],[CURSOS]]&"LAP - "&Tabela2[[#This Row],[POLO]] -> ENF-INS (Multidisciplinar II)EMF-ISNLAP - Goiânia/GO - Cerrado | C89: =Tabela2[[#This Row],[CATEGORIA]]&Tabela2[[#This Row],[CURSOS]] -> ENF-INS (Multidisciplinar II)EMF-ISN | D89: =IF(Tabela2[[#This Row],[SITUAÇÃO]]<>"Demitido",CONCATENATE(Tabela2[[#This Row],[POLO]],Tabela2[[#This Row],[CURSOS]]),"Substituição") -> Goiânia/GO - CerradoEMF-ISN | E89: ENF-INS (Multidisciplinar II) | F89: EMF-ISN | G89: Goiânia/GO - Cerrado | H89: Marina Almeida Rodrigues | I89: =IFERROR(_xlfn.XLOOKUP(Tabela2[[#This Row],[CHAPA]],TUT.CONTROL!F:F,TUT.CONTROL!I:I),_xlfn.XLOOKUP(Tabela2[[#This Row],[CHAPA]],'REG.CONTROL'!F:F,'REG.CONTROL'!I:I)) -> Ativo | J89: =IFERROR(_xlfn.XLOOKUP(Tabela2[[#This Row],[NOME DO TUTOR]],TUT.CONTROL!C:C,TUT.CONTROL!G:G),"Demitido") -> 45749 | K89: 62992552047 | L89: =IFERROR(_xlfn.XLOOKUP(Tabela2[[#This Row],[NOME DO TUTOR]],TUT.CONTROL!C:C,TUT.CONTROL!F:F),"Demitido") -> 1158000670 | M89: marina.rodrigues@tutorpratica.uniasselvi.com.br | N89: =IFERROR(_xlfn.XLOOKUP(Tabela2[[#This Row],[CHAPA]],TUT.CONTROL!F:F,TUT.CONTROL!H:H),_xlfn.XLOOKUP(Tabela2[[#This Row],[CHAPA]],'REG.CONTROL'!F:F,'REG.CONTROL'!H:H)) -> TUTOR DE PRATICA (UC_1749) | O89: =IFERROR(_xlfn.XLOOKUP(Tabela2[[#This Row],[NOME DO TUTOR]],TUT.CONTROL!C:C,TUT.CONTROL!K:K),"Demitido") -> 012:00 | P89: =IF(Tabela2[[#This Row],[SITUAÇÃO]]="Demitido",IFERROR(_xlfn.XLOOKUP(Tabela2[[#This Row],[CHAPA]],TUT.CONTROL!F:F,TUT.CONTROL!V:V),_xlfn.XLOOKUP(Tabela2[[#This Row],[CHAPA]],'REG.CONTROL'!F:F,'REG.CONTROL'!V:V)),"-") -> - | Q89: OK | R89: COREN-GO | S89: 698893
A90: =IF(Tabela2[[#This Row],[SITUAÇÃO]]="Férias",CONCATENATE(Tabela2[[#This Row],[POLO]],Tabela2[[#This Row],[CURSOS]],Tabela2[[#This Row],[CATEGORIA]]),IF(Tabela2[[#This Row],[SITUAÇÃO]]="Ativo",CONCATENATE(Tabela2[[#This Row],[POLO]],Tabela2[[#This Row],[CURSOS]],Tabela2[[#This Row],[CATEGORIA]]),"desligado")) -> Guaíba/RSEMF-ISNENF-INS (Multidisciplinar II) | B90: =Tabela2[[#This Row],[CATEGORIA]]&Tabela2[[#This Row],[CURSOS]]&"LAP - "&Tabela2[[#This Row],[POLO]] -> ENF-INS (Multidisciplinar II)EMF-ISNLAP - Guaíba/RS | C90: =Tabela2[[#This Row],[CATEGORIA]]&Tabela2[[#This Row],[CURSOS]] -> ENF-INS (Multidisciplinar II)EMF-ISN | D90: =IF(Tabela2[[#This Row],[SITUAÇÃO]]<>"Demitido",CONCATENATE(Tabela2[[#This Row],[POLO]],Tabela2[[#This Row],[CURSOS]]),"Substituição") -> Guaíba/RSEMF-ISN | E90: ENF-INS (Multidisciplinar II) | F90: EMF-ISN | G90: Guaíba/RS | H90: Marcia Rosane Silva Dos Santos | I90: =IFERROR(_xlfn.XLOOKUP(Tabela2[[#This Row],[CHAPA]],TUT.CONTROL!F:F,TUT.CONTROL!I:I),_xlfn.XLOOKUP(Tabela2[[#This Row],[CHAPA]],'REG.CONTROL'!F:F,'REG.CONTROL'!I:I)) -> Ativo | J90: =IFERROR(_xlfn.XLOOKUP(Tabela2[[#This Row],[NOME DO TUTOR]],'REG.CONTROL'!C:C,'REG.CONTROL'!G:G),"Demitido") -> 44706 | K90: 51996718319 | L90: =IFERROR(_xlfn.XLOOKUP(Tabela2[[#This Row],[NOME DO TUTOR]],'REG.CONTROL'!C:C,'REG.CONTROL'!F:F),"Demitido") -> 1004010089 | M90: marcia.santos@regentedepolo.uniasselvi.com.br | N90: =IFERROR(_xlfn.XLOOKUP(Tabela2[[#This Row],[CHAPA]],TUT.CONTROL!F:F,TUT.CONTROL!H:H),_xlfn.XLOOKUP(Tabela2[[#This Row],[CHAPA]],'REG.CONTROL'!F:F,'REG.CONTROL'!H:H)) -> PROFESSOR REGENTE DE POLO (UC_1744) | O90: =IFERROR(_xlfn.XLOOKUP(Tabela2[[#This Row],[NOME DO TUTOR]],'REGENTE CH'!A:A,'REGENTE CH'!C:C),"Atualizar") -> 004:00 | P90: =IF(Tabela2[[#This Row],[SITUAÇÃO]]="Demitido",IFERROR(_xlfn.XLOOKUP(Tabela2[[#This Row],[CHAPA]],TUT.CONTROL!F:F,TUT.CONTROL!V:V),_xlfn.XLOOKUP(Tabela2[[#This Row],[CHAPA]],'REG.CONTROL'!F:F,'REG.CONTROL'!V:V)),"-") -> - | Q90: OK | R90: COREN-RS | S90: 655019
A91: =IF(Tabela2[[#This Row],[SITUAÇÃO]]="Férias",CONCATENATE(Tabela2[[#This Row],[POLO]],Tabela2[[#This Row],[CURSOS]],Tabela2[[#This Row],[CATEGORIA]]),IF(Tabela2[[#This Row],[SITUAÇÃO]]="Ativo",CONCATENATE(Tabela2[[#This Row],[POLO]],Tabela2[[#This Row],[CURSOS]],Tabela2[[#This Row],[CATEGORIA]]),"desligado")) -> Guaramirim/SCEMF-ISNENF-INS (Multidisciplinar II) | B91: =Tabela2[[#This Row],[CATEGORIA]]&Tabela2[[#This Row],[CURSOS]]&"LAP - "&Tabela2[[#This Row],[POLO]] -> ENF-INS (Multidisciplinar II)EMF-ISNLAP - Guaramirim/SC | C91: =Tabela2[[#This Row],[CATEGORIA]]&Tabela2[[#This Row],[CURSOS]] -> ENF-INS (Multidisciplinar II)EMF-ISN | D91: =IF(Tabela2[[#This Row],[SITUAÇÃO]]<>"Demitido",CONCATENATE(Tabela2[[#This Row],[POLO]],Tabela2[[#This Row],[CURSOS]]),"Substituição") -> Guaramirim/SCEMF-ISN | E91: ENF-INS (Multidisciplinar II) | F91: EMF-ISN | G91: Guaramirim/SC | H91: Perla De Souza Andrade | I91: =IFERROR(_xlfn.XLOOKUP(Tabela2[[#This Row],[CHAPA]],TUT.CONTROL!F:F,TUT.CONTROL!I:I),_xlfn.XLOOKUP(Tabela2[[#This Row],[CHAPA]],'REG.CONTROL'!F:F,'REG.CONTROL'!I:I)) -> Ativo | J91: =IFERROR(_xlfn.XLOOKUP(Tabela2[[#This Row],[NOME DO TUTOR]],TUT.CONTROL!C:C,TUT.CONTROL!G:G),"Atualizar") -> 46090 | K91: 92982387235 | L91: =IFERROR(_xlfn.XLOOKUP(Tabela2[[#This Row],[NOME DO TUTOR]],TUT.CONTROL!C:C,TUT.CONTROL!F:F),"Demitido") -> 1158001158 | M91: perla.andrade@tutorpratica.uniasselvi.com.br | N91: =IFERROR(_xlfn.XLOOKUP(Tabela2[[#This Row],[CHAPA]],TUT.CONTROL!F:F,TUT.CONTROL!H:H),_xlfn.XLOOKUP(Tabela2[[#This Row],[CHAPA]],'REG.CONTROL'!F:F,'REG.CONTROL'!H:H)) -> TUTOR DE PRATICA (UC_1749) | O91: =IFERROR(_xlfn.XLOOKUP(Tabela2[[#This Row],[NOME DO TUTOR]],TUT.CONTROL!C:C,TUT.CONTROL!K:K),"Demitido") -> 004:00 | P91: =IF(Tabela2[[#This Row],[SITUAÇÃO]]="Demitido",IFERROR(_xlfn.XLOOKUP(Tabela2[[#This Row],[CHAPA]],TUT.CONTROL!F:F,TUT.CONTROL!V:V),_xlfn.XLOOKUP(Tabela2[[#This Row],[CHAPA]],'REG.CONTROL'!F:F,'REG.CONTROL'!V:V)),"-") -> -
A92: =IF(Tabela2[[#This Row],[SITUAÇÃO]]="Férias",CONCATENATE(Tabela2[[#This Row],[POLO]],Tabela2[[#This Row],[CURSOS]],Tabela2[[#This Row],[CATEGORIA]]),IF(Tabela2[[#This Row],[SITUAÇÃO]]="Ativo",CONCATENATE(Tabela2[[#This Row],[POLO]],Tabela2[[#This Row],[CURSOS]],Tabela2[[#This Row],[CATEGORIA]]),"desligado")) -> desligado | B92: =Tabela2[[#This Row],[CATEGORIA]]&Tabela2[[#This Row],[CURSOS]]&"LAP - "&Tabela2[[#This Row],[POLO]] -> ENF-INS (Multidisciplinar II)EMF-ISNLAP - Guaramirim/SC | C92: =Tabela2[[#This Row],[CATEGORIA]]&Tabela2[[#This Row],[CURSOS]] -> ENF-INS (Multidisciplinar II)EMF-ISN | D92: =IF(Tabela2[[#This Row],[SITUAÇÃO]]<>"Demitido",CONCATENATE(Tabela2[[#This Row],[POLO]],Tabela2[[#This Row],[CURSOS]]),"Substituição") -> Substituição | E92: ENF-INS (Multidisciplinar II) | F92: EMF-ISN | G92: Guaramirim/SC | H92: Carla Schorck | I92: =IFERROR(_xlfn.XLOOKUP(Tabela2[[#This Row],[CHAPA]],TUT.CONTROL!F:F,TUT.CONTROL!I:I),_xlfn.XLOOKUP(Tabela2[[#This Row],[CHAPA]],'REG.CONTROL'!F:F,'REG.CONTROL'!I:I)) -> Demitido | J92: =IFERROR(_xlfn.XLOOKUP(Tabela2[[#This Row],[NOME DO TUTOR]],TUT.CONTROL!C:C,TUT.CONTROL!G:G),"Demitido") -> 45735 | K92: 47991162278 | L92: =IFERROR(_xlfn.XLOOKUP(Tabela2[[#This Row],[NOME DO TUTOR]],TUT.CONTROL!C:C,TUT.CONTROL!F:F),"Demitido") -> 1158000568 | M92: carla.schorck@tutorpratica.uniasselvi.com.br | N92: =IFERROR(_xlfn.XLOOKUP(Tabela2[[#This Row],[CHAPA]],TUT.CONTROL!F:F,TUT.CONTROL!H:H),_xlfn.XLOOKUP(Tabela2[[#This Row],[CHAPA]],'REG.CONTROL'!F:F,'REG.CONTROL'!H:H)) -> TUTOR DE PRATICA (UC_1749) | O92: =IFERROR(_xlfn.XLOOKUP(Tabela2[[#This Row],[NOME DO TUTOR]],TUT.CONTROL!C:C,TUT.CONTROL!K:K),"Demitido") -> 004:00 | P92: =IF(Tabela2[[#This Row],[SITUAÇÃO]]="Demitido",IFERROR(_xlfn.XLOOKUP(Tabela2[[#This Row],[CHAPA]],TUT.CONTROL!F:F,TUT.CONTROL!V:V),_xlfn.XLOOKUP(Tabela2[[#This Row],[CHAPA]],'REG.CONTROL'!F:F,'REG.CONTROL'!V:V)),"-") -> 45911 | Q92: Desligado
A93: =IF(Tabela2[[#This Row],[SITUAÇÃO]]="Férias",CONCATENATE(Tabela2[[#This Row],[POLO]],Tabela2[[#This Row],[CURSOS]],Tabela2[[#This Row],[CATEGORIA]]),IF(Tabela2[[#This Row],[SITUAÇÃO]]="Ativo",CONCATENATE(Tabela2[[#This Row],[POLO]],Tabela2[[#This Row],[CURSOS]],Tabela2[[#This Row],[CATEGORIA]]),"desligado")) -> Guarujá/SPEMF-ISNENF-INS (Multidisciplinar II) | B93: =Tabela2[[#This Row],[CATEGORIA]]&Tabela2[[#This Row],[CURSOS]]&"LAP - "&Tabela2[[#This Row],[POLO]] -> ENF-INS (Multidisciplinar II)EMF-ISNLAP - Guarujá/SP | C93: =Tabela2[[#This Row],[CATEGORIA]]&Tabela2[[#This Row],[CURSOS]] -> ENF-INS (Multidisciplinar II)EMF-ISN | D93: =IF(Tabela2[[#This Row],[SITUAÇÃO]]<>"Demitido",CONCATENATE(Tabela2[[#This Row],[POLO]],Tabela2[[#This Row],[CURSOS]]),"Substituição") -> Guarujá/SPEMF-ISN | E93: ENF-INS (Multidisciplinar II) | F93: EMF-ISN | G93: Guarujá/SP | H93: Marilene Da Fonseca Magalhaes Silva | I93: =IFERROR(_xlfn.XLOOKUP(Tabela2[[#This Row],[CHAPA]],TUT.CONTROL!F:F,TUT.CONTROL!I:I),_xlfn.XLOOKUP(Tabela2[[#This Row],[CHAPA]],'REG.CONTROL'!F:F,'REG.CONTROL'!I:I)) -> Ativo | J93: =IFERROR(_xlfn.XLOOKUP(Tabela2[[#This Row],[NOME DO TUTOR]],TUT.CONTROL!C:C,TUT.CONTROL!G:G),"Demitido") -> 45733 | K93: 13981653135 | L93: =IFERROR(_xlfn.XLOOKUP(Tabela2[[#This Row],[NOME DO TUTOR]],TUT.CONTROL!C:C,TUT.CONTROL!F:F),"Demitido") -> 1158000551 | M93: marilene.silva@tutorpratica.uniasselvi.com.br | N93: =IFERROR(_xlfn.XLOOKUP(Tabela2[[#This Row],[CHAPA]],TUT.CONTROL!F:F,TUT.CONTROL!H:H),_xlfn.XLOOKUP(Tabela2[[#This Row],[CHAPA]],'REG.CONTROL'!F:F,'REG.CONTROL'!H:H)) -> TUTOR DE PRATICA (UC_1749) | O93: =IFERROR(_xlfn.XLOOKUP(Tabela2[[#This Row],[NOME DO TUTOR]],TUT.CONTROL!C:C,TUT.CONTROL!K:K),"Demitido") -> 004:00 | P93: =IF(Tabela2[[#This Row],[SITUAÇÃO]]="Demitido",IFERROR(_xlfn.XLOOKUP(Tabela2[[#This Row],[CHAPA]],TUT.CONTROL!F:F,TUT.CONTROL!V:V),_xlfn.XLOOKUP(Tabela2[[#This Row],[CHAPA]],'REG.CONTROL'!F:F,'REG.CONTROL'!V:V)),"-") -> - | Q93: OK | R93: COREN-SP | S93: 61892
A94: =IF(Tabela2[[#This Row],[SITUAÇÃO]]="Férias",CONCATENATE(Tabela2[[#This Row],[POLO]],Tabela2[[#This Row],[CURSOS]],Tabela2[[#This Row],[CATEGORIA]]),IF(Tabela2[[#This Row],[SITUAÇÃO]]="Ativo",CONCATENATE(Tabela2[[#This Row],[POLO]],Tabela2[[#This Row],[CURSOS]],Tabela2[[#This Row],[CATEGORIA]]),"desligado")) -> Herval D'Oeste/SCEMF-ISNENF-INS (Multidisciplinar II) | B94: =Tabela2[[#This Row],[CATEGORIA]]&Tabela2[[#This Row],[CURSOS]]&"LAP - "&Tabela2[[#This Row],[POLO]] -> ENF-INS (Multidisciplinar II)EMF-ISNLAP - Herval D'Oeste/SC | C94: =Tabela2[[#This Row],[CATEGORIA]]&Tabela2[[#This Row],[CURSOS]] -> ENF-INS (Multidisciplinar II)EMF-ISN | D94: =IF(Tabela2[[#This Row],[SITUAÇÃO]]<>"Demitido",CONCATENATE(Tabela2[[#This Row],[POLO]],Tabela2[[#This Row],[CURSOS]]),"Substituição") -> Herval D'Oeste/SCEMF-ISN | E94: ENF-INS (Multidisciplinar II) | F94: EMF-ISN | G94: Herval D'Oeste/SC | H94: Maksllene Ingrid De Souza Cavalcanti Spessatto | I94: =IFERROR(_xlfn.XLOOKUP(Tabela2[[#This Row],[CHAPA]],TUT.CONTROL!F:F,TUT.CONTROL!I:I),_xlfn.XLOOKUP(Tabela2[[#This Row],[CHAPA]],'REG.CONTROL'!F:F,'REG.CONTROL'!I:I)) -> Ativo | J94: =IFERROR(_xlfn.XLOOKUP(Tabela2[[#This Row],[NOME DO TUTOR]],TUT.CONTROL!C:C,TUT.CONTROL!G:G),"Demitido") -> 45756 | K94: 49 9917-5464 | L94: =IFERROR(_xlfn.XLOOKUP(Tabela2[[#This Row],[NOME DO TUTOR]],TUT.CONTROL!C:C,TUT.CONTROL!F:F),"Demitido") -> 1158000698 | M94: maksllene.cavalcanti@tutorpratica.uniasselvi.com.br | N94: =IFERROR(_xlfn.XLOOKUP(Tabela2[[#This Row],[CHAPA]],TUT.CONTROL!F:F,TUT.CONTROL!H:H),_xlfn.XLOOKUP(Tabela2[[#This Row],[CHAPA]],'REG.CONTROL'!F:F,'REG.CONTROL'!H:H)) -> TUTOR DE PRATICA (UC_1749) | O94: =IFERROR(_xlfn.XLOOKUP(Tabela2[[#This Row],[NOME DO TUTOR]],TUT.CONTROL!C:C,TUT.CONTROL!K:K),"Demitido") -> 004:00 | P94: =IF(Tabela2[[#This Row],[SITUAÇÃO]]="Demitido",IFERROR(_xlfn.XLOOKUP(Tabela2[[#This Row],[CHAPA]],TUT.CONTROL!F:F,TUT.CONTROL!V:V),_xlfn.XLOOKUP(Tabela2[[#This Row],[CHAPA]],'REG.CONTROL'!F:F,'REG.CONTROL'!V:V)),"-") -> - | Q94: OK | R94: COREN-SC | S94: 842225
A95: =IF(Tabela2[[#This Row],[SITUAÇÃO]]="Férias",CONCATENATE(Tabela2[[#This Row],[POLO]],Tabela2[[#This Row],[CURSOS]],Tabela2[[#This Row],[CATEGORIA]]),IF(Tabela2[[#This Row],[SITUAÇÃO]]="Ativo",CONCATENATE(Tabela2[[#This Row],[POLO]],Tabela2[[#This Row],[CURSOS]],Tabela2[[#This Row],[CATEGORIA]]),"desligado")) -> Igarapé-Miri/PAEMF-ISNENF-INS (Multidisciplinar II) | B95: =Tabela2[[#This Row],[CATEGORIA]]&Tabela2[[#This Row],[CURSOS]]&"LAP - "&Tabela2[[#This Row],[POLO]] -> ENF-INS (Multidisciplinar II)EMF-ISNLAP - Igarapé-Miri/PA | C95: =Tabela2[[#This Row],[CATEGORIA]]&Tabela2[[#This Row],[CURSOS]] -> ENF-INS (Multidisciplinar II)EMF-ISN | D95: =IF(Tabela2[[#This Row],[SITUAÇÃO]]<>"Demitido",CONCATENATE(Tabela2[[#This Row],[POLO]],Tabela2[[#This Row],[CURSOS]]),"Substituição") -> Igarapé-Miri/PAEMF-ISN | E95: ENF-INS (Multidisciplinar II) | F95: EMF-ISN | G95: Igarapé-Miri/PA | H95: Aline Farias Dos Santos | I95: =IFERROR(_xlfn.XLOOKUP(Tabela2[[#This Row],[CHAPA]],TUT.CONTROL!F:F,TUT.CONTROL!I:I),_xlfn.XLOOKUP(Tabela2[[#This Row],[CHAPA]],'REG.CONTROL'!F:F,'REG.CONTROL'!I:I)) -> Ativo | J95: =IFERROR(_xlfn.XLOOKUP(Tabela2[[#This Row],[NOME DO TUTOR]],TUT.CONTROL!C:C,TUT.CONTROL!G:G),"Demitido") -> 45931 | K95: 91984244833 | L95: =IFERROR(_xlfn.XLOOKUP(Tabela2[[#This Row],[NOME DO TUTOR]],TUT.CONTROL!C:C,TUT.CONTROL!F:F),"Demitido") -> 1158000995 | M95: aline.santos@tutorpratica.uniasselvi.com.br | N95: =IFERROR(_xlfn.XLOOKUP(Tabela2[[#This Row],[CHAPA]],TUT.CONTROL!F:F,TUT.CONTROL!H:H),_xlfn.XLOOKUP(Tabela2[[#This Row],[CHAPA]],'REG.CONTROL'!F:F,'REG.CONTROL'!H:H)) -> TUTOR DE PRATICA (UC_1749) | O95: =IFERROR(_xlfn.XLOOKUP(Tabela2[[#This Row],[NOME DO TUTOR]],TUT.CONTROL!C:C,TUT.CONTROL!K:K),"Demitido") -> 004:00 | P95: =IF(Tabela2[[#This Row],[SITUAÇÃO]]="Demitido",IFERROR(_xlfn.XLOOKUP(Tabela2[[#This Row],[CHAPA]],TUT.CONTROL!F:F,TUT.CONTROL!V:V),_xlfn.XLOOKUP(Tabela2[[#This Row],[CHAPA]],'REG.CONTROL'!F:F,'REG.CONTROL'!V:V)),"-") -> - | Q95: OK | R95: COREN-PA | S95: 923897
A96: =IF(Tabela2[[#This Row],[SITUAÇÃO]]="Férias",CONCATENATE(Tabela2[[#This Row],[POLO]],Tabela2[[#This Row],[CURSOS]],Tabela2[[#This Row],[CATEGORIA]]),IF(Tabela2[[#This Row],[SITUAÇÃO]]="Ativo",CONCATENATE(Tabela2[[#This Row],[POLO]],Tabela2[[#This Row],[CURSOS]],Tabela2[[#This Row],[CATEGORIA]]),"desligado")) -> Ilhéus/BAEMF-ISNENF-INS (Multidisciplinar II) | B96: =Tabela2[[#This Row],[CATEGORIA]]&Tabela2[[#This Row],[CURSOS]]&"LAP - "&Tabela2[[#This Row],[POLO]] -> ENF-INS (Multidisciplinar II)EMF-ISNLAP - Ilhéus/BA | C96: =Tabela2[[#This Row],[CATEGORIA]]&Tabela2[[#This Row],[CURSOS]] -> ENF-INS (Multidisciplinar II)EMF-ISN | D96: =IF(Tabela2[[#This Row],[SITUAÇÃO]]<>"Demitido",CONCATENATE(Tabela2[[#This Row],[POLO]],Tabela2[[#This Row],[CURSOS]]),"Substituição") -> Ilhéus/BAEMF-ISN | E96: ENF-INS (Multidisciplinar II) | F96: EMF-ISN | G96: Ilhéus/BA | H96: Isabella Ramos Dos Santos | I96: =IFERROR(_xlfn.XLOOKUP(Tabela2[[#This Row],[CHAPA]],TUT.CONTROL!F:F,TUT.CONTROL!I:I),_xlfn.XLOOKUP(Tabela2[[#This Row],[CHAPA]],'REG.CONTROL'!F:F,'REG.CONTROL'!I:I)) -> Ativo | J96: =IFERROR(_xlfn.XLOOKUP(Tabela2[[#This Row],[NOME DO TUTOR]],TUT.CONTROL!C:C,TUT.CONTROL!G:G),"Demitido") -> 45735 | K96: 73988311285 | L96: =IFERROR(_xlfn.XLOOKUP(Tabela2[[#This Row],[NOME DO TUTOR]],TUT.CONTROL!C:C,TUT.CONTROL!F:F),"Demitido") -> 1158000567 | M96: isabella.santos@tutorpratica.uniasselvi.com.br | N96: =IFERROR(_xlfn.XLOOKUP(Tabela2[[#This Row],[CHAPA]],TUT.CONTROL!F:F,TUT.CONTROL!H:H),_xlfn.XLOOKUP(Tabela2[[#This Row],[CHAPA]],'REG.CONTROL'!F:F,'REG.CONTROL'!H:H)) -> TUTOR DE PRATICA (UC_1749) | O96: =IFERROR(_xlfn.XLOOKUP(Tabela2[[#This Row],[NOME DO TUTOR]],TUT.CONTROL!C:C,TUT.CONTROL!K:K),"Demitido") -> 004:00 | P96: =IF(Tabela2[[#This Row],[SITUAÇÃO]]="Demitido",IFERROR(_xlfn.XLOOKUP(Tabela2[[#This Row],[CHAPA]],TUT.CONTROL!F:F,TUT.CONTROL!V:V),_xlfn.XLOOKUP(Tabela2[[#This Row],[CHAPA]],'REG.CONTROL'!F:F,'REG.CONTROL'!V:V)),"-") -> - | Q96: OK | R96: COREN-BA | S96: 709528
A97: =IF(Tabela2[[#This Row],[SITUAÇÃO]]="Férias",CONCATENATE(Tabela2[[#This Row],[POLO]],Tabela2[[#This Row],[CURSOS]],Tabela2[[#This Row],[CATEGORIA]]),IF(Tabela2[[#This Row],[SITUAÇÃO]]="Ativo",CONCATENATE(Tabela2[[#This Row],[POLO]],Tabela2[[#This Row],[CURSOS]],Tabela2[[#This Row],[CATEGORIA]]),"desligado")) -> Imbituba/SCEMF-ISNENF-INS (Multidisciplinar II) | B97: =Tabela2[[#This Row],[CATEGORIA]]&Tabela2[[#This Row],[CURSOS]]&"LAP - "&Tabela2[[#This Row],[POLO]] -> ENF-INS (Multidisciplinar II)EMF-ISNLAP - Imbituba/SC | C97: =Tabela2[[#This Row],[CATEGORIA]]&Tabela2[[#This Row],[CURSOS]] -> ENF-INS (Multidisciplinar II)EMF-ISN | D97: =IF(Tabela2[[#This Row],[SITUAÇÃO]]<>"Demitido",CONCATENATE(Tabela2[[#This Row],[POLO]],Tabela2[[#This Row],[CURSOS]]),"Substituição") -> Imbituba/SCEMF-ISN | E97: ENF-INS (Multidisciplinar II) | F97: EMF-ISN | G97: Imbituba/SC | H97: Ingrid Schroeder Pineiro | I97: =IFERROR(_xlfn.XLOOKUP(Tabela2[[#This Row],[CHAPA]],TUT.CONTROL!F:F,TUT.CONTROL!I:I),_xlfn.XLOOKUP(Tabela2[[#This Row],[CHAPA]],'REG.CONTROL'!F:F,'REG.CONTROL'!I:I)) -> Ativo | J97: =IFERROR(_xlfn.XLOOKUP(Tabela2[[#This Row],[NOME DO TUTOR]],'REG.CONTROL'!C:C,'REG.CONTROL'!G:G),"Demitido") -> 45369 | K97: 48988335972 | L97: =IFERROR(_xlfn.XLOOKUP(Tabela2[[#This Row],[NOME DO TUTOR]],'REG.CONTROL'!C:C,'REG.CONTROL'!F:F),"Demitido") -> 1004014172 | M97: ingrid.pineiro@regentedepolo.uniasselvi.com.br | N97: =IFERROR(_xlfn.XLOOKUP(Tabela2[[#This Row],[CHAPA]],TUT.CONTROL!F:F,TUT.CONTROL!H:H),_xlfn.XLOOKUP(Tabela2[[#This Row],[CHAPA]],'REG.CONTROL'!F:F,'REG.CONTROL'!H:H)) -> PROFESSOR REGENTE DE POLO (UC_1744) | O97: =IFERROR(_xlfn.XLOOKUP(Tabela2[[#This Row],[NOME DO TUTOR]],'REGENTE CH'!A:A,'REGENTE CH'!C:C),"Atualizar") -> 004:00 | P97: =IF(Tabela2[[#This Row],[SITUAÇÃO]]="Demitido",IFERROR(_xlfn.XLOOKUP(Tabela2[[#This Row],[CHAPA]],TUT.CONTROL!F:F,TUT.CONTROL!V:V),_xlfn.XLOOKUP(Tabela2[[#This Row],[CHAPA]],'REG.CONTROL'!F:F,'REG.CONTROL'!V:V)),"-") -> - | Q97: OK | R97: COREN-SC | S97: 813651
A98: =IF(Tabela2[[#This Row],[SITUAÇÃO]]="Férias",CONCATENATE(Tabela2[[#This Row],[POLO]],Tabela2[[#This Row],[CURSOS]],Tabela2[[#This Row],[CATEGORIA]]),IF(Tabela2[[#This Row],[SITUAÇÃO]]="Ativo",CONCATENATE(Tabela2[[#This Row],[POLO]],Tabela2[[#This Row],[CURSOS]],Tabela2[[#This Row],[CATEGORIA]]),"desligado")) -> Indaial/SC - Vitória Regia ( Centro Universitário Leonardo da Vinci)EMF-ISNENF-INS (Multidisciplinar II) | B98: =Tabela2[[#This Row],[CATEGORIA]]&Tabela2[[#This Row],[CURSOS]]&"LAP - "&Tabela2[[#This Row],[POLO]] -> ENF-INS (Multidisciplinar II)EMF-ISNLAP - Indaial/SC - Vitória Regia ( Centro Universitário Leonardo da Vinci) | C98: =Tabela2[[#This Row],[CATEGORIA]]&Tabela2[[#This Row],[CURSOS]] -> ENF-INS (Multidisciplinar II)EMF-ISN | D98: =IF(Tabela2[[#This Row],[SITUAÇÃO]]<>"Demitido",CONCATENATE(Tabela2[[#This Row],[POLO]],Tabela2[[#This Row],[CURSOS]]),"Substituição") -> Indaial/SC - Vitória Regia ( Centro Universitário Leonardo da Vinci)EMF-ISN | E98: ENF-INS (Multidisciplinar II) | F98: EMF-ISN | G98: Indaial/SC - Vitória Regia ( Centro Universitário Leonardo da Vinci) | H98: Antonieta Carolina Ramos Andrade Graupe | I98: =IFERROR(_xlfn.XLOOKUP(Tabela2[[#This Row],[CHAPA]],TUT.CONTROL!F:F,TUT.CONTROL!I:I),_xlfn.XLOOKUP(Tabela2[[#This Row],[CHAPA]],'REG.CONTROL'!F:F,'REG.CONTROL'!I:I)) -> Ativo | J98: =IFERROR(_xlfn.XLOOKUP(Tabela2[[#This Row],[NOME DO TUTOR]],'REG.CONTROL'!C:C,'REG.CONTROL'!G:G),"Demitido") -> 45054 | K98: 47991959752 | L98: =IFERROR(_xlfn.XLOOKUP(Tabela2[[#This Row],[NOME DO TUTOR]],'REG.CONTROL'!C:C,'REG.CONTROL'!F:F),"Demitido") -> 1004011995 | M98: antonieta.graupe@regentedepolo.uniasselvi.com.br | N98: =IFERROR(_xlfn.XLOOKUP(Tabela2[[#This Row],[CHAPA]],TUT.CONTROL!F:F,TUT.CONTROL!H:H),_xlfn.XLOOKUP(Tabela2[[#This Row],[CHAPA]],'REG.CONTROL'!F:F,'REG.CONTROL'!H:H)) -> PROFESSOR REGENTE DE POLO (UC_1744) | O98: =IFERROR(_xlfn.XLOOKUP(Tabela2[[#This Row],[NOME DO TUTOR]],'REGENTE CH'!A:A,'REGENTE CH'!C:C),"Atualizar") -> 004:00 | P98: =IF(Tabela2[[#This Row],[SITUAÇÃO]]="Demitido",IFERROR(_xlfn.XLOOKUP(Tabela2[[#This Row],[CHAPA]],TUT.CONTROL!F:F,TUT.CONTROL!V:V),_xlfn.XLOOKUP(Tabela2[[#This Row],[CHAPA]],'REG.CONTROL'!F:F,'REG.CONTROL'!V:V)),"-") -> - | Q98: OK | R98: COREN-SC | S98: 724337
A99: =IF(Tabela2[[#This Row],[SITUAÇÃO]]="Férias",CONCATENATE(Tabela2[[#This Row],[POLO]],Tabela2[[#This Row],[CURSOS]],Tabela2[[#This Row],[CATEGORIA]]),IF(Tabela2[[#This Row],[SITUAÇÃO]]="Ativo",CONCATENATE(Tabela2[[#This Row],[POLO]],Tabela2[[#This Row],[CURSOS]],Tabela2[[#This Row],[CATEGORIA]]),"desligado")) -> desligado | B99: =Tabela2[[#This Row],[CATEGORIA]]&Tabela2[[#This Row],[CURSOS]]&"LAP - "&Tabela2[[#This Row],[POLO]] -> ENF-INS (Multidisciplinar II)EMF-ISNLAP - Ipatinga/MG | C99: =Tabela2[[#This Row],[CATEGORIA]]&Tabela2[[#This Row],[CURSOS]] -> ENF-INS (Multidisciplinar II)EMF-ISN | D99: =IF(Tabela2[[#This Row],[SITUAÇÃO]]<>"Demitido",CONCATENATE(Tabela2[[#This Row],[POLO]],Tabela2[[#This Row],[CURSOS]]),"Substituição") -> Substituição | E99: ENF-INS (Multidisciplinar II) | F99: EMF-ISN | G99: Ipatinga/MG | H99: Paloma Araujo Souza | I99: =IFERROR(_xlfn.XLOOKUP(Tabela2[[#This Row],[CHAPA]],TUT.CONTROL!F:F,TUT.CONTROL!I:I),_xlfn.XLOOKUP(Tabela2[[#This Row],[CHAPA]],'REG.CONTROL'!F:F,'REG.CONTROL'!I:I)) -> Demitido | J99: 45735 | K99: 31996003851 | L99: =IFERROR(_xlfn.XLOOKUP(Tabela2[[#This Row],[NOME DO TUTOR]],TUT.CONTROL!C:C,TUT.CONTROL!F:F),"Demitido") -> 1158000580 | M99: paloma.souza@tutorpratica.uniasselvi.com.br | N99: =IFERROR(_xlfn.XLOOKUP(Tabela2[[#This Row],[CHAPA]],TUT.CONTROL!F:F,TUT.CONTROL!H:H),_xlfn.XLOOKUP(Tabela2[[#This Row],[CHAPA]],'REG.CONTROL'!F:F,'REG.CONTROL'!H:H)) -> TUTOR DE PRATICA (UC_1749) | O99: =IFERROR(_xlfn.XLOOKUP(Tabela2[[#This Row],[NOME DO TUTOR]],TUT.CONTROL!C:C,TUT.CONTROL!K:K),"Demitido") -> 004:00 | P99: =IF(Tabela2[[#This Row],[SITUAÇÃO]]="Demitido",IFERROR(_xlfn.XLOOKUP(Tabela2[[#This Row],[CHAPA]],TUT.CONTROL!F:F,TUT.CONTROL!V:V),_xlfn.XLOOKUP(Tabela2[[#This Row],[CHAPA]],'REG.CONTROL'!F:F,'REG.CONTROL'!V:V)),"-") -> 45796 | Q99: Desligado
A100: =IF(Tabela2[[#This Row],[SITUAÇÃO]]="Férias",CONCATENATE(Tabela2[[#This Row],[POLO]],Tabela2[[#This Row],[CURSOS]],Tabela2[[#This Row],[CATEGORIA]]),IF(Tabela2[[#This Row],[SITUAÇÃO]]="Ativo",CONCATENATE(Tabela2[[#This Row],[POLO]],Tabela2[[#This Row],[CURSOS]],Tabela2[[#This Row],[CATEGORIA]]),"desligado")) -> Ipueiras/CEEMF-ISNENF-INS (Multidisciplinar II) | B100: =Tabela2[[#This Row],[CATEGORIA]]&Tabela2[[#This Row],[CURSOS]]&"LAP - "&Tabela2[[#This Row],[POLO]] -> ENF-INS (Multidisciplinar II)EMF-ISNLAP - Ipueiras/CE | C100: =Tabela2[[#This Row],[CATEGORIA]]&Tabela2[[#This Row],[CURSOS]] -> ENF-INS (Multidisciplinar II)EMF-ISN | D100: =IF(Tabela2[[#This Row],[SITUAÇÃO]]<>"Demitido",CONCATENATE(Tabela2[[#This Row],[POLO]],Tabela2[[#This Row],[CURSOS]]),"Substituição") -> Ipueiras/CEEMF-ISN | E100: ENF-INS (Multidisciplinar II) | F100: EMF-ISN | G100: Ipueiras/CE | H100: Lilian Maria De Meneses Bernardo | I100: =IFERROR(_xlfn.XLOOKUP(Tabela2[[#This Row],[CHAPA]],TUT.CONTROL!F:F,TUT.CONTROL!I:I),_xlfn.XLOOKUP(Tabela2[[#This Row],[CHAPA]],'REG.CONTROL'!F:F,'REG.CONTROL'!I:I)) -> Ativo | J100: =IFERROR(_xlfn.XLOOKUP(Tabela2[[#This Row],[NOME DO TUTOR]],'REG.CONTROL'!C:C,'REG.CONTROL'!G:G),"Demitido") -> 45152 | K100: 88981841940 | L100: =IFERROR(_xlfn.XLOOKUP(Tabela2[[#This Row],[NOME DO TUTOR]],'REG.CONTROL'!C:C,'REG.CONTROL'!F:F),"Demitido") -> 1004012632 | M100: lilian.bernardo@regentedepolo.uniasselvi.com.br | N100: =IFERROR(_xlfn.XLOOKUP(Tabela2[[#This Row],[CHAPA]],TUT.CONTROL!F:F,TUT.CONTROL!H:H),_xlfn.XLOOKUP(Tabela2[[#This Row],[CHAPA]],'REG.CONTROL'!F:F,'REG.CONTROL'!H:H)) -> PROFESSOR REGENTE DE POLO (UC_1744) | O100: =IFERROR(_xlfn.XLOOKUP(Tabela2[[#This Row],[NOME DO TUTOR]],'REGENTE CH'!A:A,'REGENTE CH'!C:C),"Atualizar") -> 008:00 | P100: =IF(Tabela2[[#This Row],[SITUAÇÃO]]="Demitido",IFERROR(_xlfn.XLOOKUP(Tabela2[[#This Row],[CHAPA]],TUT.CONTROL!F:F,TUT.CONTROL!V:V),_xlfn.XLOOKUP(Tabela2[[#This Row],[CHAPA]],'REG.CONTROL'!F:F,'REG.CONTROL'!V:V)),"-") -> - | Q100: OK | R100: COREN-CE | S100: 562432
...

Sheet Demissional
A1: CHAVE LOTAÇÃO CLASSIFICAÇÃO DE CURSOS | B1: CHAVE LOTAÇÃO | C1: DEMISSIONAL | D1: DATA DESLIGAMENTO | E1: AVISO | F1: LOTAÇÃO | G1: CATEGORIA | H1: CURSOS | I1: POLO | J1: NOME DO TUTOR | K1: SITUAÇÃO | L1: INÍCIO | M1: WHATSAPP | N1: CHAPA | O1: E-MAIL INSTITUCIONAL | P1: CARGO RM | Q1: CH SEMANAL | R1: DESLIGAMENTO | S1: CONTRATO | T1: REGISTRO PROFISSIONAL | U1: Nº DE REGISTRO | V1: PERMANENCIA (MÊS)
A2: =CONCATENATE(Tabela5[[#This Row],[POLO]],Tabela5[[#This Row],[CURSOS]]) -> Porto Alegre/RS - Centro HistóricoEMF-ISN | B2: =CONCATENATE(Tabela5[[#This Row],[POLO]],Tabela5[[#This Row],[CATEGORIA]],_xlfn.XLOOKUP(Tabela5[[#This Row],[CHAVE LOTAÇÃO CLASSIFICAÇÃO DE CURSOS]],CHAVE!A:A,CHAVE!D:D)) -> #N/A | D2: =IFERROR(_xlfn.XLOOKUP(Tabela5[[#This Row],[NOME DO TUTOR]],TUT.CONTROL!C:C,TUT.CONTROL!V:V),_xlfn.XLOOKUP(Tabela5[[#This Row],[NOME DO TUTOR]],'REG.CONTROL'!C:C,'REG.CONTROL'!V:V)) -> 45754 | E2: Assinado | F2: ■ Substituição | G2: ENF-INS (Multidisciplinar II) | H2: EMF-ISN | I2: Porto Alegre/RS - Centro Histórico | J2: Simone Machado Kuhn De Oliveira | K2: Demitido | L2: 45721 | M2: 51996556926 | N2: 1158000530 | O2: simone.oliveira@tutorpratica.uniasselvi.com.br | P2: TUTOR DE PRATICA (UC_1749) | Q2: 018:00 | R2: 45754 | S2: Desligado | V2: =AVERAGE(Tabela5[PERMANENCIA (MÊS)])/30 -> 0
