Workbook

Sheet Sheet1
A1: Id | B1: Hora de início | C1: Hora de conclusão | D1: Email | E1: Nome | F1: Total de pontos | G1: Comentários do teste | H1: Hora de postagem da nota | I1: Selecione seu Polo Laboratório de Atividades Presenciais: | J1: Pontos – Selecione seu Polo Laboratório de Atividades Presenciais: | K1: Comentários – Selecione seu Polo Laboratório de Atividades Presenciais: | L1: Selecione a Ordem de Disciplina | M1: Pontos – Selecione a Ordem de Disciplina | N1: Comentários – Selecione a Ordem de Disciplina | O1: Selecione a Categoria do Laboratório desta atividade prática: | P1: Pontos – Selecione a Categoria do Laboratório desta atividade prática: | Q1: Comentários – Selecione a Categoria do Laboratório desta atividade prática: | R1: Selecione quais Protocolos de Atividades Práticas foram realizados no laboratório: | S1: Pontos – Selecione quais Protocolos de Atividades Práticas foram realizados no laboratório: | T1: Comentários – Selecione quais Protocolos de Atividades Práticas foram realizados no laboratório: | U1: Data da aplicação do Protocolo de Prática: | V1: Pontos – Data da aplicação do Protocolo de Prática: | W1: Comentários – Data da aplicação do Protocolo de Prática: | X1: Quantos Estudantes presentes neste Experimento? | Y1: Pontos – Quantos Estudantes presentes neste Experimento? | Z1: Comentários – Quantos Estudantes presentes neste Experimento? | AA1: Envio da Lista de Presença: | AB1: Pontos – Envio da Lista de Presença: | AC1: Comentários – Envio da Lista de Presença: | AD1: Envio do Portfólio em PDF: | AE1: Pontos – Envio do Portfólio em PDF: | AF1: Comentários – Envio do Portfólio em PDF: | AG1: Selecione quais Protocolos de Atividades Práticas foram realizados no laboratório:1 | AH1: Pontos – Selecione quais Protocolos de Atividades Práticas foram realizados no laboratório:1 | AI1: Comentários – Selecione quais Protocolos de Atividades Práticas foram realizados no laboratório:1 | AJ1: Data da aplicação do Protocolo de Prática:1 | AK1: Pontos – Data da aplicação do Protocolo de Prática:1 | AL1: Comentários – Data da aplicação do Protocolo de Prática:1 | AM1: Quantos Estudantes presentes neste Experimento?1 | AN1: Pontos – Quantos Estudantes presentes neste Experimento?1 | AO1: Comentários – Quantos Estudantes presentes neste Experimento?1 | AP1: Envio da Lista de Presença:1 | AQ1: Pontos – Envio da Lista de Presença:1 | AR1: Comentários – Envio da Lista de Presença:1 | AS1: Envio do Portfólio em PDF:1 | AT1: Pontos – Envio do Portfólio em PDF:1 | AU1: Comentários – Envio do Portfólio em PDF:1 | AV1: Selecione quais Protocolos de Atividades Práticas foram realizados no laboratório:2 | AW1: Pontos – Selecione quais Protocolos de Atividades Práticas foram realizados no laboratório:2 | AX1: Comentários – Selecione quais Protocolos de Atividades Práticas foram realizados no laboratório:2 | AY1: Data da aplicação do Protocolo de Prática:2 | AZ1: Pontos – Data da aplicação do Protocolo de Prática:2 | BA1: Comentários – Data da aplicação do Protocolo de Prática:2 | BB1: Quantos Estudantes presentes neste Experimento?2 | BC1: Pontos – Quantos Estudantes presentes neste Experimento?2 | BD1: Comentários – Quantos Estudantes presentes neste Experimento?2 | BE1: Envio da Lista de Presença:2 | BF1: Pontos – Envio da Lista de Presença:2 | BG1: Comentários – Envio da Lista de Presença:2 | BH1: Envio do Portfólio em PDF:2 | BI1: Pontos – Envio do Portfólio em PDF:2 | BJ1: Comentários – Envio do Portfólio em PDF:2 | BK1: Selecione quais Protocolos de Atividades Práticas foram realizados no laboratório:3 | BL1: Pontos – Selecione quais Protocolos de Atividades Práticas foram realizados no laboratório:3 | BM1: Comentários – Selecione quais Protocolos de Atividades Práticas foram realizados no laboratório:3 | BN1: Data da aplicação do Protocolo de Prática:3 | BO1: Pontos – Data da aplicação do Protocolo de Prática:3 | BP1: Comentários – Data da aplicação do Protocolo de Prática:3 | BQ1: Quantos Estudantes presentes neste Experimento?3 | BR1: Pontos – Quantos Estudantes presentes neste Experimento?3 | BS1: Comentários – Quantos Estudantes presentes neste Experimento?3 | BT1: Envio da Lista de Presença:3 | BU1: Pontos – Envio da Lista de Presença:3 | BV1: Comentários – Envio da Lista de Presença:3 | BW1: Envio do Portfólio em PDF:3 | BX1: Pontos – Envio do Portfólio em PDF:3 | BY1: Comentários – Envio do Portfólio em PDF:3 | BZ1: Selecione quais Protocolos de Atividades Práticas foram realizados no laboratório:4 | CA1: Pontos – Selecione quais Protocolos de Atividades Práticas foram realizados no laboratório:4 | CB1: Comentários – Selecione quais Protocolos de Atividades Práticas foram realizados no laboratório:4 | CC1: Data da aplicação do Protocolo de Prática:4 | CD1: Pontos – Data da aplicação do Protocolo de Prática:4 | CE1: Comentários – Data da aplicação do Protocolo de Prática:4 | CF1: Quantos Estudantes presentes neste Experimento?4 | CG1: Pontos – Quantos Estudantes presentes neste Experimento?4 | CH1: Comentários – Quantos Estudantes presentes neste Experimento?4 | CI1: Envio da Lista de Presença:4 | CJ1: Pontos – Envio da Lista de Presença:4 | CK1: Comentários – Envio da Lista de Presença:4 | CL1: Envio do Portfólio em PDF:4 | CM1: Pontos – Envio do Portfólio em PDF:4 | CN1: Comentários – Envio do Portfólio em PDF:4 | CO1: Selecione quais Protocolos de Atividades Práticas foram realizados no laboratório:5 | CP1: Pontos – Selecione quais Protocolos de Atividades Práticas foram realizados no laboratório:5 | CQ1: Comentários – Selecione quais Protocolos de Atividades Práticas foram realizados no laboratório:5 | CR1: Data da aplicação do Protocolo de Prática:5 | CS1: Pontos – Data da aplicação do Protocolo de Prática:5 | CT1: Comentários – Data da aplicação do Protocolo de Prática:5 | CU1: Quantos Estudantes presentes neste Experimento?5 | CV1: Pontos – Quantos Estudantes presentes neste Experimento?5 | CW1: Comentários – Quantos Estudantes presentes neste Experimento?5 | CX1: Envio da Lista de Presença:5 | CY1: Pontos – Envio da Lista de Presença:5 | CZ1: Comentários – Envio da Lista de Presença:5 | DA1: Envio do Portfólio em PDF:5 | DB1: Pontos – Envio do Portfólio em PDF:5 | DC1: Comentários – Envio do Portfólio em PDF:5 | DD1: Selecione quais Protocolos de Atividades Práticas foram realizados no laboratório:6 | DE1: Pontos – Selecione quais Protocolos de Atividades Práticas foram realizados no laboratório:6 | DF1: Comentários – Selecione quais Protocolos de Atividades Práticas foram realizados no laboratório:6 | DG1: Data da aplicação do Protocolo de Prática:6 | DH1: Pontos – Data da aplicação do Protocolo de Prática:6 | DI1: Comentários – Data da aplicação do Protocolo de Prática:6 | DJ1: Quantos Estudantes presentes neste Experimento?6 | DK1: Pontos – Quantos Estudantes presentes neste Experimento?6 | DL1: Comentários – Quantos Estudantes presentes neste Experimento?6 | DM1: Envio da Lista de Presença:6 | DN1: Pontos – Envio da Lista de Presença:6 | DO1: Comentários – Envio da Lista de Presença:6 | DP1: Envio do Portfólio em PDF:6 | DQ1: Pontos – Envio do Portfólio em PDF:6 | DR1: Comentários – Envio do Portfólio em PDF:6 | DS1: CHAVE CONVERSÃO | DT1: CHAVE LINK POLO | DU1: Selecione quais Protocolos de Atividades Práticas foram realizados no laboratório:7 | DV1: Data da aplicação do Protocolo de Prática:7 | DW1: Quantos Estudantes presentes neste Experimento?72 | DX1: Nome do tutor | DY1: Ordem da prática
A2: 2 | B2: 46072.613 | C2: 46072.613 | D2: lucas.medeiros@tutorpratica.uniasselvi.com.br | E2: Lucas Medeiros | I2: Guarujá/SP | L2: Ordem 1 | O2: Multidisciplinar III - Biomedicina Estética, Fisioterapia, Terapia Ocupacional e Estética e Cosmética | AV2: Massagem Geral Terapêutica: Técnicas e Aplicações em Recursos Manuais | AY2: 46071 | BB2: 1 | BE2: https://uniasselvi01-my.sharepoint.com/personal/elienai_cesar_uniasselvi_com_br1/Documents/Aplicativos/Microsoft%20Forms/Question%C3%A1rio%20sem%20t%C3%ADtulo/Envio%20da%20Lista%20de%20Presen%C3%A7a%201/IMG_0809_Lucas%20Medeiros.PNG | BH2: https://uniasselvi01-my.sharepoint.com/personal/elienai_cesar_uniasselvi_com_br1/Documents/Aplicativos/Microsoft%20Forms/Question%C3%A1rio%20sem%20t%C3%ADtulo/Envio%20do%20Portf%C3%B3lio%20em%20PDF%201/massagem%201_Lucas%20Medeiros.pdf | DS2: =_xlfn.XLOOKUP(OfficeForms.Table[[#This Row],[Selecione a Categoria do Laboratório desta atividade prática:]],Planilha1!A:A,Planilha1!B:B) -> BFI | DT2: =CONCATENATE(OfficeForms.Table[[#This Row],[Selecione seu Polo Laboratório de Atividades Presenciais:]],OfficeForms.Table[[#This Row],[CHAVE CONVERSÃO]]) -> Guarujá/SPBFI | DU2: =CONCATENATE(OfficeForms.Table[[#This Row],[Selecione quais Protocolos de Atividades Práticas foram realizados no laboratório:]],OfficeForms.Table[[#This Row],[Selecione quais Protocolos de Atividades Práticas foram realizados no laboratório:1]],OfficeForms.Table[[#This Row],[Selecione quais Protocolos de Atividades Práticas foram realizados no laboratório:2]],OfficeForms.Table[[#This Row],[Selecione quais Protocolos de Atividades Práticas foram realizados no laboratório:3]],OfficeForms.Table[[#This Row],[Selecione quais Protocolos de Atividades Práticas foram realizados no laboratório:4]],OfficeForms.Table[[#This Row],[Selecione quais Protocolos de Atividades Práticas foram realizados no laboratório:5]],OfficeForms.Table[[#This Row],[Selecione quais Protocolos de Atividades Práticas foram realizados no laboratório:6]]) -> Massagem Geral Terapêutica: Técnicas e Aplicações em Recursos Manuais | DV2: =SUM(OfficeForms.Table[[#This Row],[Data da aplicação do Protocolo de Prática:]],OfficeForms.Table[[#This Row],[Data da aplicação do Protocolo de Prática:1]],OfficeForms.Table[[#This Row],[Data da aplicação do Protocolo de Prática:2]],OfficeForms.Table[[#This Row],[Data da aplicação do Protocolo de Prática:3]],OfficeForms.Table[[#This Row],[Data da aplicação do Protocolo de Prática:4]],OfficeForms.Table[[#This Row],[Data da aplicação do Protocolo de Prática:5]],OfficeForms.Table[[#This Row],[Data da aplicação do Protocolo de Prática:6]]) -> 46071 | DW2: =SUM(OfficeForms.Table[[#This Row],[Quantos Estudantes presentes neste Experimento?]],OfficeForms.Table[[#This Row],[Quantos Estudantes presentes neste Experimento?1]],OfficeForms.Table[[#This Row],[Quantos Estudantes presentes neste Experimento?2]],OfficeForms.Table[[#This Row],[Quantos Estudantes presentes neste Experimento?3]],OfficeForms.Table[[#This Row],[Quantos Estudantes presentes neste Experimento?4]],OfficeForms.Table[[#This Row],[Quantos Estudantes presentes neste Experimento?5]],OfficeForms.Table[[#This Row],[Quantos Estudantes presentes neste Experimento?6]]) -> 1 | DX2: =_xlfn.XLOOKUP(OfficeForms.Table[[#This Row],[CHAVE LINK POLO]],'[1]Quadro Geral de Lotação'!$B:$B,'[1]Quadro Geral de Lotação'!$I:$I) -> Lucas Soares De Medeiros | DY2: =OfficeForms.Table[[#This Row],[Selecione a Ordem de Disciplina]] -> Ordem 1
A3: 3 | B3: 46072.823 | C3: 46072.825 | D3: gabriela.santos@tutorpratica.uniasselvi.com.br | E3: Gabriela Santos | I3: Chapecó/SC - Centro | L3: Ordem 1 | O3: EngeMaker | Química e Física - Engenharias e Licenciaturas | BZ3: ENGMAKER - Medição da resistência elétrica | CC3: 46072 | CF3: 0 | CI3: https://uniasselvi01-my.sharepoint.com/personal/elienai_cesar_uniasselvi_com_br1/Documents/Aplicativos/Microsoft%20Forms/Question%C3%A1rio%20sem%20t%C3%ADtulo/Envio%20da%20Lista%20de%20Presen%C3%A7a%203/MODELO_Lista%20de%20Presen%C3%A7a%20das%20Pr%C3%A1ticas_Gabriela%20Santos.pdf | CL3: https://uniasselvi01-my.sharepoint.com/personal/elienai_cesar_uniasselvi_com_br1/Documents/Aplicativos/Microsoft%20Forms/Question%C3%A1rio%20sem%20t%C3%ADtulo/Envio%20do%20Portf%C3%B3lio%20em%20PDF%203/Portf%C3%B3lio%20pratica%20Medindo%20valores%20de%20resist%C3%AAn_Gabriela%20Santos.pdf | DS3: =_xlfn.XLOOKUP(OfficeForms.Table[[#This Row],[Selecione a Categoria do Laboratório desta atividade prática:]],Planilha1!A:A,Planilha1!B:B) -> ECE-ENM-ENS-ENG-EEA-GPI-CDE-OBR-SAN-TER-FSA-SLF-QUI | DT3: =CONCATENATE(OfficeForms.Table[[#This Row],[Selecione seu Polo Laboratório de Atividades Presenciais:]],OfficeForms.Table[[#This Row],[CHAVE CONVERSÃO]]) -> Chapecó/SC - CentroECE-ENM-ENS-ENG-EEA-GPI-CDE-OBR-SAN-TER-FSA-SLF-QUI | DU3: =CONCATENATE(OfficeForms.Table[[#This Row],[Selecione quais Protocolos de Atividades Práticas foram realizados no laboratório:]],OfficeForms.Table[[#This Row],[Selecione quais Protocolos de Atividades Práticas foram realizados no laboratório:1]],OfficeForms.Table[[#This Row],[Selecione quais Protocolos de Atividades Práticas foram realizados no laboratório:2]],OfficeForms.Table[[#This Row],[Selecione quais Protocolos de Atividades Práticas foram realizados no laboratório:3]],OfficeForms.Table[[#This Row],[Selecione quais Protocolos de Atividades Práticas foram realizados no laboratório:4]],OfficeForms.Table[[#This Row],[Selecione quais Protocolos de Atividades Práticas foram realizados no laboratório:5]],OfficeForms.Table[[#This Row],[Selecione quais Protocolos de Atividades Práticas foram realizados no laboratório:6]]) -> ENGMAKER - Medição da resistência elétrica | DV3: =SUM(OfficeForms.Table[[#This Row],[Data da aplicação do Protocolo de Prática:]],OfficeForms.Table[[#This Row],[Data da aplicação do Protocolo de Prática:1]],OfficeForms.Table[[#This Row],[Data da aplicação do Protocolo de Prática:2]],OfficeForms.Table[[#This Row],[Data da aplicação do Protocolo de Prática:3]],OfficeForms.Table[[#This Row],[Data da aplicação do Protocolo de Prática:4]],OfficeForms.Table[[#This Row],[Data da aplicação do Protocolo de Prática:5]],OfficeForms.Table[[#This Row],[Data da aplicação do Protocolo de Prática:6]]) -> 46072 | DW3: =SUM(OfficeForms.Table[[#This Row],[Quantos Estudantes presentes neste Experimento?]],OfficeForms.Table[[#This Row],[Quantos Estudantes presentes neste Experimento?1]],OfficeForms.Table[[#This Row],[Quantos Estudantes presentes neste Experimento?2]],OfficeForms.Table[[#This Row],[Quantos Estudantes presentes neste Experimento?3]],OfficeForms.Table[[#This Row],[Quantos Estudantes presentes neste Experimento?4]],OfficeForms.Table[[#This Row],[Quantos Estudantes presentes neste Experimento?5]],OfficeForms.Table[[#This Row],[Quantos Estudantes presentes neste Experimento?6]]) -> 0 | DX3: =_xlfn.XLOOKUP(OfficeForms.Table[[#This Row],[CHAVE LINK POLO]],'[1]Quadro Geral de Lotação'!$B:$B,'[1]Quadro Geral de Lotação'!$I:$I) -> Gabriela Fanck Dos Santos | DY3: =OfficeForms.Table[[#This Row],[Selecione a Ordem de Disciplina]] -> Ordem 1
A4: 4 | B4: 46072.825 | C4: 46072.827 | D4: gabriela.santos@tutorpratica.uniasselvi.com.br | E4: Gabriela Santos | I4: Chapecó/SC - Centro | L4: Ordem 1 | O4: EngeMaker | Química e Física - Engenharias e Licenciaturas | BZ4: QUÍMICA E FÍSICA - Associação De Resistores Em Série e Paralelo | CC4: 46072 | CF4: 0 | CI4: https://uniasselvi01-my.sharepoint.com/personal/elienai_cesar_uniasselvi_com_br1/Documents/Aplicativos/Microsoft%20Forms/Question%C3%A1rio%20sem%20t%C3%ADtulo/Envio%20da%20Lista%20de%20Presen%C3%A7a%203/MODELO_Lista%20de%20Presen%C3%A7a%20das%20Pr%C3%A1ticas_Gabriela%20Santos%201.pdf | CL4: https://uniasselvi01-my.sharepoint.com/personal/elienai_cesar_uniasselvi_com_br1/Documents/Aplicativos/Microsoft%20Forms/Question%C3%A1rio%20sem%20t%C3%ADtulo/Envio%20do%20Portf%C3%B3lio%20em%20PDF%203/Associa%C3%A7%C3%A3o%20De%20Resistores%20Em%20S%C3%A9rie%20e%20Paralelo_Gabriela%20Santos.pdf | DS4: =_xlfn.XLOOKUP(OfficeForms.Table[[#This Row],[Selecione a Categoria do Laboratório desta atividade prática:]],Planilha1!A:A,Planilha1!B:B) -> ECE-ENM-ENS-ENG-EEA-GPI-CDE-OBR-SAN-TER-FSA-SLF-QUI | DT4: =CONCATENATE(OfficeForms.Table[[#This Row],[Selecione seu Polo Laboratório de Atividades Presenciais:]],OfficeForms.Table[[#This Row],[CHAVE CONVERSÃO]]) -> Chapecó/SC - CentroECE-ENM-ENS-ENG-EEA-GPI-CDE-OBR-SAN-TER-FSA-SLF-QUI | DU4: =CONCATENATE(OfficeForms.Table[[#This Row],[Selecione quais Protocolos de Atividades Práticas foram realizados no laboratório:]],OfficeForms.Table[[#This Row],[Selecione quais Protocolos de Atividades Práticas foram realizados no laboratório:1]],OfficeForms.Table[[#This Row],[Selecione quais Protocolos de Atividades Práticas foram realizados no laboratório:2]],OfficeForms.Table[[#This Row],[Selecione quais Protocolos de Atividades Práticas foram realizados no laboratório:3]],OfficeForms.Table[[#This Row],[Selecione quais Protocolos de Atividades Práticas foram realizados no laboratório:4]],OfficeForms.Table[[#This Row],[Selecione quais Protocolos de Atividades Práticas foram realizados no laboratório:5]],OfficeForms.Table[[#This Row],[Selecione quais Protocolos de Atividades Práticas foram realizados no laboratório:6]]) -> QUÍMICA E FÍSICA - Associação De Resistores Em Série e Paralelo | DV4: =SUM(OfficeForms.Table[[#This Row],[Data da aplicação do Protocolo de Prática:]],OfficeForms.Table[[#This Row],[Data da aplicação do Protocolo de Prática:1]],OfficeForms.Table[[#This Row],[Data da aplicação do Protocolo de Prática:2]],OfficeForms.Table[[#This Row],[Data da aplicação do Protocolo de Prática:3]],OfficeForms.Table[[#This Row],[Data da aplicação do Protocolo de Prática:4]],OfficeForms.Table[[#This Row],[Data da aplicação do Protocolo de Prática:5]],OfficeForms.Table[[#This Row],[Data da aplicação do Protocolo de Prática:6]]) -> 46072 | DW4: =SUM(OfficeForms.Table[[#This Row],[Quantos Estudantes presentes neste Experimento?]],OfficeForms.Table[[#This Row],[Quantos Estudantes presentes neste Experimento?1]],OfficeForms.Table[[#This Row],[Quantos Estudantes presentes neste Experimento?2]],OfficeForms.Table[[#This Row],[Quantos Estudantes presentes neste Experimento?3]],OfficeForms.Table[[#This Row],[Quantos Estudantes presentes neste Experimento?4]],OfficeForms.Table[[#This Row],[Quantos Estudantes presentes neste Experimento?5]],OfficeForms.Table[[#This Row],[Quantos Estudantes presentes neste Experimento?6]]) -> 0 | DX4: =_xlfn.XLOOKUP(OfficeForms.Table[[#This Row],[CHAVE LINK POLO]],'[1]Quadro Geral de Lotação'!$B:$B,'[1]Quadro Geral de Lotação'!$I:$I) -> Gabriela Fanck Dos Santos | DY4: =OfficeForms.Table[[#This Row],[Selecione a Ordem de Disciplina]] -> Ordem 1
A5: 5 | B5: 46073.423 | C5: 46073.425 | D5: paulo.silva@tutorpratica.uniasselvi.com.br | E5: Paulo Silva | I5: Itajaí/SC - São Vicente | L5: Ordem 1 | O5: Multidisciplinar III - Biomedicina Estética, Fisioterapia, Terapia Ocupacional e Estética e Cosmética | AV5: Pontos cardeais | AY5: 46072 | BB5: 5 | BE5: https://uniasselvi01-my.sharepoint.com/personal/elienai_cesar_uniasselvi_com_br1/Documents/Aplicativos/Microsoft%20Forms/Question%C3%A1rio%20sem%20t%C3%ADtulo/Envio%20da%20Lista%20de%20Presen%C3%A7a%201/CamScanner%2020-02-2026%2010.06_Paulo%20Silva.pdf | BH5: https://uniasselvi01-my.sharepoint.com/personal/elienai_cesar_uniasselvi_com_br1/Documents/Aplicativos/Microsoft%20Forms/Question%C3%A1rio%20sem%20t%C3%ADtulo/Envio%20do%20Portf%C3%B3lio%20em%20PDF%201/Tutor%20-%20Portf%C3%B3lio%20das%20Atividades%20Pr%C3%A1ticas-mes_Paulo%20Silva.pdf | DS5: =_xlfn.XLOOKUP(OfficeForms.Table[[#This Row],[Selecione a Categoria do Laboratório desta atividade prática:]],Planilha1!A:A,Planilha1!B:B) -> BFI | DT5: =CONCATENATE(OfficeForms.Table[[#This Row],[Selecione seu Polo Laboratório de Atividades Presenciais:]],OfficeForms.Table[[#This Row],[CHAVE CONVERSÃO]]) -> Itajaí/SC - São VicenteBFI | DU5: =CONCATENATE(OfficeForms.Table[[#This Row],[Selecione quais Protocolos de Atividades Práticas foram realizados no laboratório:]],OfficeForms.Table[[#This Row],[Selecione quais Protocolos de Atividades Práticas foram realizados no laboratório:1]],OfficeForms.Table[[#This Row],[Selecione quais Protocolos de Atividades Práticas foram realizados no laboratório:2]],OfficeForms.Table[[#This Row],[Selecione quais Protocolos de Atividades Práticas foram realizados no laboratório:3]],OfficeForms.Table[[#This Row],[Selecione quais Protocolos de Atividades Práticas foram realizados no laboratório:4]],OfficeForms.Table[[#This Row],[Selecione quais Protocolos de Atividades Práticas foram realizados no laboratório:5]],OfficeForms.Table[[#This Row],[Selecione quais Protocolos de Atividades Práticas foram realizados no laboratório:6]]) -> Pontos cardeais | DV5: =SUM(OfficeForms.Table[[#This Row],[Data da aplicação do Protocolo de Prática:]],OfficeForms.Table[[#This Row],[Data da aplicação do Protocolo de Prática:1]],OfficeForms.Table[[#This Row],[Data da aplicação do Protocolo de Prática:2]],OfficeForms.Table[[#This Row],[Data da aplicação do Protocolo de Prática:3]],OfficeForms.Table[[#This Row],[Data da aplicação do Protocolo de Prática:4]],OfficeForms.Table[[#This Row],[Data da aplicação do Protocolo de Prática:5]],OfficeForms.Table[[#This Row],[Data da aplicação do Protocolo de Prática:6]]) -> 46072 | DW5: =SUM(OfficeForms.Table[[#This Row],[Quantos Estudantes presentes neste Experimento?]],OfficeForms.Table[[#This Row],[Quantos Estudantes presentes neste Experimento?1]],OfficeForms.Table[[#This Row],[Quantos Estudantes presentes neste Experimento?2]],OfficeForms.Table[[#This Row],[Quantos Estudantes presentes neste Experimento?3]],OfficeForms.Table[[#This Row],[Quantos Estudantes presentes neste Experimento?4]],OfficeForms.Table[[#This Row],[Quantos Estudantes presentes neste Experimento?5]],OfficeForms.Table[[#This Row],[Quantos Estudantes presentes neste Experimento?6]]) -> 5 | DX5: =_xlfn.XLOOKUP(OfficeForms.Table[[#This Row],[CHAVE LINK POLO]],'[1]Quadro Geral de Lotação'!$B:$B,'[1]Quadro Geral de Lotação'!$I:$I) -> Tuani Rafaela Matana Neves | DY5: =OfficeForms.Table[[#This Row],[Selecione a Ordem de Disciplina]] -> Ordem 1
A6: 6 | B6: 46073.475 | C6: 46073.477 | D6: juliana.berger@tutorpratica.uniasselvi.com.br | E6: Juliana Berger | I6: Novo Hamburgo/RS - Centro | L6: Ordem 1 | O6: Multidisciplinar IV - Nutrição | BK6: Avaliação nutricional de gestante I: Antropometria | BN6: 46071 | BQ6: 14 | BT6: https://uniasselvi01-my.sharepoint.com/personal/elienai_cesar_uniasselvi_com_br1/Documents/Aplicativos/Microsoft%20Forms/Question%C3%A1rio%20sem%20t%C3%ADtulo/Envio%20da%20Lista%20de%20Presen%C3%A7a%202/WhatsApp%20Image%202026-02-20%20at%2011.06.32_Juliana%20Berger.jpeg; https://uniasselvi01-my.sharepoint.com/personal/elienai_cesar_uniasselvi_com_br1/Documents/Aplicativos/Microsoft%20Forms/Question%C3%A1rio%20sem%20t%C3%ADtulo/Envio%20da%20Lista%20de%20Presen%C3%A7a%202/WhatsApp%20Image%202026-02-20%20at%2011.06.31_Juliana%20Berger.jpeg | BW6: https://uniasselvi01-my.sharepoint.com/personal/elienai_cesar_uniasselvi_com_br1/Documents/Aplicativos/Microsoft%20Forms/Question%C3%A1rio%20sem%20t%C3%ADtulo/Envio%20do%20Portf%C3%B3lio%20em%20PDF%202/Portf%C3%B3lio%20das%20Atividades%20Pr%C3%A1ticas_avalia%C3%A7%C3%A3o%20n_Juliana%20Berger.pdf | DS6: =_xlfn.XLOOKUP(OfficeForms.Table[[#This Row],[Selecione a Categoria do Laboratório desta atividade prática:]],Planilha1!A:A,Planilha1!B:B) -> NTR | DT6: =CONCATENATE(OfficeForms.Table[[#This Row],[Selecione seu Polo Laboratório de Atividades Presenciais:]],OfficeForms.Table[[#This Row],[CHAVE CONVERSÃO]]) -> Novo Hamburgo/RS - CentroNTR | DU6: =CONCATENATE(OfficeForms.Table[[#This Row],[Selecione quais Protocolos de Atividades Práticas foram realizados no laboratório:]],OfficeForms.Table[[#This Row],[Selecione quais Protocolos de Atividades Práticas foram realizados no laboratório:1]],OfficeForms.Table[[#This Row],[Selecione quais Protocolos de Atividades Práticas foram realizados no laboratório:2]],OfficeForms.Table[[#This Row],[Selecione quais Protocolos de Atividades Práticas foram realizados no laboratório:3]],OfficeForms.Table[[#This Row],[Selecione quais Protocolos de Atividades Práticas foram realizados no laboratório:4]],OfficeForms.Table[[#This Row],[Selecione quais Protocolos de Atividades Práticas foram realizados no laboratório:5]],OfficeForms.Table[[#This Row],[Selecione quais Protocolos de Atividades Práticas foram realizados no laboratório:6]]) -> Avaliação nutricional de gestante I: Antropometria | DV6: =SUM(OfficeForms.Table[[#This Row],[Data da aplicação do Protocolo de Prática:]],OfficeForms.Table[[#This Row],[Data da aplicação do Protocolo de Prática:1]],OfficeForms.Table[[#This Row],[Data da aplicação do Protocolo de Prática:2]],OfficeForms.Table[[#This Row],[Data da aplicação do Protocolo de Prática:3]],OfficeForms.Table[[#This Row],[Data da aplicação do Protocolo de Prática:4]],OfficeForms.Table[[#This Row],[Data da aplicação do Protocolo de Prática:5]],OfficeForms.Table[[#This Row],[Data da aplicação do Protocolo de Prática:6]]) -> 46071 | DW6: =SUM(OfficeForms.Table[[#This Row],[Quantos Estudantes presentes neste Experimento?]],OfficeForms.Table[[#This Row],[Quantos Estudantes presentes neste Experimento?1]],OfficeForms.Table[[#This Row],[Quantos Estudantes presentes neste Experimento?2]],OfficeForms.Table[[#This Row],[Quantos Estudantes presentes neste Experimento?3]],OfficeForms.Table[[#This Row],[Quantos Estudantes presentes neste Experimento?4]],OfficeForms.Table[[#This Row],[Quantos Estudantes presentes neste Experimento?5]],OfficeForms.Table[[#This Row],[Quantos Estudantes presentes neste Experimento?6]]) -> 14 | DX6: =_xlfn.XLOOKUP(OfficeForms.Table[[#This Row],[CHAVE LINK POLO]],'[1]Quadro Geral de Lotação'!$B:$B,'[1]Quadro Geral de Lotação'!$I:$I) -> Juliana Berger | DY6: =OfficeForms.Table[[#This Row],[Selecione a Ordem de Disciplina]] -> Ordem 1
A7: 7 | B7: 46073.489 | C7: 46073.492 | D7: laura.volpato@tutorpratica.uniasselvi.com.br | E7: Laura Volpato | I7: Florianópolis/SC - Centro | L7: Ordem 1 | O7: Multidisciplinar IV - Nutrição | BK7: Avaliação nutricional de gestante I: Antropometria | BN7: 46072 | BQ7: 8 | BT7: https://uniasselvi01-my.sharepoint.com/personal/elienai_cesar_uniasselvi_com_br1/Documents/Aplicativos/Microsoft%20Forms/Question%C3%A1rio%20sem%20t%C3%ADtulo/Envio%20da%20Lista%20de%20Presen%C3%A7a%202/IMG_20260219_193949_Laura%20Volpato.jpg | BW7: https://uniasselvi01-my.sharepoint.com/personal/elienai_cesar_uniasselvi_com_br1/Documents/Aplicativos/Microsoft%20Forms/Question%C3%A1rio%20sem%20t%C3%ADtulo/Envio%20do%20Portf%C3%B3lio%20em%20PDF%202/1%20Portf%C3%B3lio%20das%20Atividades%20Pr%C3%A1ticas.docx%20(1)_Laura%20Volpato.pdf | DS7: =_xlfn.XLOOKUP(OfficeForms.Table[[#This Row],[Selecione a Categoria do Laboratório desta atividade prática:]],Planilha1!A:A,Planilha1!B:B) -> NTR | DT7: =CONCATENATE(OfficeForms.Table[[#This Row],[Selecione seu Polo Laboratório de Atividades Presenciais:]],OfficeForms.Table[[#This Row],[CHAVE CONVERSÃO]]) -> Florianópolis/SC - CentroNTR | DU7: =CONCATENATE(OfficeForms.Table[[#This Row],[Selecione quais Protocolos de Atividades Práticas foram realizados no laboratório:]],OfficeForms.Table[[#This Row],[Selecione quais Protocolos de Atividades Práticas foram realizados no laboratório:1]],OfficeForms.Table[[#This Row],[Selecione quais Protocolos de Atividades Práticas foram realizados no laboratório:2]],OfficeForms.Table[[#This Row],[Selecione quais Protocolos de Atividades Práticas foram realizados no laboratório:3]],OfficeForms.Table[[#This Row],[Selecione quais Protocolos de Atividades Práticas foram realizados no laboratório:4]],OfficeForms.Table[[#This Row],[Selecione quais Protocolos de Atividades Práticas foram realizados no laboratório:5]],OfficeForms.Table[[#This Row],[Selecione quais Protocolos de Atividades Práticas foram realizados no laboratório:6]]) -> Avaliação nutricional de gestante I: Antropometria | DV7: =SUM(OfficeForms.Table[[#This Row],[Data da aplicação do Protocolo de Prática:]],OfficeForms.Table[[#This Row],[Data da aplicação do Protocolo de Prática:1]],OfficeForms.Table[[#This Row],[Data da aplicação do Protocolo de Prática:2]],OfficeForms.Table[[#This Row],[Data da aplicação do Protocolo de Prática:3]],OfficeForms.Table[[#This Row],[Data da aplicação do Protocolo de Prática:4]],OfficeForms.Table[[#This Row],[Data da aplicação do Protocolo de Prática:5]],OfficeForms.Table[[#This Row],[Data da aplicação do Protocolo de Prática:6]]) -> 46072 | DW7: =SUM(OfficeForms.Table[[#This Row],[Quantos Estudantes presentes neste Experimento?]],OfficeForms.Table[[#This Row],[Quantos Estudantes presentes neste Experimento?1]],OfficeForms.Table[[#This Row],[Quantos Estudantes presentes neste Experimento?2]],OfficeForms.Table[[#This Row],[Quantos Estudantes presentes neste Experimento?3]],OfficeForms.Table[[#This Row],[Quantos Estudantes presentes neste Experimento?4]],OfficeForms.Table[[#This Row],[Quantos Estudantes presentes neste Experimento?5]],OfficeForms.Table[[#This Row],[Quantos Estudantes presentes neste Experimento?6]]) -> 8 | DX7: =_xlfn.XLOOKUP(OfficeForms.Table[[#This Row],[CHAVE LINK POLO]],'[1]Quadro Geral de Lotação'!$B:$B,'[1]Quadro Geral de Lotação'!$I:$I) -> Laura Volpato | DY7: =OfficeForms.Table[[#This Row],[Selecione a Ordem de Disciplina]] -> Ordem 1
A8: 8 | B8: 46073.492 | C8: 46073.494 | D8: laura.volpato@tutorpratica.uniasselvi.com.br | E8: Laura Volpato | I8: Florianópolis/SC - Centro | L8: Ordem 1 | O8: Multidisciplinar IV - Nutrição | BK8: Avaliação nutricional de gestante II: Anamnese e diagnóstico | BN8: 46072 | BQ8: 7 | BT8: https://uniasselvi01-my.sharepoint.com/personal/elienai_cesar_uniasselvi_com_br1/Documents/Aplicativos/Microsoft%20Forms/Question%C3%A1rio%20sem%20t%C3%ADtulo/Envio%20da%20Lista%20de%20Presen%C3%A7a%202/IMG_20260219_203429_Laura%20Volpato.jpg | BW8: https://uniasselvi01-my.sharepoint.com/personal/elienai_cesar_uniasselvi_com_br1/Documents/Aplicativos/Microsoft%20Forms/Question%C3%A1rio%20sem%20t%C3%ADtulo/Envio%20do%20Portf%C3%B3lio%20em%20PDF%202/2%20Portf%C3%B3lio%20das%20Atividades%20Pr%C3%A1ticas.docx_Laura%20Volpato.pdf | DS8: =_xlfn.XLOOKUP(OfficeForms.Table[[#This Row],[Selecione a Categoria do Laboratório desta atividade prática:]],Planilha1!A:A,Planilha1!B:B) -> NTR | DT8: =CONCATENATE(OfficeForms.Table[[#This Row],[Selecione seu Polo Laboratório de Atividades Presenciais:]],OfficeForms.Table[[#This Row],[CHAVE CONVERSÃO]]) -> Florianópolis/SC - CentroNTR | DU8: =CONCATENATE(OfficeForms.Table[[#This Row],[Selecione quais Protocolos de Atividades Práticas foram realizados no laboratório:]],OfficeForms.Table[[#This Row],[Selecione quais Protocolos de Atividades Práticas foram realizados no laboratório:1]],OfficeForms.Table[[#This Row],[Selecione quais Protocolos de Atividades Práticas foram realizados no laboratório:2]],OfficeForms.Table[[#This Row],[Selecione quais Protocolos de Atividades Práticas foram realizados no laboratório:3]],OfficeForms.Table[[#This Row],[Selecione quais Protocolos de Atividades Práticas foram realizados no laboratório:4]],OfficeForms.Table[[#This Row],[Selecione quais Protocolos de Atividades Práticas foram realizados no laboratório:5]],OfficeForms.Table[[#This Row],[Selecione quais Protocolos de Atividades Práticas foram realizados no laboratório:6]]) -> Avaliação nutricional de gestante II: Anamnese e diagnóstico | DV8: =SUM(OfficeForms.Table[[#This Row],[Data da aplicação do Protocolo de Prática:]],OfficeForms.Table[[#This Row],[Data da aplicação do Protocolo de Prática:1]],OfficeForms.Table[[#This Row],[Data da aplicação do Protocolo de Prática:2]],OfficeForms.Table[[#This Row],[Data da aplicação do Protocolo de Prática:3]],OfficeForms.Table[[#This Row],[Data da aplicação do Protocolo de Prática:4]],OfficeForms.Table[[#This Row],[Data da aplicação do Protocolo de Prática:5]],OfficeForms.Table[[#This Row],[Data da aplicação do Protocolo de Prática:6]]) -> 46072 | DW8: =SUM(OfficeForms.Table[[#This Row],[Quantos Estudantes presentes neste Experimento?]],OfficeForms.Table[[#This Row],[Quantos Estudantes presentes neste Experimento?1]],OfficeForms.Table[[#This Row],[Quantos Estudantes presentes neste Experimento?2]],OfficeForms.Table[[#This Row],[Quantos Estudantes presentes neste Experimento?3]],OfficeForms.Table[[#This Row],[Quantos Estudantes presentes neste Experimento?4]],OfficeForms.Table[[#This Row],[Quantos Estudantes presentes neste Experimento?5]],OfficeForms.Table[[#This Row],[Quantos Estudantes presentes neste Experimento?6]]) -> 7 | DX8: =_xlfn.XLOOKUP(OfficeForms.Table[[#This Row],[CHAVE LINK POLO]],'[1]Quadro Geral de Lotação'!$B:$B,'[1]Quadro Geral de Lotação'!$I:$I) -> Laura Volpato | DY8: =OfficeForms.Table[[#This Row],[Selecione a Ordem de Disciplina]] -> Ordem 1
A9: 9 | B9: 46073.579 | C9: 46073.597 | D9: vanessa.varjao@tutorpratica.uniasselvi.com.br | E9: Vanessa Varjao | I9: Paulo Afonso/BA - Tancredo Neves II | L9: Ordem 1 | O9: Multidisciplinar III - Biomedicina Estética, Fisioterapia, Terapia Ocupacional e Estética e Cosmética | AV9: Prática Terapêutica com Órteses: Abordagens Funcionais na Reabilitação Musculoesquelética;Fisioterapia com Próteses: Reabilitação Funcional e Adaptação ao Uso de Próteses | AY9: 46072 | BB9: 6 | BE9: https://uniasselvi01-my.sharepoint.com/personal/elienai_cesar_uniasselvi_com_br1/_layouts/15/Doc.aspx?sourcedoc=%7BBCA3181A-6644-47B4-8DFE-8DCE796C7622%7D&file=Lista%20de%20presen%C3%A7a%20Fevereiro_Vanessa%20Varjao.docx&action=default&mobileredirect=true | BH9: https://uniasselvi01-my.sharepoint.com/personal/elienai_cesar_uniasselvi_com_br1/_layouts/15/Doc.aspx?sourcedoc=%7BCC3E2066-442C-4F51-8FC1-FC5805E7E738%7D&file=Portf%C3%B3lio%20Fevereiro_Vanessa%20Varjao.docx&action=default&mobileredirect=true | DS9: =_xlfn.XLOOKUP(OfficeForms.Table[[#This Row],[Selecione a Categoria do Laboratório desta atividade prática:]],Planilha1!A:A,Planilha1!B:B) -> BFI | DT9: =CONCATENATE(OfficeForms.Table[[#This Row],[Selecione seu Polo Laboratório de Atividades Presenciais:]],OfficeForms.Table[[#This Row],[CHAVE CONVERSÃO]]) -> Paulo Afonso/BA - Tancredo Neves IIBFI | DU9: =CONCATENATE(OfficeForms.Table[[#This Row],[Selecione quais Protocolos de Atividades Práticas foram realizados no laboratório:]],OfficeForms.Table[[#This Row],[Selecione quais Protocolos de Atividades Práticas foram realizados no laboratório:1]],OfficeForms.Table[[#This Row],[Selecione quais Protocolos de Atividades Práticas foram realizados no laboratório:2]],OfficeForms.Table[[#This Row],[Selecione quais Protocolos de Atividades Práticas foram realizados no laboratório:3]],OfficeForms.Table[[#This Row],[Selecione quais Protocolos de Atividades Práticas foram realizados no laboratório:4]],OfficeForms.Table[[#This Row],[Selecione quais Protocolos de Atividades Práticas foram realizados no laboratório:5]],OfficeForms.Table[[#This Row],[Selecione quais Protocolos de Atividades Práticas foram realizados no laboratório:6]]) -> Prática Terapêutica com Órteses: Abordagens Funcionais na Reabilitação Musculoesquelética;Fisioterapia com Próteses: Reabilitação Funcional e Adaptação ao Uso de Próteses | DV9: =SUM(OfficeForms.Table[[#This Row],[Data da aplicação do Protocolo de Prática:]],OfficeForms.Table[[#This Row],[Data da aplicação do Protocolo de Prática:1]],OfficeForms.Table[[#This Row],[Data da aplicação do Protocolo de Prática:2]],OfficeForms.Table[[#This Row],[Data da aplicação do Protocolo de Prática:3]],OfficeForms.Table[[#This Row],[Data da aplicação do Protocolo de Prática:4]],OfficeForms.Table[[#This Row],[Data da aplicação do Protocolo de Prática:5]],OfficeForms.Table[[#This Row],[Data da aplicação do Protocolo de Prática:6]]) -> 46072 | DW9: =SUM(OfficeForms.Table[[#This Row],[Quantos Estudantes presentes neste Experimento?]],OfficeForms.Table[[#This Row],[Quantos Estudantes presentes neste Experimento?1]],OfficeForms.Table[[#This Row],[Quantos Estudantes presentes neste Experimento?2]],OfficeForms.Table[[#This Row],[Quantos Estudantes presentes neste Experimento?3]],OfficeForms.Table[[#This Row],[Quantos Estudantes presentes neste Experimento?4]],OfficeForms.Table[[#This Row],[Quantos Estudantes presentes neste Experimento?5]],OfficeForms.Table[[#This Row],[Quantos Estudantes presentes neste Experimento?6]]) -> 6 | DX9: =_xlfn.XLOOKUP(OfficeForms.Table[[#This Row],[CHAVE LINK POLO]],'[1]Quadro Geral de Lotação'!$B:$B,'[1]Quadro Geral de Lotação'!$I:$I) -> Vanessa Das Neves Varjao | DY9: =OfficeForms.Table[[#This Row],[Selecione a Ordem de Disciplina]] -> Ordem 1
A10: 10 | B10: 46073.668 | C10: 46073.68 | D10: marla.souza@tutorpratica.uniasselvi.com.br | E10: Marla Souza | I10: Catalão/GO | L10: Ordem 1 | O10: Química e Física - Agronomia | DD10: Técnicas de propagação de plantas | DG10: 46072 | DJ10: 20 | DM10: https://uniasselvi01-my.sharepoint.com/personal/elienai_cesar_uniasselvi_com_br1/Documents/Aplicativos/Microsoft%20Forms/Question%C3%A1rio%20sem%20t%C3%ADtulo/Envio%20da%20Lista%20de%20Presen%C3%A7a%205/Lista%20de%20Presen%C3%A7a_Marla%20Souza.pdf | DP10: https://uniasselvi01-my.sharepoint.com/personal/elienai_cesar_uniasselvi_com_br1/Documents/Aplicativos/Microsoft%20Forms/Question%C3%A1rio%20sem%20t%C3%ADtulo/Envio%20do%20Portf%C3%B3lio%20em%20PDF%205/Aula%20Pratica%20-%20Entomologia%20Agricola_Marla%20Souza.pdf | DS10: =_xlfn.XLOOKUP(OfficeForms.Table[[#This Row],[Selecione a Categoria do Laboratório desta atividade prática:]],Planilha1!A:A,Planilha1!B:B) -> AGM | DT10: =CONCATENATE(OfficeForms.Table[[#This Row],[Selecione seu Polo Laboratório de Atividades Presenciais:]],OfficeForms.Table[[#This Row],[CHAVE CONVERSÃO]]) -> Catalão/GOAGM | DU10: =CONCATENATE(OfficeForms.Table[[#This Row],[Selecione quais Protocolos de Atividades Práticas foram realizados no laboratório:]],OfficeForms.Table[[#This Row],[Selecione quais Protocolos de Atividades Práticas foram realizados no laboratório:1]],OfficeForms.Table[[#This Row],[Selecione quais Protocolos de Atividades Práticas foram realizados no laboratório:2]],OfficeForms.Table[[#This Row],[Selecione quais Protocolos de Atividades Práticas foram realizados no laboratório:3]],OfficeForms.Table[[#This Row],[Selecione quais Protocolos de Atividades Práticas foram realizados no laboratório:4]],OfficeForms.Table[[#This Row],[Selecione quais Protocolos de Atividades Práticas foram realizados no laboratório:5]],OfficeForms.Table[[#This Row],[Selecione quais Protocolos de Atividades Práticas foram realizados no laboratório:6]]) -> Técnicas de propagação de plantas | DV10: =SUM(OfficeForms.Table[[#This Row],[Data da aplicação do Protocolo de Prática:]],OfficeForms.Table[[#This Row],[Data da aplicação do Protocolo de Prática:1]],OfficeForms.Table[[#This Row],[Data da aplicação do Protocolo de Prática:2]],OfficeForms.Table[[#This Row],[Data da aplicação do Protocolo de Prática:3]],OfficeForms.Table[[#This Row],[Data da aplicação do Protocolo de Prática:4]],OfficeForms.Table[[#This Row],[Data da aplicação do Protocolo de Prática:5]],OfficeForms.Table[[#This Row],[Data da aplicação do Protocolo de Prática:6]]) -> 46072 | DW10: =SUM(OfficeForms.Table[[#This Row],[Quantos Estudantes presentes neste Experimento?]],OfficeForms.Table[[#This Row],[Quantos Estudantes presentes neste Experimento?1]],OfficeForms.Table[[#This Row],[Quantos Estudantes presentes neste Experimento?2]],OfficeForms.Table[[#This Row],[Quantos Estudantes presentes neste Experimento?3]],OfficeForms.Table[[#This Row],[Quantos Estudantes presentes neste Experimento?4]],OfficeForms.Table[[#This Row],[Quantos Estudantes presentes neste Experimento?5]],OfficeForms.Table[[#This Row],[Quantos Estudantes presentes neste Experimento?6]]) -> 20 | DX10: =_xlfn.XLOOKUP(OfficeForms.Table[[#This Row],[CHAVE LINK POLO]],'[1]Quadro Geral de Lotação'!$B:$B,'[1]Quadro Geral de Lotação'!$I:$I) -> Marla Maria Ferreira De Souza | DY10: =OfficeForms.Table[[#This Row],[Selecione a Ordem de Disciplina]] -> Ordem 1
A11: 11 | B11: 46073.68 | C11: 46073.682 | D11: maksllene.cavalcanti@tutorpratica.uniasselvi.com.br | E11: Maksllene Spessatto | I11: Herval D'Oeste/SC | L11: Ordem 1 | O11: Multidisciplinar II - Enfermagem e Instrumentação Cirúrgica | AG11: Administração de medicamento por Cateter Venoso Central + Monitorização hemodinâmica do paciente | AJ11: 46066 | AM11: 2 | AP11: https://uniasselvi01-my.sharepoint.com/personal/elienai_cesar_uniasselvi_com_br1/Documents/Aplicativos/Microsoft%20Forms/Question%C3%A1rio%20sem%20t%C3%ADtulo/Envio%20da%20Lista%20de%20Presen%C3%A7a/e780b836-baca-4cb8-8844-3647738bfd0d.pdf_Maksllene%20Spessatto.pdf | AS11: https://uniasselvi01-my.sharepoint.com/personal/elienai_cesar_uniasselvi_com_br1/Documents/Aplicativos/Microsoft%20Forms/Question%C3%A1rio%20sem%20t%C3%ADtulo/Envio%20do%20Portf%C3%B3lio%20em%20PDF/Portfolio%20(2)_Maksllene%20Spessatto.pdf; https://uniasselvi01-my.sharepoint.com/personal/elienai_cesar_uniasselvi_com_br1/Documents/Aplicativos/Microsoft%20Forms/Question%C3%A1rio%20sem%20t%C3%ADtulo/Envio%20do%20Portf%C3%B3lio%20em%20PDF/Portfolio%20(2)%202_Maksllene%20Spessatto.pdf | DS11: =_xlfn.XLOOKUP(OfficeForms.Table[[#This Row],[Selecione a Categoria do Laboratório desta atividade prática:]],Planilha1!A:A,Planilha1!B:B) -> EMF-ISN | DT11: =CONCATENATE(OfficeForms.Table[[#This Row],[Selecione seu Polo Laboratório de Atividades Presenciais:]],OfficeForms.Table[[#This Row],[CHAVE CONVERSÃO]]) -> Herval D'Oeste/SCEMF-ISN | DU11: =CONCATENATE(OfficeForms.Table[[#This Row],[Selecione quais Protocolos de Atividades Práticas foram realizados no laboratório:]],OfficeForms.Table[[#This Row],[Selecione quais Protocolos de Atividades Práticas foram realizados no laboratório:1]],OfficeForms.Table[[#This Row],[Selecione quais Protocolos de Atividades Práticas foram realizados no laboratório:2]],OfficeForms.Table[[#This Row],[Selecione quais Protocolos de Atividades Práticas foram realizados no laboratório:3]],OfficeForms.Table[[#This Row],[Selecione quais Protocolos de Atividades Práticas foram realizados no laboratório:4]],OfficeForms.Table[[#This Row],[Selecione quais Protocolos de Atividades Práticas foram realizados no laboratório:5]],OfficeForms.Table[[#This Row],[Selecione quais Protocolos de Atividades Práticas foram realizados no laboratório:6]]) -> Administração de medicamento por Cateter Venoso Central + Monitorização hemodinâmica do paciente | DV11: =SUM(OfficeForms.Table[[#This Row],[Data da aplicação do Protocolo de Prática:]],OfficeForms.Table[[#This Row],[Data da aplicação do Protocolo de Prática:1]],OfficeForms.Table[[#This Row],[Data da aplicação do Protocolo de Prática:2]],OfficeForms.Table[[#This Row],[Data da aplicação do Protocolo de Prática:3]],OfficeForms.Table[[#This Row],[Data da aplicação do Protocolo de Prática:4]],OfficeForms.Table[[#This Row],[Data da aplicação do Protocolo de Prática:5]],OfficeForms.Table[[#This Row],[Data da aplicação do Protocolo de Prática:6]]) -> 46066 | DW11: =SUM(OfficeForms.Table[[#This Row],[Quantos Estudantes presentes neste Experimento?]],OfficeForms.Table[[#This Row],[Quantos Estudantes presentes neste Experimento?1]],OfficeForms.Table[[#This Row],[Quantos Estudantes presentes neste Experimento?2]],OfficeForms.Table[[#This Row],[Quantos Estudantes presentes neste Experimento?3]],OfficeForms.Table[[#This Row],[Quantos Estudantes presentes neste Experimento?4]],OfficeForms.Table[[#This Row],[Quantos Estudantes presentes neste Experimento?5]],OfficeForms.Table[[#This Row],[Quantos Estudantes presentes neste Experimento?6]]) -> 2 | DX11: =_xlfn.XLOOKUP(OfficeForms.Table[[#This Row],[CHAVE LINK POLO]],'[1]Quadro Geral de Lotação'!$B:$B,'[1]Quadro Geral de Lotação'!$I:$I) -> Maksllene Ingrid De Souza Cavalcanti Spessatto | DY11: =OfficeForms.Table[[#This Row],[Selecione a Ordem de Disciplina]] -> Ordem 1
A12: 12 | B12: 46073.755 | C12: 46073.756 | D12: lucas.medeiros@tutorpratica.uniasselvi.com.br | E12: Lucas Medeiros | I12: Guarujá/SP | L12: Ordem 1 | O12: Multidisciplinar III - Biomedicina Estética, Fisioterapia, Terapia Ocupacional e Estética e Cosmética | AV12: Drenagem Linfática | AY12: 46071 | BB12: 1 | BE12: https://uniasselvi01-my.sharepoint.com/personal/elienai_cesar_uniasselvi_com_br1/Documents/Aplicativos/Microsoft%20Forms/Question%C3%A1rio%20sem%20t%C3%ADtulo/Envio%20da%20Lista%20de%20Presen%C3%A7a%201/IMG_0808_Lucas%20Medeiros.PNG | BH12: https://uniasselvi01-my.sharepoint.com/personal/elienai_cesar_uniasselvi_com_br1/Documents/Aplicativos/Microsoft%20Forms/Question%C3%A1rio%20sem%20t%C3%ADtulo/Envio%20do%20Portf%C3%B3lio%20em%20PDF%201/massagem%202_Lucas%20Medeiros.pdf | DS12: =_xlfn.XLOOKUP(OfficeForms.Table[[#This Row],[Selecione a Categoria do Laboratório desta atividade prática:]],Planilha1!A:A,Planilha1!B:B) -> BFI | DT12: =CONCATENATE(OfficeForms.Table[[#This Row],[Selecione seu Polo Laboratório de Atividades Presenciais:]],OfficeForms.Table[[#This Row],[CHAVE CONVERSÃO]]) -> Guarujá/SPBFI | DU12: =CONCATENATE(OfficeForms.Table[[#This Row],[Selecione quais Protocolos de Atividades Práticas foram realizados no laboratório:]],OfficeForms.Table[[#This Row],[Selecione quais Protocolos de Atividades Práticas foram realizados no laboratório:1]],OfficeForms.Table[[#This Row],[Selecione quais Protocolos de Atividades Práticas foram realizados no laboratório:2]],OfficeForms.Table[[#This Row],[Selecione quais Protocolos de Atividades Práticas foram realizados no laboratório:3]],OfficeForms.Table[[#This Row],[Selecione quais Protocolos de Atividades Práticas foram realizados no laboratório:4]],OfficeForms.Table[[#This Row],[Selecione quais Protocolos de Atividades Práticas foram realizados no laboratório:5]],OfficeForms.Table[[#This Row],[Selecione quais Protocolos de Atividades Práticas foram realizados no laboratório:6]]) -> Drenagem Linfática | DV12: =SUM(OfficeForms.Table[[#This Row],[Data da aplicação do Protocolo de Prática:]],OfficeForms.Table[[#This Row],[Data da aplicação do Protocolo de Prática:1]],OfficeForms.Table[[#This Row],[Data da aplicação do Protocolo de Prática:2]],OfficeForms.Table[[#This Row],[Data da aplicação do Protocolo de Prática:3]],OfficeForms.Table[[#This Row],[Data da aplicação do Protocolo de Prática:4]],OfficeForms.Table[[#This Row],[Data da aplicação do Protocolo de Prática:5]],OfficeForms.Table[[#This Row],[Data da aplicação do Protocolo de Prática:6]]) -> 46071 | DW12: =SUM(OfficeForms.Table[[#This Row],[Quantos Estudantes presentes neste Experimento?]],OfficeForms.Table[[#This Row],[Quantos Estudantes presentes neste Experimento?1]],OfficeForms.Table[[#This Row],[Quantos Estudantes presentes neste Experimento?2]],OfficeForms.Table[[#This Row],[Quantos Estudantes presentes neste Experimento?3]],OfficeForms.Table[[#This Row],[Quantos Estudantes presentes neste Experimento?4]],OfficeForms.Table[[#This Row],[Quantos Estudantes presentes neste Experimento?5]],OfficeForms.Table[[#This Row],[Quantos Estudantes presentes neste Experimento?6]]) -> 1 | DX12: =_xlfn.XLOOKUP(OfficeForms.Table[[#This Row],[CHAVE LINK POLO]],'[1]Quadro Geral de Lotação'!$B:$B,'[1]Quadro Geral de Lotação'!$I:$I) -> Lucas Soares De Medeiros | DY12: =OfficeForms.Table[[#This Row],[Selecione a Ordem de Disciplina]] -> Ordem 1
A13: 13 | B13: 46074.358 | C13: 46074.41 | D13: alina.silva@regentedepolo.uniasselvi.com.br | E13: Alina Silva | I13: Ananindeua/PA - Cidade Nova | L13: Ordem 1 | O13: Multidisciplinar II - Enfermagem e Instrumentação Cirúrgica | AG13: Trabalho de parto natural + Emergências obstétricas | AJ13: 46074 | AM13: 1 | AP13: https://uniasselvi01-my.sharepoint.com/personal/elienai_cesar_uniasselvi_com_br1/Documents/Aplicativos/Microsoft%20Forms/Question%C3%A1rio%20sem%20t%C3%ADtulo/Envio%20da%20Lista%20de%20Presen%C3%A7a/Freque%CC%82ncia%20dia%2021-02_Alina%20Silva.pdf | AS13: https://uniasselvi01-my.sharepoint.com/personal/elienai_cesar_uniasselvi_com_br1/Documents/Aplicativos/Microsoft%20Forms/Question%C3%A1rio%20sem%20t%C3%ADtulo/Envio%20do%20Portf%C3%B3lio%20em%20PDF/Trabalho%20de%20parto%20natural%20+%20Emerg%C3%AAncias%20Obst%C3%A9_Alina%20Silva.pdf | DS13: =_xlfn.XLOOKUP(OfficeForms.Table[[#This Row],[Selecione a Categoria do Laboratório desta atividade prática:]],Planilha1!A:A,Planilha1!B:B) -> EMF-ISN | DT13: =CONCATENATE(OfficeForms.Table[[#This Row],[Selecione seu Polo Laboratório de Atividades Presenciais:]],OfficeForms.Table[[#This Row],[CHAVE CONVERSÃO]]) -> Ananindeua/PA - Cidade NovaEMF-ISN | DU13: =CONCATENATE(OfficeForms.Table[[#This Row],[Selecione quais Protocolos de Atividades Práticas foram realizados no laboratório:]],OfficeForms.Table[[#This Row],[Selecione quais Protocolos de Atividades Práticas foram realizados no laboratório:1]],OfficeForms.Table[[#This Row],[Selecione quais Protocolos de Atividades Práticas foram realizados no laboratório:2]],OfficeForms.Table[[#This Row],[Selecione quais Protocolos de Atividades Práticas foram realizados no laboratório:3]],OfficeForms.Table[[#This Row],[Selecione quais Protocolos de Atividades Práticas foram realizados no laboratório:4]],OfficeForms.Table[[#This Row],[Selecione quais Protocolos de Atividades Práticas foram realizados no laboratório:5]],OfficeForms.Table[[#This Row],[Selecione quais Protocolos de Atividades Práticas foram realizados no laboratório:6]]) -> Trabalho de parto natural + Emergências obstétricas | DV13: =SUM(OfficeForms.Table[[#This Row],[Data da aplicação do Protocolo de Prática:]],OfficeForms.Table[[#This Row],[Data da aplicação do Protocolo de Prática:1]],OfficeForms.Table[[#This Row],[Data da aplicação do Protocolo de Prática:2]],OfficeForms.Table[[#This Row],[Data da aplicação do Protocolo de Prática:3]],OfficeForms.Table[[#This Row],[Data da aplicação do Protocolo de Prática:4]],OfficeForms.Table[[#This Row],[Data da aplicação do Protocolo de Prática:5]],OfficeForms.Table[[#This Row],[Data da aplicação do Protocolo de Prática:6]]) -> 46074 | DW13: =SUM(OfficeForms.Table[[#This Row],[Quantos Estudantes presentes neste Experimento?]],OfficeForms.Table[[#This Row],[Quantos Estudantes presentes neste Experimento?1]],OfficeForms.Table[[#This Row],[Quantos Estudantes presentes neste Experimento?2]],OfficeForms.Table[[#This Row],[Quantos Estudantes presentes neste Experimento?3]],OfficeForms.Table[[#This Row],[Quantos Estudantes presentes neste Experimento?4]],OfficeForms.Table[[#This Row],[Quantos Estudantes presentes neste Experimento?5]],OfficeForms.Table[[#This Row],[Quantos Estudantes presentes neste Experimento?6]]) -> 1 | DX13: =_xlfn.XLOOKUP(OfficeForms.Table[[#This Row],[CHAVE LINK POLO]],'[1]Quadro Geral de Lotação'!$B:$B,'[1]Quadro Geral de Lotação'!$I:$I) -> Alina Dariane Freitas Da Silva | DY13: =OfficeForms.Table[[#This Row],[Selecione a Ordem de Disciplina]] -> Ordem 1
A14: 14 | B14: 46074.472 | C14: 46074.474 | D14: vitor.pinheiro@tutorpratica.uniasselvi.com.br | E14: Vitor Pinheiro | I14: Alagoinhas/BA | L14: Ordem 1 | O14: Química e Física - Agronomia | DD14: Métodos de determinação da fertilidade do solo | DG14: 46074 | DJ14: 1 | DM14: https://uniasselvi01-my.sharepoint.com/personal/elienai_cesar_uniasselvi_com_br1/Documents/Aplicativos/Microsoft%20Forms/Question%C3%A1rio%20sem%20t%C3%ADtulo/Envio%20da%20Lista%20de%20Presen%C3%A7a%205/WhatsApp%20Image%202026-02-21%20at%2011.21.51%20AM_Vitor%20Pinheiro.jpeg | DP14: https://uniasselvi01-my.sharepoint.com/personal/elienai_cesar_uniasselvi_com_br1/_layouts/15/Doc.aspx?sourcedoc=%7BF12AC8C2-45E5-4775-92E0-C3AB5053814E%7D&file=Portf%C3%B3lio%20das%20Atividades%20Pr%C3%A1ticas%20-%20Fertilida_Vitor%20Pinheiro.docx&action=default&mobileredirect=true | DS14: =_xlfn.XLOOKUP(OfficeForms.Table[[#This Row],[Selecione a Categoria do Laboratório desta atividade prática:]],Planilha1!A:A,Planilha1!B:B) -> AGM | DT14: =CONCATENATE(OfficeForms.Table[[#This Row],[Selecione seu Polo Laboratório de Atividades Presenciais:]],OfficeForms.Table[[#This Row],[CHAVE CONVERSÃO]]) -> Alagoinhas/BAAGM | DU14: =CONCATENATE(OfficeForms.Table[[#This Row],[Selecione quais Protocolos de Atividades Práticas foram realizados no laboratório:]],OfficeForms.Table[[#This Row],[Selecione quais Protocolos de Atividades Práticas foram realizados no laboratório:1]],OfficeForms.Table[[#This Row],[Selecione quais Protocolos de Atividades Práticas foram realizados no laboratório:2]],OfficeForms.Table[[#This Row],[Selecione quais Protocolos de Atividades Práticas foram realizados no laboratório:3]],OfficeForms.Table[[#This Row],[Selecione quais Protocolos de Atividades Práticas foram realizados no laboratório:4]],OfficeForms.Table[[#This Row],[Selecione quais Protocolos de Atividades Práticas foram realizados no laboratório:5]],OfficeForms.Table[[#This Row],[Selecione quais Protocolos de Atividades Práticas foram realizados no laboratório:6]]) -> Métodos de determinação da fertilidade do solo | DV14: =SUM(OfficeForms.Table[[#This Row],[Data da aplicação do Protocolo de Prática:]],OfficeForms.Table[[#This Row],[Data da aplicação do Protocolo de Prática:1]],OfficeForms.Table[[#This Row],[Data da aplicação do Protocolo de Prática:2]],OfficeForms.Table[[#This Row],[Data da aplicação do Protocolo de Prática:3]],OfficeForms.Table[[#This Row],[Data da aplicação do Protocolo de Prática:4]],OfficeForms.Table[[#This Row],[Data da aplicação do Protocolo de Prática:5]],OfficeForms.Table[[#This Row],[Data da aplicação do Protocolo de Prática:6]]) -> 46074 | DW14: =SUM(OfficeForms.Table[[#This Row],[Quantos Estudantes presentes neste Experimento?]],OfficeForms.Table[[#This Row],[Quantos Estudantes presentes neste Experimento?1]],OfficeForms.Table[[#This Row],[Quantos Estudantes presentes neste Experimento?2]],OfficeForms.Table[[#This Row],[Quantos Estudantes presentes neste Experimento?3]],OfficeForms.Table[[#This Row],[Quantos Estudantes presentes neste Experimento?4]],OfficeForms.Table[[#This Row],[Quantos Estudantes presentes neste Experimento?5]],OfficeForms.Table[[#This Row],[Quantos Estudantes presentes neste Experimento?6]]) -> 1 | DX14: =_xlfn.XLOOKUP(OfficeForms.Table[[#This Row],[CHAVE LINK POLO]],'[1]Quadro Geral de Lotação'!$B:$B,'[1]Quadro Geral de Lotação'!$I:$I) -> Vitor Batista Pinheiro | DY14: =OfficeForms.Table[[#This Row],[Selecione a Ordem de Disciplina]] -> Ordem 1
A15: 15 | B15: 46074.567 | C15: 46074.586 | D15: quezia.silva@regentedepolo.uniasselvi.com.br | E15: Quezia Silva | I15: Rolim de Moura/RO | L15: Ordem 1 | O15: Multidisciplinar II - Enfermagem e Instrumentação Cirúrgica | AG15: Aspiração de vias aéreas (com e sem TOT) | AJ15: 46072 | AM15: 4 | AP15: https://uniasselvi01-my.sharepoint.com/personal/elienai_cesar_uniasselvi_com_br1/_layouts/15/Doc.aspx?sourcedoc=%7B2DD41765-8283-455F-A963-228BCA33EE95%7D&file=_Lista%20de%20Presen%C3%A7a%20das%20Pr%C3%A1ticas%2019.02.26_Quezia%20Silva.docx&action=default&mobileredirect=true | AS15: https://uniasselvi01-my.sharepoint.com/personal/elienai_cesar_uniasselvi_com_br1/_layouts/15/Doc.aspx?sourcedoc=%7B78B147B4-AB01-42B2-8EDE-2DF5436F4BD4%7D&file=portifolio%20Quezia%20vias%20aeria%2019.02.26_Quezia%20Silva.docx&action=default&mobileredirect=true | DS15: =_xlfn.XLOOKUP(OfficeForms.Table[[#This Row],[Selecione a Categoria do Laboratório desta atividade prática:]],Planilha1!A:A,Planilha1!B:B) -> EMF-ISN | DT15: =CONCATENATE(OfficeForms.Table[[#This Row],[Selecione seu Polo Laboratório de Atividades Presenciais:]],OfficeForms.Table[[#This Row],[CHAVE CONVERSÃO]]) -> Rolim de Moura/ROEMF-ISN | DU15: =CONCATENATE(OfficeForms.Table[[#This Row],[Selecione quais Protocolos de Atividades Práticas foram realizados no laboratório:]],OfficeForms.Table[[#This Row],[Selecione quais Protocolos de Atividades Práticas foram realizados no laboratório:1]],OfficeForms.Table[[#This Row],[Selecione quais Protocolos de Atividades Práticas foram realizados no laboratório:2]],OfficeForms.Table[[#This Row],[Selecione quais Protocolos de Atividades Práticas foram realizados no laboratório:3]],OfficeForms.Table[[#This Row],[Selecione quais Protocolos de Atividades Práticas foram realizados no laboratório:4]],OfficeForms.Table[[#This Row],[Selecione quais Protocolos de Atividades Práticas foram realizados no laboratório:5]],OfficeForms.Table[[#This Row],[Selecione quais Protocolos de Atividades Práticas foram realizados no laboratório:6]]) -> Aspiração de vias aéreas (com e sem TOT) | DV15: =SUM(OfficeForms.Table[[#This Row],[Data da aplicação do Protocolo de Prática:]],OfficeForms.Table[[#This Row],[Data da aplicação do Protocolo de Prática:1]],OfficeForms.Table[[#This Row],[Data da aplicação do Protocolo de Prática:2]],OfficeForms.Table[[#This Row],[Data da aplicação do Protocolo de Prática:3]],OfficeForms.Table[[#This Row],[Data da aplicação do Protocolo de Prática:4]],OfficeForms.Table[[#This Row],[Data da aplicação do Protocolo de Prática:5]],OfficeForms.Table[[#This Row],[Data da aplicação do Protocolo de Prática:6]]) -> 46072 | DW15: =SUM(OfficeForms.Table[[#This Row],[Quantos Estudantes presentes neste Experimento?]],OfficeForms.Table[[#This Row],[Quantos Estudantes presentes neste Experimento?1]],OfficeForms.Table[[#This Row],[Quantos Estudantes presentes neste Experimento?2]],OfficeForms.Table[[#This Row],[Quantos Estudantes presentes neste Experimento?3]],OfficeForms.Table[[#This Row],[Quantos Estudantes presentes neste Experimento?4]],OfficeForms.Table[[#This Row],[Quantos Estudantes presentes neste Experimento?5]],OfficeForms.Table[[#This Row],[Quantos Estudantes presentes neste Experimento?6]]) -> 4 | DX15: =_xlfn.XLOOKUP(OfficeForms.Table[[#This Row],[CHAVE LINK POLO]],'[1]Quadro Geral de Lotação'!$B:$B,'[1]Quadro Geral de Lotação'!$I:$I) -> Quezia Da Silva Dos Anjos Da Silva | DY15: =OfficeForms.Table[[#This Row],[Selecione a Ordem de Disciplina]] -> Ordem 1
A16: 16 | B16: 46074.59 | C16: 46074.592 | D16: quezia.silva@regentedepolo.uniasselvi.com.br | E16: Quezia Silva | I16: Rolim de Moura/RO | L16: Ordem 1 | O16: Multidisciplinar II - Enfermagem e Instrumentação Cirúrgica | AG16: Administração de medicamento por Cateter Venoso Central + Monitorização hemodinâmica do paciente | AJ16: 46072 | AM16: 4 | AP16: https://uniasselvi01-my.sharepoint.com/personal/elienai_cesar_uniasselvi_com_br1/_layouts/15/Doc.aspx?sourcedoc=%7B6D658BFE-3F68-41D2-B88E-E4C66B155B10%7D&file=_Lista%20de%20Presen%C3%A7a%20das%20Pr%C3%A1ticas%2019.02.26_Quezia%20Silva%201.docx&action=default&mobileredirect=true | AS16: https://uniasselvi01-my.sharepoint.com/personal/elienai_cesar_uniasselvi_com_br1/_layouts/15/Doc.aspx?sourcedoc=%7B3E2A5646-FA86-4540-92BF-E0B24B69AB33%7D&file=Portf%C3%B3lio%20das%20Atividades%20Pr%C3%A1ticas%20hemodin%C3%A2mic_Quezia%20Silva.docx&action=default&mobileredirect=true | DS16: =_xlfn.XLOOKUP(OfficeForms.Table[[#This Row],[Selecione a Categoria do Laboratório desta atividade prática:]],Planilha1!A:A,Planilha1!B:B) -> EMF-ISN | DT16: =CONCATENATE(OfficeForms.Table[[#This Row],[Selecione seu Polo Laboratório de Atividades Presenciais:]],OfficeForms.Table[[#This Row],[CHAVE CONVERSÃO]]) -> Rolim de Moura/ROEMF-ISN | DU16: =CONCATENATE(OfficeForms.Table[[#This Row],[Selecione quais Protocolos de Atividades Práticas foram realizados no laboratório:]],OfficeForms.Table[[#This Row],[Selecione quais Protocolos de Atividades Práticas foram realizados no laboratório:1]],OfficeForms.Table[[#This Row],[Selecione quais Protocolos de Atividades Práticas foram realizados no laboratório:2]],OfficeForms.Table[[#This Row],[Selecione quais Protocolos de Atividades Práticas foram realizados no laboratório:3]],OfficeForms.Table[[#This Row],[Selecione quais Protocolos de Atividades Práticas foram realizados no laboratório:4]],OfficeForms.Table[[#This Row],[Selecione quais Protocolos de Atividades Práticas foram realizados no laboratório:5]],OfficeForms.Table[[#This Row],[Selecione quais Protocolos de Atividades Práticas foram realizados no laboratório:6]]) -> Administração de medicamento por Cateter Venoso Central + Monitorização hemodinâmica do paciente | DV16: =SUM(OfficeForms.Table[[#This Row],[Data da aplicação do Protocolo de Prática:]],OfficeForms.Table[[#This Row],[Data da aplicação do Protocolo de Prática:1]],OfficeForms.Table[[#This Row],[Data da aplicação do Protocolo de Prática:2]],OfficeForms.Table[[#This Row],[Data da aplicação do Protocolo de Prática:3]],OfficeForms.Table[[#This Row],[Data da aplicação do Protocolo de Prática:4]],OfficeForms.Table[[#This Row],[Data da aplicação do Protocolo de Prática:5]],OfficeForms.Table[[#This Row],[Data da aplicação do Protocolo de Prática:6]]) -> 46072 | DW16: =SUM(OfficeForms.Table[[#This Row],[Quantos Estudantes presentes neste Experimento?]],OfficeForms.Table[[#This Row],[Quantos Estudantes presentes neste Experimento?1]],OfficeForms.Table[[#This Row],[Quantos Estudantes presentes neste Experimento?2]],OfficeForms.Table[[#This Row],[Quantos Estudantes presentes neste Experimento?3]],OfficeForms.Table[[#This Row],[Quantos Estudantes presentes neste Experimento?4]],OfficeForms.Table[[#This Row],[Quantos Estudantes presentes neste Experimento?5]],OfficeForms.Table[[#This Row],[Quantos Estudantes presentes neste Experimento?6]]) -> 4 | DX16: =_xlfn.XLOOKUP(OfficeForms.Table[[#This Row],[CHAVE LINK POLO]],'[1]Quadro Geral de Lotação'!$B:$B,'[1]Quadro Geral de Lotação'!$I:$I) -> Quezia Da Silva Dos Anjos Da Silva | DY16: =OfficeForms.Table[[#This Row],[Selecione a Ordem de Disciplina]] -> Ordem 1
A17: 17 | B17: 46074.596 | C17: 46074.598 | D17: quezia.silva@regentedepolo.uniasselvi.com.br | E17: Quezia Silva | I17: Rolim de Moura/RO | L17: Ordem 1 | O17: Multidisciplinar II - Enfermagem e Instrumentação Cirúrgica | AG17: Administração de medicamento pela via subcutânea + Administração de medicamento pela via oral | AJ17: 46072 | AM17: 4 | AP17: https://uniasselvi01-my.sharepoint.com/personal/elienai_cesar_uniasselvi_com_br1/_layouts/15/Doc.aspx?sourcedoc=%7B5428E8C1-8277-48EF-9257-1297D7692561%7D&file=_Lista%20de%20Presen%C3%A7a%20das%20Pr%C3%A1ticas%2019.02.26_Quezia%20Silva%202.docx&action=default&mobileredirect=true | AS17: https://uniasselvi01-my.sharepoint.com/personal/elienai_cesar_uniasselvi_com_br1/_layouts/15/Doc.aspx?sourcedoc=%7BAF353D41-A272-4DA3-B707-E84A15A84D4B%7D&file=portifolio%20cateter%20venoso%20central%20%2019.02.26_Quezia%20Silva.docx&action=default&mobileredirect=true | DS17: =_xlfn.XLOOKUP(OfficeForms.Table[[#This Row],[Selecione a Categoria do Laboratório desta atividade prática:]],Planilha1!A:A,Planilha1!B:B) -> EMF-ISN | DT17: =CONCATENATE(OfficeForms.Table[[#This Row],[Selecione seu Polo Laboratório de Atividades Presenciais:]],OfficeForms.Table[[#This Row],[CHAVE CONVERSÃO]]) -> Rolim de Moura/ROEMF-ISN | DU17: =CONCATENATE(OfficeForms.Table[[#This Row],[Selecione quais Protocolos de Atividades Práticas foram realizados no laboratório:]],OfficeForms.Table[[#This Row],[Selecione quais Protocolos de Atividades Práticas foram realizados no laboratório:1]],OfficeForms.Table[[#This Row],[Selecione quais Protocolos de Atividades Práticas foram realizados no laboratório:2]],OfficeForms.Table[[#This Row],[Selecione quais Protocolos de Atividades Práticas foram realizados no laboratório:3]],OfficeForms.Table[[#This Row],[Selecione quais Protocolos de Atividades Práticas foram realizados no laboratório:4]],OfficeForms.Table[[#This Row],[Selecione quais Protocolos de Atividades Práticas foram realizados no laboratório:5]],OfficeForms.Table[[#This Row],[Selecione quais Protocolos de Atividades Práticas foram realizados no laboratório:6]]) -> Administração de medicamento pela via subcutânea + Administração de medicamento pela via oral | DV17: =SUM(OfficeForms.Table[[#This Row],[Data da aplicação do Protocolo de Prática:]],OfficeForms.Table[[#This Row],[Data da aplicação do Protocolo de Prática:1]],OfficeForms.Table[[#This Row],[Data da aplicação do Protocolo de Prática:2]],OfficeForms.Table[[#This Row],[Data da aplicação do Protocolo de Prática:3]],OfficeForms.Table[[#This Row],[Data da aplicação do Protocolo de Prática:4]],OfficeForms.Table[[#This Row],[Data da aplicação do Protocolo de Prática:5]],OfficeForms.Table[[#This Row],[Data da aplicação do Protocolo de Prática:6]]) -> 46072 | DW17: =SUM(OfficeForms.Table[[#This Row],[Quantos Estudantes presentes neste Experimento?]],OfficeForms.Table[[#This Row],[Quantos Estudantes presentes neste Experimento?1]],OfficeForms.Table[[#This Row],[Quantos Estudantes presentes neste Experimento?2]],OfficeForms.Table[[#This Row],[Quantos Estudantes presentes neste Experimento?3]],OfficeForms.Table[[#This Row],[Quantos Estudantes presentes neste Experimento?4]],OfficeForms.Table[[#This Row],[Quantos Estudantes presentes neste Experimento?5]],OfficeForms.Table[[#This Row],[Quantos Estudantes presentes neste Experimento?6]]) -> 4 | DX17: =_xlfn.XLOOKUP(OfficeForms.Table[[#This Row],[CHAVE LINK POLO]],'[1]Quadro Geral de Lotação'!$B:$B,'[1]Quadro Geral de Lotação'!$I:$I) -> Quezia Da Silva Dos Anjos Da Silva | DY17: =OfficeForms.Table[[#This Row],[Selecione a Ordem de Disciplina]] -> Ordem 1
A18: 18 | B18: 46074.781 | C18: 46074.785 | D18: clara.oliveira@tutorpratica.uniasselvi.com.br | E18: Clara Oliveira | I18: Feira De Santana/BA - Centro | L18: Ordem 1 | O18: Multidisciplinar III - Biomedicina Estética, Fisioterapia, Terapia Ocupacional e Estética e Cosmética | AV18: Massagem Geral Terapêutica: Técnicas e Aplicações em Recursos Manuais | AY18: 46071 | BB18: 2 | BE18: https://uniasselvi01-my.sharepoint.com/personal/elienai_cesar_uniasselvi_com_br1/Documents/Aplicativos/Microsoft%20Forms/Question%C3%A1rio%20sem%20t%C3%ADtulo/Envio%20da%20Lista%20de%20Presen%C3%A7a%201/WhatsApp%20Image%202026-02-21%20at%2018.48.18_Clara%20Oliveira.jpeg | BH18: https://uniasselvi01-my.sharepoint.com/personal/elienai_cesar_uniasselvi_com_br1/_layouts/15/Doc.aspx?sourcedoc=%7BBA2EA71D-DECB-4269-8805-DD51CDE67E0A%7D&file=Portfo%CC%81lio%20das%20Atividades%20Pra%CC%81ticas%2018.02_Clara%20Oliveira.docx&action=default&mobileredirect=true | DS18: =_xlfn.XLOOKUP(OfficeForms.Table[[#This Row],[Selecione a Categoria do Laboratório desta atividade prática:]],Planilha1!A:A,Planilha1!B:B) -> BFI | DT18: =CONCATENATE(OfficeForms.Table[[#This Row],[Selecione seu Polo Laboratório de Atividades Presenciais:]],OfficeForms.Table[[#This Row],[CHAVE CONVERSÃO]]) -> Feira De Santana/BA - CentroBFI | DU18: =CONCATENATE(OfficeForms.Table[[#This Row],[Selecione quais Protocolos de Atividades Práticas foram realizados no laboratório:]],OfficeForms.Table[[#This Row],[Selecione quais Protocolos de Atividades Práticas foram realizados no laboratório:1]],OfficeForms.Table[[#This Row],[Selecione quais Protocolos de Atividades Práticas foram realizados no laboratório:2]],OfficeForms.Table[[#This Row],[Selecione quais Protocolos de Atividades Práticas foram realizados no laboratório:3]],OfficeForms.Table[[#This Row],[Selecione quais Protocolos de Atividades Práticas foram realizados no laboratório:4]],OfficeForms.Table[[#This Row],[Selecione quais Protocolos de Atividades Práticas foram realizados no laboratório:5]],OfficeForms.Table[[#This Row],[Selecione quais Protocolos de Atividades Práticas foram realizados no laboratório:6]]) -> Massagem Geral Terapêutica: Técnicas e Aplicações em Recursos Manuais | DV18: =SUM(OfficeForms.Table[[#This Row],[Data da aplicação do Protocolo de Prática:]],OfficeForms.Table[[#This Row],[Data da aplicação do Protocolo de Prática:1]],OfficeForms.Table[[#This Row],[Data da aplicação do Protocolo de Prática:2]],OfficeForms.Table[[#This Row],[Data da aplicação do Protocolo de Prática:3]],OfficeForms.Table[[#This Row],[Data da aplicação do Protocolo de Prática:4]],OfficeForms.Table[[#This Row],[Data da aplicação do Protocolo de Prática:5]],OfficeForms.Table[[#This Row],[Data da aplicação do Protocolo de Prática:6]]) -> 46071 | DW18: =SUM(OfficeForms.Table[[#This Row],[Quantos Estudantes presentes neste Experimento?]],OfficeForms.Table[[#This Row],[Quantos Estudantes presentes neste Experimento?1]],OfficeForms.Table[[#This Row],[Quantos Estudantes presentes neste Experimento?2]],OfficeForms.Table[[#This Row],[Quantos Estudantes presentes neste Experimento?3]],OfficeForms.Table[[#This Row],[Quantos Estudantes presentes neste Experimento?4]],OfficeForms.Table[[#This Row],[Quantos Estudantes presentes neste Experimento?5]],OfficeForms.Table[[#This Row],[Quantos Estudantes presentes neste Experimento?6]]) -> 2 | DX18: =_xlfn.XLOOKUP(OfficeForms.Table[[#This Row],[CHAVE LINK POLO]],'[1]Quadro Geral de Lotação'!$B:$B,'[1]Quadro Geral de Lotação'!$I:$I) -> Clara Oliveira E Oliveira | DY18: =OfficeForms.Table[[#This Row],[Selecione a Ordem de Disciplina]] -> Ordem 1
A19: 19 | B19: 46074.791 | C19: 46074.792 | D19: clara.oliveira@tutorpratica.uniasselvi.com.br | E19: Clara Oliveira | I19: Feira De Santana/BA - Centro | L19: Ordem 1 | O19: Multidisciplinar III - Biomedicina Estética, Fisioterapia, Terapia Ocupacional e Estética e Cosmética | AV19: Drenagem Linfática | AY19: 46071 | BB19: 2 | BE19: https://uniasselvi01-my.sharepoint.com/personal/elienai_cesar_uniasselvi_com_br1/Documents/Aplicativos/Microsoft%20Forms/Question%C3%A1rio%20sem%20t%C3%ADtulo/Envio%20da%20Lista%20de%20Presen%C3%A7a%201/WhatsApp%20Image%202026-02-21%20at%2018.48.18_Clara%20Oliveira%201.jpeg | BH19: https://uniasselvi01-my.sharepoint.com/personal/elienai_cesar_uniasselvi_com_br1/_layouts/15/Doc.aspx?sourcedoc=%7B2B7D4AE5-6492-4D98-B0CC-964B0290CE1B%7D&file=Portfo%CC%81lio%20das%20Atividades%20Pra%CC%81ticas%2018.02_Clara%20Oliveira%201.docx&action=default&mobileredirect=true | DS19: =_xlfn.XLOOKUP(OfficeForms.Table[[#This Row],[Selecione a Categoria do Laboratório desta atividade prática:]],Planilha1!A:A,Planilha1!B:B) -> BFI | DT19: =CONCATENATE(OfficeForms.Table[[#This Row],[Selecione seu Polo Laboratório de Atividades Presenciais:]],OfficeForms.Table[[#This Row],[CHAVE CONVERSÃO]]) -> Feira De Santana/BA - CentroBFI | DU19: =CONCATENATE(OfficeForms.Table[[#This Row],[Selecione quais Protocolos de Atividades Práticas foram realizados no laboratório:]],OfficeForms.Table[[#This Row],[Selecione quais Protocolos de Atividades Práticas foram realizados no laboratório:1]],OfficeForms.Table[[#This Row],[Selecione quais Protocolos de Atividades Práticas foram realizados no laboratório:2]],OfficeForms.Table[[#This Row],[Selecione quais Protocolos de Atividades Práticas foram realizados no laboratório:3]],OfficeForms.Table[[#This Row],[Selecione quais Protocolos de Atividades Práticas foram realizados no laboratório:4]],OfficeForms.Table[[#This Row],[Selecione quais Protocolos de Atividades Práticas foram realizados no laboratório:5]],OfficeForms.Table[[#This Row],[Selecione quais Protocolos de Atividades Práticas foram realizados no laboratório:6]]) -> Drenagem Linfática | DV19: =SUM(OfficeForms.Table[[#This Row],[Data da aplicação do Protocolo de Prática:]],OfficeForms.Table[[#This Row],[Data da aplicação do Protocolo de Prática:1]],OfficeForms.Table[[#This Row],[Data da aplicação do Protocolo de Prática:2]],OfficeForms.Table[[#This Row],[Data da aplicação do Protocolo de Prática:3]],OfficeForms.Table[[#This Row],[Data da aplicação do Protocolo de Prática:4]],OfficeForms.Table[[#This Row],[Data da aplicação do Protocolo de Prática:5]],OfficeForms.Table[[#This Row],[Data da aplicação do Protocolo de Prática:6]]) -> 46071 | DW19: =SUM(OfficeForms.Table[[#This Row],[Quantos Estudantes presentes neste Experimento?]],OfficeForms.Table[[#This Row],[Quantos Estudantes presentes neste Experimento?1]],OfficeForms.Table[[#This Row],[Quantos Estudantes presentes neste Experimento?2]],OfficeForms.Table[[#This Row],[Quantos Estudantes presentes neste Experimento?3]],OfficeForms.Table[[#This Row],[Quantos Estudantes presentes neste Experimento?4]],OfficeForms.Table[[#This Row],[Quantos Estudantes presentes neste Experimento?5]],OfficeForms.Table[[#This Row],[Quantos Estudantes presentes neste Experimento?6]]) -> 2 | DX19: =_xlfn.XLOOKUP(OfficeForms.Table[[#This Row],[CHAVE LINK POLO]],'[1]Quadro Geral de Lotação'!$B:$B,'[1]Quadro Geral de Lotação'!$I:$I) -> Clara Oliveira E Oliveira | DY19: =OfficeForms.Table[[#This Row],[Selecione a Ordem de Disciplina]] -> Ordem 1
A20: 20 | B20: 46075.452 | C20: 46075.453 | D20: aquiles.andrade@tutorpratica.uniasselvi.com.br | E20: Aquiles Andrade | I20: Presidente Prudente/SP - Jardim Guanabara | L20: Ordem 1 | O20: Multidisciplinar II - Enfermagem e Instrumentação Cirúrgica | AG20: Administração de medicamento por Cateter Venoso Central + Monitorização hemodinâmica do paciente;Aspiração de vias aéreas (com e sem TOT) | AJ20: 46071 | AM20: 2 | AP20: https://uniasselvi01-my.sharepoint.com/personal/elienai_cesar_uniasselvi_com_br1/Documents/Aplicativos/Microsoft%20Forms/Question%C3%A1rio%20sem%20t%C3%ADtulo/Envio%20da%20Lista%20de%20Presen%C3%A7a/18-02-26-1-%20Lista%20de%20Presen%C3%A7a%20-%20Polo%20Hub%20Pres_Aquiles%20Andrade.pdf; https://uniasselvi01-my.sharepoint.com/personal/elienai_cesar_uniasselvi_com_br1/Documents/Aplicativos/Microsoft%20Forms/Question%C3%A1rio%20sem%20t%C3%ADtulo/Envio%20da%20Lista%20de%20Presen%C3%A7a/18-02-26-2-%20Lista%20de%20Presen%C3%A7a%20-%20Polo%20Hub%20Pres_Aquiles%20Andrade.pdf | AS20: https://uniasselvi01-my.sharepoint.com/personal/elienai_cesar_uniasselvi_com_br1/Documents/Aplicativos/Microsoft%20Forms/Question%C3%A1rio%20sem%20t%C3%ADtulo/Envio%20do%20Portf%C3%B3lio%20em%20PDF/1.Tutor%20-%2018-02-26%20-%20Aquiles%20Andrade_Aquiles%20Andrade.pdf; https://uniasselvi01-my.sharepoint.com/personal/elienai_cesar_uniasselvi_com_br1/Documents/Aplicativos/Microsoft%20Forms/Question%C3%A1rio%20sem%20t%C3%ADtulo/Envio%20do%20Portf%C3%B3lio%20em%20PDF/2.Tutor%20-%2018-02-26%20-%20Aquiles%20Andrade_Aquiles%20Andrade.pdf; https://uniasselvi01-my.sharepoint.com/personal/elienai_cesar_uniasselvi_com_br1/Documents/Aplicativos/Microsoft%20Forms/Question%C3%A1rio%20sem%20t%C3%ADtulo/Envio%20do%20Portf%C3%B3lio%20em%20PDF/3.Tutor%20-%2018-02-26%20-%20Aquiles%20Andrade_Aquiles%20Andrade.pdf | DS20: =_xlfn.XLOOKUP(OfficeForms.Table[[#This Row],[Selecione a Categoria do Laboratório desta atividade prática:]],Planilha1!A:A,Planilha1!B:B) -> EMF-ISN | DT20: =CONCATENATE(OfficeForms.Table[[#This Row],[Selecione seu Polo Laboratório de Atividades Presenciais:]],OfficeForms.Table[[#This Row],[CHAVE CONVERSÃO]]) -> Presidente Prudente/SP - Jardim GuanabaraEMF-ISN | DU20: =CONCATENATE(OfficeForms.Table[[#This Row],[Selecione quais Protocolos de Atividades Práticas foram realizados no laboratório:]],OfficeForms.Table[[#This Row],[Selecione quais Protocolos de Atividades Práticas foram realizados no laboratório:1]],OfficeForms.Table[[#This Row],[Selecione quais Protocolos de Atividades Práticas foram realizados no laboratório:2]],OfficeForms.Table[[#This Row],[Selecione quais Protocolos de Atividades Práticas foram realizados no laboratório:3]],OfficeForms.Table[[#This Row],[Selecione quais Protocolos de Atividades Práticas foram realizados no laboratório:4]],OfficeForms.Table[[#This Row],[Selecione quais Protocolos de Atividades Práticas foram realizados no laboratório:5]],OfficeForms.Table[[#This Row],[Selecione quais Protocolos de Atividades Práticas foram realizados no laboratório:6]]) -> Administração de medicamento por Cateter Venoso Central + Monitorização hemodinâmica do paciente;Aspiração de vias aéreas (com e sem TOT) | DV20: =SUM(OfficeForms.Table[[#This Row],[Data da aplicação do Protocolo de Prática:]],OfficeForms.Table[[#This Row],[Data da aplicação do Protocolo de Prática:1]],OfficeForms.Table[[#This Row],[Data da aplicação do Protocolo de Prática:2]],OfficeForms.Table[[#This Row],[Data da aplicação do Protocolo de Prática:3]],OfficeForms.Table[[#This Row],[Data da aplicação do Protocolo de Prática:4]],OfficeForms.Table[[#This Row],[Data da aplicação do Protocolo de Prática:5]],OfficeForms.Table[[#This Row],[Data da aplicação do Protocolo de Prática:6]]) -> 46071 | DW20: =SUM(OfficeForms.Table[[#This Row],[Quantos Estudantes presentes neste Experimento?]],OfficeForms.Table[[#This Row],[Quantos Estudantes presentes neste Experimento?1]],OfficeForms.Table[[#This Row],[Quantos Estudantes presentes neste Experimento?2]],OfficeForms.Table[[#This Row],[Quantos Estudantes presentes neste Experimento?3]],OfficeForms.Table[[#This Row],[Quantos Estudantes presentes neste Experimento?4]],OfficeForms.Table[[#This Row],[Quantos Estudantes presentes neste Experimento?5]],OfficeForms.Table[[#This Row],[Quantos Estudantes presentes neste Experimento?6]]) -> 2 | DX20: =_xlfn.XLOOKUP(OfficeForms.Table[[#This Row],[CHAVE LINK POLO]],'[1]Quadro Geral de Lotação'!$B:$B,'[1]Quadro Geral de Lotação'!$I:$I) -> Aquiles Gonzales De Andrade | DY20: =OfficeForms.Table[[#This Row],[Selecione a Ordem de Disciplina]] -> Ordem 1
A21: 21 | B21: 46075.519 | C21: 46075.53 | D21: daniela.madruga@tutorpratica.uniasselvi.com.br | E21: Daniela Madruga | I21: Lages/SC - Centro | L21: Ordem 1 | O21: Multidisciplinar II - Enfermagem e Instrumentação Cirúrgica | AG21: Administração de medicamento por Cateter Venoso Central + Monitorização hemodinâmica do paciente;Aspiração de vias aéreas (com e sem TOT) | AJ21: 46074 | AM21: 4 | AP21: https://uniasselvi01-my.sharepoint.com/personal/elienai_cesar_uniasselvi_com_br1/Documents/Aplicativos/Microsoft%20Forms/Question%C3%A1rio%20sem%20t%C3%ADtulo/Envio%20da%20Lista%20de%20Presen%C3%A7a/lista%20de%20presen%C3%A7a%2021.02.26_Daniela%20Madruga.jpg | AS21: https://uniasselvi01-my.sharepoint.com/personal/elienai_cesar_uniasselvi_com_br1/_layouts/15/Doc.aspx?sourcedoc=%7BB12702DE-0E7C-4CBA-9FA9-4CB160EC88A1%7D&file=relat%C3%B3rio%20de%20pr%C3%A1tica%20UTI%2021.02_Daniela%20Madruga.docx&action=default&mobileredirect=true | DS21: =_xlfn.XLOOKUP(OfficeForms.Table[[#This Row],[Selecione a Categoria do Laboratório desta atividade prática:]],Planilha1!A:A,Planilha1!B:B) -> EMF-ISN | DT21: =CONCATENATE(OfficeForms.Table[[#This Row],[Selecione seu Polo Laboratório de Atividades Presenciais:]],OfficeForms.Table[[#This Row],[CHAVE CONVERSÃO]]) -> Lages/SC - CentroEMF-ISN | DU21: =CONCATENATE(OfficeForms.Table[[#This Row],[Selecione quais Protocolos de Atividades Práticas foram realizados no laboratório:]],OfficeForms.Table[[#This Row],[Selecione quais Protocolos de Atividades Práticas foram realizados no laboratório:1]],OfficeForms.Table[[#This Row],[Selecione quais Protocolos de Atividades Práticas foram realizados no laboratório:2]],OfficeForms.Table[[#This Row],[Selecione quais Protocolos de Atividades Práticas foram realizados no laboratório:3]],OfficeForms.Table[[#This Row],[Selecione quais Protocolos de Atividades Práticas foram realizados no laboratório:4]],OfficeForms.Table[[#This Row],[Selecione quais Protocolos de Atividades Práticas foram realizados no laboratório:5]],OfficeForms.Table[[#This Row],[Selecione quais Protocolos de Atividades Práticas foram realizados no laboratório:6]]) -> Administração de medicamento por Cateter Venoso Central + Monitorização hemodinâmica do paciente;Aspiração de vias aéreas (com e sem TOT) | DV21: =SUM(OfficeForms.Table[[#This Row],[Data da aplicação do Protocolo de Prática:]],OfficeForms.Table[[#This Row],[Data da aplicação do Protocolo de Prática:1]],OfficeForms.Table[[#This Row],[Data da aplicação do Protocolo de Prática:2]],OfficeForms.Table[[#This Row],[Data da aplicação do Protocolo de Prática:3]],OfficeForms.Table[[#This Row],[Data da aplicação do Protocolo de Prática:4]],OfficeForms.Table[[#This Row],[Data da aplicação do Protocolo de Prática:5]],OfficeForms.Table[[#This Row],[Data da aplicação do Protocolo de Prática:6]]) -> 46074 | DW21: =SUM(OfficeForms.Table[[#This Row],[Quantos Estudantes presentes neste Experimento?]],OfficeForms.Table[[#This Row],[Quantos Estudantes presentes neste Experimento?1]],OfficeForms.Table[[#This Row],[Quantos Estudantes presentes neste Experimento?2]],OfficeForms.Table[[#This Row],[Quantos Estudantes presentes neste Experimento?3]],OfficeForms.Table[[#This Row],[Quantos Estudantes presentes neste Experimento?4]],OfficeForms.Table[[#This Row],[Quantos Estudantes presentes neste Experimento?5]],OfficeForms.Table[[#This Row],[Quantos Estudantes presentes neste Experimento?6]]) -> 4 | DX21: =_xlfn.XLOOKUP(OfficeForms.Table[[#This Row],[CHAVE LINK POLO]],'[1]Quadro Geral de Lotação'!$B:$B,'[1]Quadro Geral de Lotação'!$I:$I) -> Daniela Madruga | DY21: =OfficeForms.Table[[#This Row],[Selecione a Ordem de Disciplina]] -> Ordem 1
A22: 22 | B22: 46075.64 | C22: 46075.656 | D22: mariana.correia@regentedepolo.uniasselvi.com.br | E22: Mariana Correia | I22: Santa Fé do Sul/SP | L22: Ordem 1 | O22: Multidisciplinar II - Enfermagem e Instrumentação Cirúrgica | AG22: Administração de medicamento por Cateter Venoso Central + Monitorização hemodinâmica do paciente;Aspiração de vias aéreas (com e sem TOT) | AJ22: 46071 | AM22: 4 | AP22: https://uniasselvi01-my.sharepoint.com/personal/elienai_cesar_uniasselvi_com_br1/Documents/Aplicativos/Microsoft%20Forms/Question%C3%A1rio%20sem%20t%C3%ADtulo/Envio%20da%20Lista%20de%20Presen%C3%A7a/Lista%20treinamento%20CVC+MH+aspira%C3%A7%C3%A3o_Mariana%20Correia.jpeg | AS22: https://uniasselvi01-my.sharepoint.com/personal/elienai_cesar_uniasselvi_com_br1/Documents/Aplicativos/Microsoft%20Forms/Question%C3%A1rio%20sem%20t%C3%ADtulo/Envio%20do%20Portf%C3%B3lio%20em%20PDF/Portf%C3%B3lio%20-%20Aspira%C3%A7%C3%A3o%20de%20vias%20a%C3%A9reas%20(com%20e%20s_Mariana%20Correia.pdf; https://uniasselvi01-my.sharepoint.com/personal/elienai_cesar_uniasselvi_com_br1/Documents/Aplicativos/Microsoft%20Forms/Question%C3%A1rio%20sem%20t%C3%ADtulo/Envio%20do%20Portf%C3%B3lio%20em%20PDF/Portf%C3%B3lio%20-%20Medicamentos%20Cateter%20Venoso%20+MH_Mariana%20Correia.pdf | DS22: =_xlfn.XLOOKUP(OfficeForms.Table[[#This Row],[Selecione a Categoria do Laboratório desta atividade prática:]],Planilha1!A:A,Planilha1!B:B) -> EMF-ISN | DT22: =CONCATENATE(OfficeForms.Table[[#This Row],[Selecione seu Polo Laboratório de Atividades Presenciais:]],OfficeForms.Table[[#This Row],[CHAVE CONVERSÃO]]) -> Santa Fé do Sul/SPEMF-ISN | DU22: =CONCATENATE(OfficeForms.Table[[#This Row],[Selecione quais Protocolos de Atividades Práticas foram realizados no laboratório:]],OfficeForms.Table[[#This Row],[Selecione quais Protocolos de Atividades Práticas foram realizados no laboratório:1]],OfficeForms.Table[[#This Row],[Selecione quais Protocolos de Atividades Práticas foram realizados no laboratório:2]],OfficeForms.Table[[#This Row],[Selecione quais Protocolos de Atividades Práticas foram realizados no laboratório:3]],OfficeForms.Table[[#This Row],[Selecione quais Protocolos de Atividades Práticas foram realizados no laboratório:4]],OfficeForms.Table[[#This Row],[Selecione quais Protocolos de Atividades Práticas foram realizados no laboratório:5]],OfficeForms.Table[[#This Row],[Selecione quais Protocolos de Atividades Práticas foram realizados no laboratório:6]]) -> Administração de medicamento por Cateter Venoso Central + Monitorização hemodinâmica do paciente;Aspiração de vias aéreas (com e sem TOT) | DV22: =SUM(OfficeForms.Table[[#This Row],[Data da aplicação do Protocolo de Prática:]],OfficeForms.Table[[#This Row],[Data da aplicação do Protocolo de Prática:1]],OfficeForms.Table[[#This Row],[Data da aplicação do Protocolo de Prática:2]],OfficeForms.Table[[#This Row],[Data da aplicação do Protocolo de Prática:3]],OfficeForms.Table[[#This Row],[Data da aplicação do Protocolo de Prática:4]],OfficeForms.Table[[#This Row],[Data da aplicação do Protocolo de Prática:5]],OfficeForms.Table[[#This Row],[Data da aplicação do Protocolo de Prática:6]]) -> 46071 | DW22: =SUM(OfficeForms.Table[[#This Row],[Quantos Estudantes presentes neste Experimento?]],OfficeForms.Table[[#This Row],[Quantos Estudantes presentes neste Experimento?1]],OfficeForms.Table[[#This Row],[Quantos Estudantes presentes neste Experimento?2]],OfficeForms.Table[[#This Row],[Quantos Estudantes presentes neste Experimento?3]],OfficeForms.Table[[#This Row],[Quantos Estudantes presentes neste Experimento?4]],OfficeForms.Table[[#This Row],[Quantos Estudantes presentes neste Experimento?5]],OfficeForms.Table[[#This Row],[Quantos Estudantes presentes neste Experimento?6]]) -> 4 | DX22: =_xlfn.XLOOKUP(OfficeForms.Table[[#This Row],[CHAVE LINK POLO]],'[1]Quadro Geral de Lotação'!$B:$B,'[1]Quadro Geral de Lotação'!$I:$I) -> Mariana Mirian Correia | DY22: =OfficeForms.Table[[#This Row],[Selecione a Ordem de Disciplina]] -> Ordem 1
A23: 23 | B23: 46076.327 | C23: 46076.356 | D23: deborah.vasconcelos@tutorpratica.uniasselvi.com.br | E23: Deborah Ewerton | I23: Itapecuru Mirim/MA | L23: Ordem 1 | O23: Multidisciplinar II - Enfermagem e Instrumentação Cirúrgica | AG23: Curativo;Avaliação corporal + Ausculta pulmonar + Ausculta cardiaca + Verificação de sinais vitais | AJ23: 46074 | AM23: 4 | AP23: https://uniasselvi01-my.sharepoint.com/personal/elienai_cesar_uniasselvi_com_br1/Documents/Aplicativos/Microsoft%20Forms/Question%C3%A1rio%20sem%20t%C3%ADtulo/Envio%20da%20Lista%20de%20Presen%C3%A7a/lista%20alunos%20fevereiro_Deborah%20Ewerton.pdf | AS23: https://uniasselvi01-my.sharepoint.com/personal/elienai_cesar_uniasselvi_com_br1/Documents/Aplicativos/Microsoft%20Forms/Question%C3%A1rio%20sem%20t%C3%ADtulo/Envio%20do%20Portf%C3%B3lio%20em%20PDF/Tutor%20-%20Portf%C3%B3lio%20das%20Atividades%20Pr%C3%A1ticas%20FUN_Deborah%20Ewerton.pdf | DS23: =_xlfn.XLOOKUP(OfficeForms.Table[[#This Row],[Selecione a Categoria do Laboratório desta atividade prática:]],Planilha1!A:A,Planilha1!B:B) -> EMF-ISN | DT23: =CONCATENATE(OfficeForms.Table[[#This Row],[Selecione seu Polo Laboratório de Atividades Presenciais:]],OfficeForms.Table[[#This Row],[CHAVE CONVERSÃO]]) -> Itapecuru Mirim/MAEMF-ISN | DU23: =CONCATENATE(OfficeForms.Table[[#This Row],[Selecione quais Protocolos de Atividades Práticas foram realizados no laboratório:]],OfficeForms.Table[[#This Row],[Selecione quais Protocolos de Atividades Práticas foram realizados no laboratório:1]],OfficeForms.Table[[#This Row],[Selecione quais Protocolos de Atividades Práticas foram realizados no laboratório:2]],OfficeForms.Table[[#This Row],[Selecione quais Protocolos de Atividades Práticas foram realizados no laboratório:3]],OfficeForms.Table[[#This Row],[Selecione quais Protocolos de Atividades Práticas foram realizados no laboratório:4]],OfficeForms.Table[[#This Row],[Selecione quais Protocolos de Atividades Práticas foram realizados no laboratório:5]],OfficeForms.Table[[#This Row],[Selecione quais Protocolos de Atividades Práticas foram realizados no laboratório:6]]) -> Curativo;Avaliação corporal + Ausculta pulmonar + Ausculta cardiaca + Verificação de sinais vitais | DV23: =SUM(OfficeForms.Table[[#This Row],[Data da aplicação do Protocolo de Prática:]],OfficeForms.Table[[#This Row],[Data da aplicação do Protocolo de Prática:1]],OfficeForms.Table[[#This Row],[Data da aplicação do Protocolo de Prática:2]],OfficeForms.Table[[#This Row],[Data da aplicação do Protocolo de Prática:3]],OfficeForms.Table[[#This Row],[Data da aplicação do Protocolo de Prática:4]],OfficeForms.Table[[#This Row],[Data da aplicação do Protocolo de Prática:5]],OfficeForms.Table[[#This Row],[Data da aplicação do Protocolo de Prática:6]]) -> 46074 | DW23: =SUM(OfficeForms.Table[[#This Row],[Quantos Estudantes presentes neste Experimento?]],OfficeForms.Table[[#This Row],[Quantos Estudantes presentes neste Experimento?1]],OfficeForms.Table[[#This Row],[Quantos Estudantes presentes neste Experimento?2]],OfficeForms.Table[[#This Row],[Quantos Estudantes presentes neste Experimento?3]],OfficeForms.Table[[#This Row],[Quantos Estudantes presentes neste Experimento?4]],OfficeForms.Table[[#This Row],[Quantos Estudantes presentes neste Experimento?5]],OfficeForms.Table[[#This Row],[Quantos Estudantes presentes neste Experimento?6]]) -> 4 | DX23: =_xlfn.XLOOKUP(OfficeForms.Table[[#This Row],[CHAVE LINK POLO]],'[1]Quadro Geral de Lotação'!$B:$B,'[1]Quadro Geral de Lotação'!$I:$I) -> Deborah Da Silva Vasconcelos Ewerton | DY23: =OfficeForms.Table[[#This Row],[Selecione a Ordem de Disciplina]] -> Ordem 1
A24: 24 | B24: 46076.36 | C24: 46076.363 | D24: larissa.silva@tutorpratica.uniasselvi.com.br | E24: Larissa Ventura | I24: Avaré/SP | L24: Ordem 1 | O24: Multidisciplinar II - Enfermagem e Instrumentação Cirúrgica | AG24: Administração de medicamento por Cateter Venoso Central + Monitorização hemodinâmica do paciente | AJ24: 46074 | AM24: 1 | AP24: https://uniasselvi01-my.sharepoint.com/personal/elienai_cesar_uniasselvi_com_br1/Documents/Aplicativos/Microsoft%20Forms/Question%C3%A1rio%20sem%20t%C3%ADtulo/Envio%20da%20Lista%20de%20Presen%C3%A7a/lista%20de%20presen%C3%A7a%2021.02.26%20uti_Larissa%20Ventura.jpg | AS24: https://uniasselvi01-my.sharepoint.com/personal/elienai_cesar_uniasselvi_com_br1/Documents/Aplicativos/Microsoft%20Forms/Question%C3%A1rio%20sem%20t%C3%ADtulo/Envio%20do%20Portf%C3%B3lio%20em%20PDF/adm%20de%20medicamento%20cvc,%20monitoriza%C3%A7%C3%A3o%20hemodin_Larissa%20Ventura.pdf | DS24: =_xlfn.XLOOKUP(OfficeForms.Table[[#This Row],[Selecione a Categoria do Laboratório desta atividade prática:]],Planilha1!A:A,Planilha1!B:B) -> EMF-ISN | DT24: =CONCATENATE(OfficeForms.Table[[#This Row],[Selecione seu Polo Laboratório de Atividades Presenciais:]],OfficeForms.Table[[#This Row],[CHAVE CONVERSÃO]]) -> Avaré/SPEMF-ISN | DU24: =CONCATENATE(OfficeForms.Table[[#This Row],[Selecione quais Protocolos de Atividades Práticas foram realizados no laboratório:]],OfficeForms.Table[[#This Row],[Selecione quais Protocolos de Atividades Práticas foram realizados no laboratório:1]],OfficeForms.Table[[#This Row],[Selecione quais Protocolos de Atividades Práticas foram realizados no laboratório:2]],OfficeForms.Table[[#This Row],[Selecione quais Protocolos de Atividades Práticas foram realizados no laboratório:3]],OfficeForms.Table[[#This Row],[Selecione quais Protocolos de Atividades Práticas foram realizados no laboratório:4]],OfficeForms.Table[[#This Row],[Selecione quais Protocolos de Atividades Práticas foram realizados no laboratório:5]],OfficeForms.Table[[#This Row],[Selecione quais Protocolos de Atividades Práticas foram realizados no laboratório:6]]) -> Administração de medicamento por Cateter Venoso Central + Monitorização hemodinâmica do paciente | DV24: =SUM(OfficeForms.Table[[#This Row],[Data da aplicação do Protocolo de Prática:]],OfficeForms.Table[[#This Row],[Data da aplicação do Protocolo de Prática:1]],OfficeForms.Table[[#This Row],[Data da aplicação do Protocolo de Prática:2]],OfficeForms.Table[[#This Row],[Data da aplicação do Protocolo de Prática:3]],OfficeForms.Table[[#This Row],[Data da aplicação do Protocolo de Prática:4]],OfficeForms.Table[[#This Row],[Data da aplicação do Protocolo de Prática:5]],OfficeForms.Table[[#This Row],[Data da aplicação do Protocolo de Prática:6]]) -> 46074 | DW24: =SUM(OfficeForms.Table[[#This Row],[Quantos Estudantes presentes neste Experimento?]],OfficeForms.Table[[#This Row],[Quantos Estudantes presentes neste Experimento?1]],OfficeForms.Table[[#This Row],[Quantos Estudantes presentes neste Experimento?2]],OfficeForms.Table[[#This Row],[Quantos Estudantes presentes neste Experimento?3]],OfficeForms.Table[[#This Row],[Quantos Estudantes presentes neste Experimento?4]],OfficeForms.Table[[#This Row],[Quantos Estudantes presentes neste Experimento?5]],OfficeForms.Table[[#This Row],[Quantos Estudantes presentes neste Experimento?6]]) -> 1 | DX24: =_xlfn.XLOOKUP(OfficeForms.Table[[#This Row],[CHAVE LINK POLO]],'[1]Quadro Geral de Lotação'!$B:$B,'[1]Quadro Geral de Lotação'!$I:$I) -> Larissa Brandolin Ventura | DY24: =OfficeForms.Table[[#This Row],[Selecione a Ordem de Disciplina]] -> Ordem 1
A25: 25 | B25: 46076.363 | C25: 46076.364 | D25: larissa.silva@tutorpratica.uniasselvi.com.br | E25: Larissa Ventura | I25: Avaré/SP | L25: Ordem 1 | O25: Multidisciplinar II - Enfermagem e Instrumentação Cirúrgica | AG25: Aspiração de vias aéreas (com e sem TOT) | AJ25: 46074 | AM25: 1 | AP25: https://uniasselvi01-my.sharepoint.com/personal/elienai_cesar_uniasselvi_com_br1/Documents/Aplicativos/Microsoft%20Forms/Question%C3%A1rio%20sem%20t%C3%ADtulo/Envio%20da%20Lista%20de%20Presen%C3%A7a/lista%20de%20presen%C3%A7a%2021.02.26%20uti_Larissa%20Ventura%201.jpg | AS25: https://uniasselvi01-my.sharepoint.com/personal/elienai_cesar_uniasselvi_com_br1/Documents/Aplicativos/Microsoft%20Forms/Question%C3%A1rio%20sem%20t%C3%ADtulo/Envio%20do%20Portf%C3%B3lio%20em%20PDF/Aspira%C3%A7%C3%A3o%20de%20vias%20a%C3%A9reas%20com%20e%20sem%20TOT_Larissa%20Ventura.pdf | DS25: =_xlfn.XLOOKUP(OfficeForms.Table[[#This Row],[Selecione a Categoria do Laboratório desta atividade prática:]],Planilha1!A:A,Planilha1!B:B) -> EMF-ISN | DT25: =CONCATENATE(OfficeForms.Table[[#This Row],[Selecione seu Polo Laboratório de Atividades Presenciais:]],OfficeForms.Table[[#This Row],[CHAVE CONVERSÃO]]) -> Avaré/SPEMF-ISN | DU25: =CONCATENATE(OfficeForms.Table[[#This Row],[Selecione quais Protocolos de Atividades Práticas foram realizados no laboratório:]],OfficeForms.Table[[#This Row],[Selecione quais Protocolos de Atividades Práticas foram realizados no laboratório:1]],OfficeForms.Table[[#This Row],[Selecione quais Protocolos de Atividades Práticas foram realizados no laboratório:2]],OfficeForms.Table[[#This Row],[Selecione quais Protocolos de Atividades Práticas foram realizados no laboratório:3]],OfficeForms.Table[[#This Row],[Selecione quais Protocolos de Atividades Práticas foram realizados no laboratório:4]],OfficeForms.Table[[#This Row],[Selecione quais Protocolos de Atividades Práticas foram realizados no laboratório:5]],OfficeForms.Table[[#This Row],[Selecione quais Protocolos de Atividades Práticas foram realizados no laboratório:6]]) -> Aspiração de vias aéreas (com e sem TOT) | DV25: =SUM(OfficeForms.Table[[#This Row],[Data da aplicação do Protocolo de Prática:]],OfficeForms.Table[[#This Row],[Data da aplicação do Protocolo de Prática:1]],OfficeForms.Table[[#This Row],[Data da aplicação do Protocolo de Prática:2]],OfficeForms.Table[[#This Row],[Data da aplicação do Protocolo de Prática:3]],OfficeForms.Table[[#This Row],[Data da aplicação do Protocolo de Prática:4]],OfficeForms.Table[[#This Row],[Data da aplicação do Protocolo de Prática:5]],OfficeForms.Table[[#This Row],[Data da aplicação do Protocolo de Prática:6]]) -> 46074 | DW25: =SUM(OfficeForms.Table[[#This Row],[Quantos Estudantes presentes neste Experimento?]],OfficeForms.Table[[#This Row],[Quantos Estudantes presentes neste Experimento?1]],OfficeForms.Table[[#This Row],[Quantos Estudantes presentes neste Experimento?2]],OfficeForms.Table[[#This Row],[Quantos Estudantes presentes neste Experimento?3]],OfficeForms.Table[[#This Row],[Quantos Estudantes presentes neste Experimento?4]],OfficeForms.Table[[#This Row],[Quantos Estudantes presentes neste Experimento?5]],OfficeForms.Table[[#This Row],[Quantos Estudantes presentes neste Experimento?6]]) -> 1 | DX25: =_xlfn.XLOOKUP(OfficeForms.Table[[#This Row],[CHAVE LINK POLO]],'[1]Quadro Geral de Lotação'!$B:$B,'[1]Quadro Geral de Lotação'!$I:$I) -> Larissa Brandolin Ventura | DY25: =OfficeForms.Table[[#This Row],[Selecione a Ordem de Disciplina]] -> Ordem 1
A26: 26 | B26: 46076.437 | C26: 46076.444 | D26: deborah.vasconcelos@tutorpratica.uniasselvi.com.br | E26: Deborah Ewerton | I26: Itapecuru Mirim/MA | L26: Ordem 1 | O26: Multidisciplinar II - Enfermagem e Instrumentação Cirúrgica | AG26: Trabalho de parto natural + Emergências obstétricas | AJ26: 46074 | AM26: 21 | AP26: https://uniasselvi01-my.sharepoint.com/personal/elienai_cesar_uniasselvi_com_br1/Documents/Aplicativos/Microsoft%20Forms/Question%C3%A1rio%20sem%20t%C3%ADtulo/Envio%20da%20Lista%20de%20Presen%C3%A7a/listagem%20de%20Obstetr%C3%ADcia_Deborah%20Ewerton.pdf | AS26: https://uniasselvi01-my.sharepoint.com/personal/elienai_cesar_uniasselvi_com_br1/Documents/Aplicativos/Microsoft%20Forms/Question%C3%A1rio%20sem%20t%C3%ADtulo/Envio%20do%20Portf%C3%B3lio%20em%20PDF/PORTIFOLIO%20CENTRO%20OBSTETRICO%202026_Deborah%20Ewerton.pdf | DS26: =_xlfn.XLOOKUP(OfficeForms.Table[[#This Row],[Selecione a Categoria do Laboratório desta atividade prática:]],Planilha1!A:A,Planilha1!B:B) -> EMF-ISN | DT26: =CONCATENATE(OfficeForms.Table[[#This Row],[Selecione seu Polo Laboratório de Atividades Presenciais:]],OfficeForms.Table[[#This Row],[CHAVE CONVERSÃO]]) -> Itapecuru Mirim/MAEMF-ISN | DU26: =CONCATENATE(OfficeForms.Table[[#This Row],[Selecione quais Protocolos de Atividades Práticas foram realizados no laboratório:]],OfficeForms.Table[[#This Row],[Selecione quais Protocolos de Atividades Práticas foram realizados no laboratório:1]],OfficeForms.Table[[#This Row],[Selecione quais Protocolos de Atividades Práticas foram realizados no laboratório:2]],OfficeForms.Table[[#This Row],[Selecione quais Protocolos de Atividades Práticas foram realizados no laboratório:3]],OfficeForms.Table[[#This Row],[Selecione quais Protocolos de Atividades Práticas foram realizados no laboratório:4]],OfficeForms.Table[[#This Row],[Selecione quais Protocolos de Atividades Práticas foram realizados no laboratório:5]],OfficeForms.Table[[#This Row],[Selecione quais Protocolos de Atividades Práticas foram realizados no laboratório:6]]) -> Trabalho de parto natural + Emergências obstétricas | DV26: =SUM(OfficeForms.Table[[#This Row],[Data da aplicação do Protocolo de Prática:]],OfficeForms.Table[[#This Row],[Data da aplicação do Protocolo de Prática:1]],OfficeForms.Table[[#This Row],[Data da aplicação do Protocolo de Prática:2]],OfficeForms.Table[[#This Row],[Data da aplicação do Protocolo de Prática:3]],OfficeForms.Table[[#This Row],[Data da aplicação do Protocolo de Prática:4]],OfficeForms.Table[[#This Row],[Data da aplicação do Protocolo de Prática:5]],OfficeForms.Table[[#This Row],[Data da aplicação do Protocolo de Prática:6]]) -> 46074 | DW26: =SUM(OfficeForms.Table[[#This Row],[Quantos Estudantes presentes neste Experimento?]],OfficeForms.Table[[#This Row],[Quantos Estudantes presentes neste Experimento?1]],OfficeForms.Table[[#This Row],[Quantos Estudantes presentes neste Experimento?2]],OfficeForms.Table[[#This Row],[Quantos Estudantes presentes neste Experimento?3]],OfficeForms.Table[[#This Row],[Quantos Estudantes presentes neste Experimento?4]],OfficeForms.Table[[#This Row],[Quantos Estudantes presentes neste Experimento?5]],OfficeForms.Table[[#This Row],[Quantos Estudantes presentes neste Experimento?6]]) -> 21 | DX26: =_xlfn.XLOOKUP(OfficeForms.Table[[#This Row],[CHAVE LINK POLO]],'[1]Quadro Geral de Lotação'!$B:$B,'[1]Quadro Geral de Lotação'!$I:$I) -> Deborah Da Silva Vasconcelos Ewerton | DY26: =OfficeForms.Table[[#This Row],[Selecione a Ordem de Disciplina]] -> Ordem 1
A27: 27 | B27: 46075.923 | C27: 46076.46 | D27: clademir.silva@regentedepolo.uniasselvi.com.br | E27: Clademir Silva | I27: Curitibanos/SC | L27: Ordem 1 | O27: Multidisciplinar II - Enfermagem e Instrumentação Cirúrgica | AG27: Aspiração de vias aéreas (com e sem TOT) | AJ27: 46074 | AM27: 8 | AP27: https://uniasselvi01-my.sharepoint.com/personal/elienai_cesar_uniasselvi_com_br1/Documents/Aplicativos/Microsoft%20Forms/Question%C3%A1rio%20sem%20t%C3%ADtulo/Envio%20da%20Lista%20de%20Presen%C3%A7a/Listadepresencapraticadeaspiracao_Clademir%20Silva.pdf | AS27: https://uniasselvi01-my.sharepoint.com/personal/elienai_cesar_uniasselvi_com_br1/Documents/Aplicativos/Microsoft%20Forms/Question%C3%A1rio%20sem%20t%C3%ADtulo/Envio%20do%20Portf%C3%B3lio%20em%20PDF/pratica_aspiracao2026_Clademir%20Silva.pdf | DS27: =_xlfn.XLOOKUP(OfficeForms.Table[[#This Row],[Selecione a Categoria do Laboratório desta atividade prática:]],Planilha1!A:A,Planilha1!B:B) -> EMF-ISN | DT27: =CONCATENATE(OfficeForms.Table[[#This Row],[Selecione seu Polo Laboratório de Atividades Presenciais:]],OfficeForms.Table[[#This Row],[CHAVE CONVERSÃO]]) -> Curitibanos/SCEMF-ISN | DU27: =CONCATENATE(OfficeForms.Table[[#This Row],[Selecione quais Protocolos de Atividades Práticas foram realizados no laboratório:]],OfficeForms.Table[[#This Row],[Selecione quais Protocolos de Atividades Práticas foram realizados no laboratório:1]],OfficeForms.Table[[#This Row],[Selecione quais Protocolos de Atividades Práticas foram realizados no laboratório:2]],OfficeForms.Table[[#This Row],[Selecione quais Protocolos de Atividades Práticas foram realizados no laboratório:3]],OfficeForms.Table[[#This Row],[Selecione quais Protocolos de Atividades Práticas foram realizados no laboratório:4]],OfficeForms.Table[[#This Row],[Selecione quais Protocolos de Atividades Práticas foram realizados no laboratório:5]],OfficeForms.Table[[#This Row],[Selecione quais Protocolos de Atividades Práticas foram realizados no laboratório:6]]) -> Aspiração de vias aéreas (com e sem TOT) | DV27: =SUM(OfficeForms.Table[[#This Row],[Data da aplicação do Protocolo de Prática:]],OfficeForms.Table[[#This Row],[Data da aplicação do Protocolo de Prática:1]],OfficeForms.Table[[#This Row],[Data da aplicação do Protocolo de Prática:2]],OfficeForms.Table[[#This Row],[Data da aplicação do Protocolo de Prática:3]],OfficeForms.Table[[#This Row],[Data da aplicação do Protocolo de Prática:4]],OfficeForms.Table[[#This Row],[Data da aplicação do Protocolo de Prática:5]],OfficeForms.Table[[#This Row],[Data da aplicação do Protocolo de Prática:6]]) -> 46074 | DW27: =SUM(OfficeForms.Table[[#This Row],[Quantos Estudantes presentes neste Experimento?]],OfficeForms.Table[[#This Row],[Quantos Estudantes presentes neste Experimento?1]],OfficeForms.Table[[#This Row],[Quantos Estudantes presentes neste Experimento?2]],OfficeForms.Table[[#This Row],[Quantos Estudantes presentes neste Experimento?3]],OfficeForms.Table[[#This Row],[Quantos Estudantes presentes neste Experimento?4]],OfficeForms.Table[[#This Row],[Quantos Estudantes presentes neste Experimento?5]],OfficeForms.Table[[#This Row],[Quantos Estudantes presentes neste Experimento?6]]) -> 8 | DX27: =_xlfn.XLOOKUP(OfficeForms.Table[[#This Row],[CHAVE LINK POLO]],'[1]Quadro Geral de Lotação'!$B:$B,'[1]Quadro Geral de Lotação'!$I:$I) -> Clademir Jose Fernandes Da Silva | DY27: =OfficeForms.Table[[#This Row],[Selecione a Ordem de Disciplina]] -> Ordem 1
A28: 28 | B28: 46076.625 | C28: 46076.632 | D28: ana.sedrez@tutorpratica.uniasselvi.com.br | E28: Ana Sedrez | I28: Capão Da Canoa/RS | L28: Ordem 1 | O28: Multidisciplinar IV - Nutrição | BK28: Terapia nutricional enteral e suplementação oral | BN28: 46074 | BQ28: 5 | BT28: https://uniasselvi01-my.sharepoint.com/personal/elienai_cesar_uniasselvi_com_br1/Documents/Aplicativos/Microsoft%20Forms/Question%C3%A1rio%20sem%20t%C3%ADtulo/Envio%20da%20Lista%20de%20Presen%C3%A7a%202/MODELO_Lista%20de%20Presen%C3%A7a%20das%20Pr%C3%A1ticas_Ana%20Sedrez.pdf | BW28: https://uniasselvi01-my.sharepoint.com/personal/elienai_cesar_uniasselvi_com_br1/Documents/Aplicativos/Microsoft%20Forms/Question%C3%A1rio%20sem%20t%C3%ADtulo/Envio%20do%20Portf%C3%B3lio%20em%20PDF%202/Tutor%20-%20Portf%C3%B3lio%20das%20Atividades%20Pr%C3%A1ticas_Ana%20Sedrez.pdf | DS28: =_xlfn.XLOOKUP(OfficeForms.Table[[#This Row],[Selecione a Categoria do Laboratório desta atividade prática:]],Planilha1!A:A,Planilha1!B:B) -> NTR | DT28: =CONCATENATE(OfficeForms.Table[[#This Row],[Selecione seu Polo Laboratório de Atividades Presenciais:]],OfficeForms.Table[[#This Row],[CHAVE CONVERSÃO]]) -> Capão Da Canoa/RSNTR | DU28: =CONCATENATE(OfficeForms.Table[[#This Row],[Selecione quais Protocolos de Atividades Práticas foram realizados no laboratório:]],OfficeForms.Table[[#This Row],[Selecione quais Protocolos de Atividades Práticas foram realizados no laboratório:1]],OfficeForms.Table[[#This Row],[Selecione quais Protocolos de Atividades Práticas foram realizados no laboratório:2]],OfficeForms.Table[[#This Row],[Selecione quais Protocolos de Atividades Práticas foram realizados no laboratório:3]],OfficeForms.Table[[#This Row],[Selecione quais Protocolos de Atividades Práticas foram realizados no laboratório:4]],OfficeForms.Table[[#This Row],[Selecione quais Protocolos de Atividades Práticas foram realizados no laboratório:5]],OfficeForms.Table[[#This Row],[Selecione quais Protocolos de Atividades Práticas foram realizados no laboratório:6]]) -> Terapia nutricional enteral e suplementação oral | DV28: =SUM(OfficeForms.Table[[#This Row],[Data da aplicação do Protocolo de Prática:]],OfficeForms.Table[[#This Row],[Data da aplicação do Protocolo de Prática:1]],OfficeForms.Table[[#This Row],[Data da aplicação do Protocolo de Prática:2]],OfficeForms.Table[[#This Row],[Data da aplicação do Protocolo de Prática:3]],OfficeForms.Table[[#This Row],[Data da aplicação do Protocolo de Prática:4]],OfficeForms.Table[[#This Row],[Data da aplicação do Protocolo de Prática:5]],OfficeForms.Table[[#This Row],[Data da aplicação do Protocolo de Prática:6]]) -> 46074 | DW28: =SUM(OfficeForms.Table[[#This Row],[Quantos Estudantes presentes neste Experimento?]],OfficeForms.Table[[#This Row],[Quantos Estudantes presentes neste Experimento?1]],OfficeForms.Table[[#This Row],[Quantos Estudantes presentes neste Experimento?2]],OfficeForms.Table[[#This Row],[Quantos Estudantes presentes neste Experimento?3]],OfficeForms.Table[[#This Row],[Quantos Estudantes presentes neste Experimento?4]],OfficeForms.Table[[#This Row],[Quantos Estudantes presentes neste Experimento?5]],OfficeForms.Table[[#This Row],[Quantos Estudantes presentes neste Experimento?6]]) -> 5 | DX28: =_xlfn.XLOOKUP(OfficeForms.Table[[#This Row],[CHAVE LINK POLO]],'[1]Quadro Geral de Lotação'!$B:$B,'[1]Quadro Geral de Lotação'!$I:$I) -> Ana Carolina Da Silva Sedrez | DY28: =OfficeForms.Table[[#This Row],[Selecione a Ordem de Disciplina]] -> Ordem 1
A29: 29 | B29: 46076.636 | C29: 46076.654 | D29: fabio.rosa@regentedepolo.uniasselvi.com.br | E29: Fabio Rosa | I29: Brusque/SC | L29: Ordem 1 | O29: Multidisciplinar II - Enfermagem e Instrumentação Cirúrgica | AG29: Trabalho de parto natural + Emergências obstétricas | AJ29: 46076 | AM29: 1 | AP29: https://uniasselvi01-my.sharepoint.com/personal/elienai_cesar_uniasselvi_com_br1/Documents/Aplicativos/Microsoft%20Forms/Question%C3%A1rio%20sem%20t%C3%ADtulo/Envio%20da%20Lista%20de%20Presen%C3%A7a/Fabio_Fabio%20Rosa.pdf | AS29: https://uniasselvi01-my.sharepoint.com/personal/elienai_cesar_uniasselvi_com_br1/Documents/Aplicativos/Microsoft%20Forms/Question%C3%A1rio%20sem%20t%C3%ADtulo/Envio%20do%20Portf%C3%B3lio%20em%20PDF/Fabio_Fabio%20Rosa.pdf | DS29: =_xlfn.XLOOKUP(OfficeForms.Table[[#This Row],[Selecione a Categoria do Laboratório desta atividade prática:]],Planilha1!A:A,Planilha1!B:B) -> EMF-ISN | DT29: =CONCATENATE(OfficeForms.Table[[#This Row],[Selecione seu Polo Laboratório de Atividades Presenciais:]],OfficeForms.Table[[#This Row],[CHAVE CONVERSÃO]]) -> Brusque/SCEMF-ISN | DU29: =CONCATENATE(OfficeForms.Table[[#This Row],[Selecione quais Protocolos de Atividades Práticas foram realizados no laboratório:]],OfficeForms.Table[[#This Row],[Selecione quais Protocolos de Atividades Práticas foram realizados no laboratório:1]],OfficeForms.Table[[#This Row],[Selecione quais Protocolos de Atividades Práticas foram realizados no laboratório:2]],OfficeForms.Table[[#This Row],[Selecione quais Protocolos de Atividades Práticas foram realizados no laboratório:3]],OfficeForms.Table[[#This Row],[Selecione quais Protocolos de Atividades Práticas foram realizados no laboratório:4]],OfficeForms.Table[[#This Row],[Selecione quais Protocolos de Atividades Práticas foram realizados no laboratório:5]],OfficeForms.Table[[#This Row],[Selecione quais Protocolos de Atividades Práticas foram realizados no laboratório:6]]) -> Trabalho de parto natural + Emergências obstétricas | DV29: =SUM(OfficeForms.Table[[#This Row],[Data da aplicação do Protocolo de Prática:]],OfficeForms.Table[[#This Row],[Data da aplicação do Protocolo de Prática:1]],OfficeForms.Table[[#This Row],[Data da aplicação do Protocolo de Prática:2]],OfficeForms.Table[[#This Row],[Data da aplicação do Protocolo de Prática:3]],OfficeForms.Table[[#This Row],[Data da aplicação do Protocolo de Prática:4]],OfficeForms.Table[[#This Row],[Data da aplicação do Protocolo de Prática:5]],OfficeForms.Table[[#This Row],[Data da aplicação do Protocolo de Prática:6]]) -> 46076 | DW29: =SUM(OfficeForms.Table[[#This Row],[Quantos Estudantes presentes neste Experimento?]],OfficeForms.Table[[#This Row],[Quantos Estudantes presentes neste Experimento?1]],OfficeForms.Table[[#This Row],[Quantos Estudantes presentes neste Experimento?2]],OfficeForms.Table[[#This Row],[Quantos Estudantes presentes neste Experimento?3]],OfficeForms.Table[[#This Row],[Quantos Estudantes presentes neste Experimento?4]],OfficeForms.Table[[#This Row],[Quantos Estudantes presentes neste Experimento?5]],OfficeForms.Table[[#This Row],[Quantos Estudantes presentes neste Experimento?6]]) -> 1 | DX29: =_xlfn.XLOOKUP(OfficeForms.Table[[#This Row],[CHAVE LINK POLO]],'[1]Quadro Geral de Lotação'!$B:$B,'[1]Quadro Geral de Lotação'!$I:$I) -> Fabio Junior da Rosa | DY29: =OfficeForms.Table[[#This Row],[Selecione a Ordem de Disciplina]] -> Ordem 1
A30: 30 | B30: 46076.835 | C30: 46076.855 | D30: amanda.santos@tutorpratica.uniasselvi.com.br | E30: Amanda Santos | I30: Nossa Senhora da Glória/SE | L30: Ordem 1 | O30: Multidisciplinar II - Enfermagem e Instrumentação Cirúrgica | AG30: Aspiração de vias aéreas (com e sem TOT) | AJ30: 46071 | AM30: 8 | AP30: https://uniasselvi01-my.sharepoint.com/personal/elienai_cesar_uniasselvi_com_br1/Documents/Aplicativos/Microsoft%20Forms/Question%C3%A1rio%20sem%20t%C3%ADtulo/Envio%20da%20Lista%20de%20Presen%C3%A7a/17718621695208871535145816774291_Amanda%20Santos.jpg | AS30: https://uniasselvi01-my.sharepoint.com/personal/elienai_cesar_uniasselvi_com_br1/_layouts/15/Doc.aspx?sourcedoc=%7BEA62B3D0-BFE1-4B6C-AF02-637643C17D84%7D&file=Tutor%20-%20Portf%C3%B3lio%20das%20Atividades%20Pr%C3%A1ticas%20-%20C_Amanda%20Santos.docx&action=default&mobileredirect=true; https://uniasselvi01-my.sharepoint.com/personal/elienai_cesar_uniasselvi_com_br1/Documents/Aplicativos/Microsoft%20Forms/Question%C3%A1rio%20sem%20t%C3%ADtulo/Envio%20do%20Portf%C3%B3lio%20em%20PDF/IMG-20260223-WA0103_Amanda%20Santos.jpg; https://uniasselvi01-my.sharepoint.com/personal/elienai_cesar_uniasselvi_com_br1/Documents/Aplicativos/Microsoft%20Forms/Question%C3%A1rio%20sem%20t%C3%ADtulo/Envio%20do%20Portf%C3%B3lio%20em%20PDF/IMG-20260223-WA0105_Amanda%20Santos.jpg; https://uniasselvi01-my.sharepoint.com/personal/elienai_cesar_uniasselvi_com_br1/Documents/Aplicativos/Microsoft%20Forms/Question%C3%A1rio%20sem%20t%C3%ADtulo/Envio%20do%20Portf%C3%B3lio%20em%20PDF/IMG-20260223-WA0104_Amanda%20Santos.jpg | DS30: =_xlfn.XLOOKUP(OfficeForms.Table[[#This Row],[Selecione a Categoria do Laboratório desta atividade prática:]],Planilha1!A:A,Planilha1!B:B) -> EMF-ISN | DT30: =CONCATENATE(OfficeForms.Table[[#This Row],[Selecione seu Polo Laboratório de Atividades Presenciais:]],OfficeForms.Table[[#This Row],[CHAVE CONVERSÃO]]) -> Nossa Senhora da Glória/SEEMF-ISN | DU30: =CONCATENATE(OfficeForms.Table[[#This Row],[Selecione quais Protocolos de Atividades Práticas foram realizados no laboratório:]],OfficeForms.Table[[#This Row],[Selecione quais Protocolos de Atividades Práticas foram realizados no laboratório:1]],OfficeForms.Table[[#This Row],[Selecione quais Protocolos de Atividades Práticas foram realizados no laboratório:2]],OfficeForms.Table[[#This Row],[Selecione quais Protocolos de Atividades Práticas foram realizados no laboratório:3]],OfficeForms.Table[[#This Row],[Selecione quais Protocolos de Atividades Práticas foram realizados no laboratório:4]],OfficeForms.Table[[#This Row],[Selecione quais Protocolos de Atividades Práticas foram realizados no laboratório:5]],OfficeForms.Table[[#This Row],[Selecione quais Protocolos de Atividades Práticas foram realizados no laboratório:6]]) -> Aspiração de vias aéreas (com e sem TOT) | DV30: =SUM(OfficeForms.Table[[#This Row],[Data da aplicação do Protocolo de Prática:]],OfficeForms.Table[[#This Row],[Data da aplicação do Protocolo de Prática:1]],OfficeForms.Table[[#This Row],[Data da aplicação do Protocolo de Prática:2]],OfficeForms.Table[[#This Row],[Data da aplicação do Protocolo de Prática:3]],OfficeForms.Table[[#This Row],[Data da aplicação do Protocolo de Prática:4]],OfficeForms.Table[[#This Row],[Data da aplicação do Protocolo de Prática:5]],OfficeForms.Table[[#This Row],[Data da aplicação do Protocolo de Prática:6]]) -> 46071 | DW30: =SUM(OfficeForms.Table[[#This Row],[Quantos Estudantes presentes neste Experimento?]],OfficeForms.Table[[#This Row],[Quantos Estudantes presentes neste Experimento?1]],OfficeForms.Table[[#This Row],[Quantos Estudantes presentes neste Experimento?2]],OfficeForms.Table[[#This Row],[Quantos Estudantes presentes neste Experimento?3]],OfficeForms.Table[[#This Row],[Quantos Estudantes presentes neste Experimento?4]],OfficeForms.Table[[#This Row],[Quantos Estudantes presentes neste Experimento?5]],OfficeForms.Table[[#This Row],[Quantos Estudantes presentes neste Experimento?6]]) -> 8 | DX30: =_xlfn.XLOOKUP(OfficeForms.Table[[#This Row],[CHAVE LINK POLO]],'[1]Quadro Geral de Lotação'!$B:$B,'[1]Quadro Geral de Lotação'!$I:$I) -> Amanda Santos | DY30: =OfficeForms.Table[[#This Row],[Selecione a Ordem de Disciplina]] -> Ordem 1
A31: 31 | B31: 46076.859 | C31: 46076.866 | D31: vanessa.fachini@tutorpratica.uniasselvi.com.br | E31: Vanessa Fachini | I31: Porto Alegre/RS - Zona Norte | L31: Ordem 1 | O31: Multidisciplinar III - Biomedicina Estética, Fisioterapia, Terapia Ocupacional e Estética e Cosmética | AV31: Limpeza de Pele Facial e avaliação facial | AY31: 46076 | BB31: 0 | BE31: https://uniasselvi01-my.sharepoint.com/personal/elienai_cesar_uniasselvi_com_br1/Documents/Aplicativos/Microsoft%20Forms/Question%C3%A1rio%20sem%20t%C3%ADtulo/Envio%20da%20Lista%20de%20Presen%C3%A7a%201/MODELO_Lista%20de%20Presen%C3%A7a%20das%20Pr%C3%A1ticas%20preench_Vanessa%20Fachini.pdf | BH31: https://uniasselvi01-my.sharepoint.com/personal/elienai_cesar_uniasselvi_com_br1/Documents/Aplicativos/Microsoft%20Forms/Question%C3%A1rio%20sem%20t%C3%ADtulo/Envio%20do%20Portf%C3%B3lio%20em%20PDF%201/IMG_0018_Vanessa%20Fachini.jpg; https://uniasselvi01-my.sharepoint.com/personal/elienai_cesar_uniasselvi_com_br1/Documents/Aplicativos/Microsoft%20Forms/Question%C3%A1rio%20sem%20t%C3%ADtulo/Envio%20do%20Portf%C3%B3lio%20em%20PDF%201/IMG_0019_Vanessa%20Fachini.jpg; https://uniasselvi01-my.sharepoint.com/personal/elienai_cesar_uniasselvi_com_br1/Documents/Aplicativos/Microsoft%20Forms/Question%C3%A1rio%20sem%20t%C3%ADtulo/Envio%20do%20Portf%C3%B3lio%20em%20PDF%201/Tutor%20-%20Portf%C3%B3lio%20das%20Atividades%20Pr%C3%A1ticas%20pre_Vanessa%20Fachini.pdf | DS31: =_xlfn.XLOOKUP(OfficeForms.Table[[#This Row],[Selecione a Categoria do Laboratório desta atividade prática:]],Planilha1!A:A,Planilha1!B:B) -> BFI | DT31: =CONCATENATE(OfficeForms.Table[[#This Row],[Selecione seu Polo Laboratório de Atividades Presenciais:]],OfficeForms.Table[[#This Row],[CHAVE CONVERSÃO]]) -> Porto Alegre/RS - Zona NorteBFI | DU31: =CONCATENATE(OfficeForms.Table[[#This Row],[Selecione quais Protocolos de Atividades Práticas foram realizados no laboratório:]],OfficeForms.Table[[#This Row],[Selecione quais Protocolos de Atividades Práticas foram realizados no laboratório:1]],OfficeForms.Table[[#This Row],[Selecione quais Protocolos de Atividades Práticas foram realizados no laboratório:2]],OfficeForms.Table[[#This Row],[Selecione quais Protocolos de Atividades Práticas foram realizados no laboratório:3]],OfficeForms.Table[[#This Row],[Selecione quais Protocolos de Atividades Práticas foram realizados no laboratório:4]],OfficeForms.Table[[#This Row],[Selecione quais Protocolos de Atividades Práticas foram realizados no laboratório:5]],OfficeForms.Table[[#This Row],[Selecione quais Protocolos de Atividades Práticas foram realizados no laboratório:6]]) -> Limpeza de Pele Facial e avaliação facial | DV31: =SUM(OfficeForms.Table[[#This Row],[Data da aplicação do Protocolo de Prática:]],OfficeForms.Table[[#This Row],[Data da aplicação do Protocolo de Prática:1]],OfficeForms.Table[[#This Row],[Data da aplicação do Protocolo de Prática:2]],OfficeForms.Table[[#This Row],[Data da aplicação do Protocolo de Prática:3]],OfficeForms.Table[[#This Row],[Data da aplicação do Protocolo de Prática:4]],OfficeForms.Table[[#This Row],[Data da aplicação do Protocolo de Prática:5]],OfficeForms.Table[[#This Row],[Data da aplicação do Protocolo de Prática:6]]) -> 46076 | DW31: =SUM(OfficeForms.Table[[#This Row],[Quantos Estudantes presentes neste Experimento?]],OfficeForms.Table[[#This Row],[Quantos Estudantes presentes neste Experimento?1]],OfficeForms.Table[[#This Row],[Quantos Estudantes presentes neste Experimento?2]],OfficeForms.Table[[#This Row],[Quantos Estudantes presentes neste Experimento?3]],OfficeForms.Table[[#This Row],[Quantos Estudantes presentes neste Experimento?4]],OfficeForms.Table[[#This Row],[Quantos Estudantes presentes neste Experimento?5]],OfficeForms.Table[[#This Row],[Quantos Estudantes presentes neste Experimento?6]]) -> 0 | DX31: =_xlfn.XLOOKUP(OfficeForms.Table[[#This Row],[CHAVE LINK POLO]],'[1]Quadro Geral de Lotação'!$B:$B,'[1]Quadro Geral de Lotação'!$I:$I) -> Fabiano Johnson Duarte Bartmann | DY31: =OfficeForms.Table[[#This Row],[Selecione a Ordem de Disciplina]] -> Ordem 1
A32: 32 | B32: 46077.629 | C32: 46077.63 | D32: fabio.rosa@regentedepolo.uniasselvi.com.br | E32: Fabio Rosa | I32: Brusque/SC | L32: Ordem 1 | O32: Multidisciplinar II - Enfermagem e Instrumentação Cirúrgica | AG32: Administração de medicamento por Cateter Venoso Central + Monitorização hemodinâmica do paciente;Aspiração de vias aéreas (com e sem TOT) | AJ32: 46076 | AM32: 2 | AP32: https://uniasselvi01-my.sharepoint.com/personal/elienai_cesar_uniasselvi_com_br1/Documents/Aplicativos/Microsoft%20Forms/Question%C3%A1rio%20sem%20t%C3%ADtulo/Envio%20da%20Lista%20de%20Presen%C3%A7a/Fabio%2024_Fabio%20Rosa.pdf | AS32: https://uniasselvi01-my.sharepoint.com/personal/elienai_cesar_uniasselvi_com_br1/Documents/Aplicativos/Microsoft%20Forms/Question%C3%A1rio%20sem%20t%C3%ADtulo/Envio%20do%20Portf%C3%B3lio%20em%20PDF/Fabio%2024_Fabio%20Rosa.pdf | DS32: =_xlfn.XLOOKUP(OfficeForms.Table[[#This Row],[Selecione a Categoria do Laboratório desta atividade prática:]],Planilha1!A:A,Planilha1!B:B) -> EMF-ISN | DT32: =CONCATENATE(OfficeForms.Table[[#This Row],[Selecione seu Polo Laboratório de Atividades Presenciais:]],OfficeForms.Table[[#This Row],[CHAVE CONVERSÃO]]) -> Brusque/SCEMF-ISN | DU32: =CONCATENATE(OfficeForms.Table[[#This Row],[Selecione quais Protocolos de Atividades Práticas foram realizados no laboratório:]],OfficeForms.Table[[#This Row],[Selecione quais Protocolos de Atividades Práticas foram realizados no laboratório:1]],OfficeForms.Table[[#This Row],[Selecione quais Protocolos de Atividades Práticas foram realizados no laboratório:2]],OfficeForms.Table[[#This Row],[Selecione quais Protocolos de Atividades Práticas foram realizados no laboratório:3]],OfficeForms.Table[[#This Row],[Selecione quais Protocolos de Atividades Práticas foram realizados no laboratório:4]],OfficeForms.Table[[#This Row],[Selecione quais Protocolos de Atividades Práticas foram realizados no laboratório:5]],OfficeForms.Table[[#This Row],[Selecione quais Protocolos de Atividades Práticas foram realizados no laboratório:6]]) -> Administração de medicamento por Cateter Venoso Central + Monitorização hemodinâmica do paciente;Aspiração de vias aéreas (com e sem TOT) | DV32: =SUM(OfficeForms.Table[[#This Row],[Data da aplicação do Protocolo de Prática:]],OfficeForms.Table[[#This Row],[Data da aplicação do Protocolo de Prática:1]],OfficeForms.Table[[#This Row],[Data da aplicação do Protocolo de Prática:2]],OfficeForms.Table[[#This Row],[Data da aplicação do Protocolo de Prática:3]],OfficeForms.Table[[#This Row],[Data da aplicação do Protocolo de Prática:4]],OfficeForms.Table[[#This Row],[Data da aplicação do Protocolo de Prática:5]],OfficeForms.Table[[#This Row],[Data da aplicação do Protocolo de Prática:6]]) -> 46076 | DW32: =SUM(OfficeForms.Table[[#This Row],[Quantos Estudantes presentes neste Experimento?]],OfficeForms.Table[[#This Row],[Quantos Estudantes presentes neste Experimento?1]],OfficeForms.Table[[#This Row],[Quantos Estudantes presentes neste Experimento?2]],OfficeForms.Table[[#This Row],[Quantos Estudantes presentes neste Experimento?3]],OfficeForms.Table[[#This Row],[Quantos Estudantes presentes neste Experimento?4]],OfficeForms.Table[[#This Row],[Quantos Estudantes presentes neste Experimento?5]],OfficeForms.Table[[#This Row],[Quantos Estudantes presentes neste Experimento?6]]) -> 2 | DX32: =_xlfn.XLOOKUP(OfficeForms.Table[[#This Row],[CHAVE LINK POLO]],'[1]Quadro Geral de Lotação'!$B:$B,'[1]Quadro Geral de Lotação'!$I:$I) -> Fabio Junior da Rosa | DY32: =OfficeForms.Table[[#This Row],[Selecione a Ordem de Disciplina]] -> Ordem 1
A33: 33 | B33: 46078.664 | C33: 46078.68 | D33: izabela.biela@tutorpratica.uniasselvi.com.br | E33: Izabela Biela | I33: Criciúma/SC | L33: Ordem 1 | O33: Multidisciplinar IV - Nutrição | BK33: Avaliação nutricional de gestante I: Antropometria | BN33: 46077 | BQ33: 9 | BT33: https://uniasselvi01-my.sharepoint.com/personal/elienai_cesar_uniasselvi_com_br1/Documents/Aplicativos/Microsoft%20Forms/Question%C3%A1rio%20sem%20t%C3%ADtulo/Envio%20da%20Lista%20de%20Presen%C3%A7a%202/Lista%20de%20presen%C3%A7a%20-%20Avalia%C3%A7%C3%A3o%20nutricional%20de_Izabela%20Biela.jpg | BW33: https://uniasselvi01-my.sharepoint.com/personal/elienai_cesar_uniasselvi_com_br1/Documents/Aplicativos/Microsoft%20Forms/Question%C3%A1rio%20sem%20t%C3%ADtulo/Envio%20do%20Portf%C3%B3lio%20em%20PDF%202/Portf%C3%B3lio%20Avalia%C3%A7%C3%A3o%20nutricional%20de%20gestante%201_Izabela%20Biela.pdf | DS33: =_xlfn.XLOOKUP(OfficeForms.Table[[#This Row],[Selecione a Categoria do Laboratório desta atividade prática:]],Planilha1!A:A,Planilha1!B:B) -> NTR | DT33: =CONCATENATE(OfficeForms.Table[[#This Row],[Selecione seu Polo Laboratório de Atividades Presenciais:]],OfficeForms.Table[[#This Row],[CHAVE CONVERSÃO]]) -> Criciúma/SCNTR | DU33: =CONCATENATE(OfficeForms.Table[[#This Row],[Selecione quais Protocolos de Atividades Práticas foram realizados no laboratório:]],OfficeForms.Table[[#This Row],[Selecione quais Protocolos de Atividades Práticas foram realizados no laboratório:1]],OfficeForms.Table[[#This Row],[Selecione quais Protocolos de Atividades Práticas foram realizados no laboratório:2]],OfficeForms.Table[[#This Row],[Selecione quais Protocolos de Atividades Práticas foram realizados no laboratório:3]],OfficeForms.Table[[#This Row],[Selecione quais Protocolos de Atividades Práticas foram realizados no laboratório:4]],OfficeForms.Table[[#This Row],[Selecione quais Protocolos de Atividades Práticas foram realizados no laboratório:5]],OfficeForms.Table[[#This Row],[Selecione quais Protocolos de Atividades Práticas foram realizados no laboratório:6]]) -> Avaliação nutricional de gestante I: Antropometria | DV33: =SUM(OfficeForms.Table[[#This Row],[Data da aplicação do Protocolo de Prática:]],OfficeForms.Table[[#This Row],[Data da aplicação do Protocolo de Prática:1]],OfficeForms.Table[[#This Row],[Data da aplicação do Protocolo de Prática:2]],OfficeForms.Table[[#This Row],[Data da aplicação do Protocolo de Prática:3]],OfficeForms.Table[[#This Row],[Data da aplicação do Protocolo de Prática:4]],OfficeForms.Table[[#This Row],[Data da aplicação do Protocolo de Prática:5]],OfficeForms.Table[[#This Row],[Data da aplicação do Protocolo de Prática:6]]) -> 46077 | DW33: =SUM(OfficeForms.Table[[#This Row],[Quantos Estudantes presentes neste Experimento?]],OfficeForms.Table[[#This Row],[Quantos Estudantes presentes neste Experimento?1]],OfficeForms.Table[[#This Row],[Quantos Estudantes presentes neste Experimento?2]],OfficeForms.Table[[#This Row],[Quantos Estudantes presentes neste Experimento?3]],OfficeForms.Table[[#This Row],[Quantos Estudantes presentes neste Experimento?4]],OfficeForms.Table[[#This Row],[Quantos Estudantes presentes neste Experimento?5]],OfficeForms.Table[[#This Row],[Quantos Estudantes presentes neste Experimento?6]]) -> 9 | DX33: =_xlfn.XLOOKUP(OfficeForms.Table[[#This Row],[CHAVE LINK POLO]],'[1]Quadro Geral de Lotação'!$B:$B,'[1]Quadro Geral de Lotação'!$I:$I) -> Izabela Cechinel Biela | DY33: =OfficeForms.Table[[#This Row],[Selecione a Ordem de Disciplina]] -> Ordem 1
A34: 34 | B34: 46078.68 | C34: 46078.683 | D34: izabela.biela@tutorpratica.uniasselvi.com.br | E34: Izabela Biela | I34: Criciúma/SC | L34: Ordem 1 | O34: Multidisciplinar IV - Nutrição | BK34: Avaliação nutricional de gestante I: Antropometria | BN34: 46077 | BQ34: 1 | BT34: https://uniasselvi01-my.sharepoint.com/personal/elienai_cesar_uniasselvi_com_br1/Documents/Aplicativos/Microsoft%20Forms/Question%C3%A1rio%20sem%20t%C3%ADtulo/Envio%20da%20Lista%20de%20Presen%C3%A7a%202/Lista%20de%20presen%C3%A7a%20-%20Avalia%C3%A7%C3%A3o%20nutricional%20de_Izabela%20Biela%201.jpg | BW34: https://uniasselvi01-my.sharepoint.com/personal/elienai_cesar_uniasselvi_com_br1/Documents/Aplicativos/Microsoft%20Forms/Question%C3%A1rio%20sem%20t%C3%ADtulo/Envio%20do%20Portf%C3%B3lio%20em%20PDF%202/Portf%C3%B3lio%20Avalia%C3%A7%C3%A3o%20nutricional%20de%20gestante%201_Izabela%20Biela%201.pdf | DS34: =_xlfn.XLOOKUP(OfficeForms.Table[[#This Row],[Selecione a Categoria do Laboratório desta atividade prática:]],Planilha1!A:A,Planilha1!B:B) -> NTR | DT34: =CONCATENATE(OfficeForms.Table[[#This Row],[Selecione seu Polo Laboratório de Atividades Presenciais:]],OfficeForms.Table[[#This Row],[CHAVE CONVERSÃO]]) -> Criciúma/SCNTR | DU34: =CONCATENATE(OfficeForms.Table[[#This Row],[Selecione quais Protocolos de Atividades Práticas foram realizados no laboratório:]],OfficeForms.Table[[#This Row],[Selecione quais Protocolos de Atividades Práticas foram realizados no laboratório:1]],OfficeForms.Table[[#This Row],[Selecione quais Protocolos de Atividades Práticas foram realizados no laboratório:2]],OfficeForms.Table[[#This Row],[Selecione quais Protocolos de Atividades Práticas foram realizados no laboratório:3]],OfficeForms.Table[[#This Row],[Selecione quais Protocolos de Atividades Práticas foram realizados no laboratório:4]],OfficeForms.Table[[#This Row],[Selecione quais Protocolos de Atividades Práticas foram realizados no laboratório:5]],OfficeForms.Table[[#This Row],[Selecione quais Protocolos de Atividades Práticas foram realizados no laboratório:6]]) -> Avaliação nutricional de gestante I: Antropometria | DV34: =SUM(OfficeForms.Table[[#This Row],[Data da aplicação do Protocolo de Prática:]],OfficeForms.Table[[#This Row],[Data da aplicação do Protocolo de Prática:1]],OfficeForms.Table[[#This Row],[Data da aplicação do Protocolo de Prática:2]],OfficeForms.Table[[#This Row],[Data da aplicação do Protocolo de Prática:3]],OfficeForms.Table[[#This Row],[Data da aplicação do Protocolo de Prática:4]],OfficeForms.Table[[#This Row],[Data da aplicação do Protocolo de Prática:5]],OfficeForms.Table[[#This Row],[Data da aplicação do Protocolo de Prática:6]]) -> 46077 | DW34: =SUM(OfficeForms.Table[[#This Row],[Quantos Estudantes presentes neste Experimento?]],OfficeForms.Table[[#This Row],[Quantos Estudantes presentes neste Experimento?1]],OfficeForms.Table[[#This Row],[Quantos Estudantes presentes neste Experimento?2]],OfficeForms.Table[[#This Row],[Quantos Estudantes presentes neste Experimento?3]],OfficeForms.Table[[#This Row],[Quantos Estudantes presentes neste Experimento?4]],OfficeForms.Table[[#This Row],[Quantos Estudantes presentes neste Experimento?5]],OfficeForms.Table[[#This Row],[Quantos Estudantes presentes neste Experimento?6]]) -> 1 | DX34: =_xlfn.XLOOKUP(OfficeForms.Table[[#This Row],[CHAVE LINK POLO]],'[1]Quadro Geral de Lotação'!$B:$B,'[1]Quadro Geral de Lotação'!$I:$I) -> Izabela Cechinel Biela | DY34: =OfficeForms.Table[[#This Row],[Selecione a Ordem de Disciplina]] -> Ordem 1
A35: 35 | B35: 46078.813 | C35: 46078.82 | D35: daiane.ferreira@tutorpratica.uniasselvi.com.br | E35: Daiane Ferreira | I35: Feira De Santana/BA - Centro | L35: Ordem 1 | O35: Multidisciplinar IV - Nutrição | BK35: Avaliação nutricional de gestante I: Antropometria | BN35: 46072 | BQ35: 8 | BT35: https://uniasselvi01-my.sharepoint.com/personal/elienai_cesar_uniasselvi_com_br1/Documents/Aplicativos/Microsoft%20Forms/Question%C3%A1rio%20sem%20t%C3%ADtulo/Envio%20da%20Lista%20de%20Presen%C3%A7a%202/WhatsApp%20Image%202026-02-25%20at%2019.38.15_Daiane%20Ferreira.jpeg | BW35: https://uniasselvi01-my.sharepoint.com/personal/elienai_cesar_uniasselvi_com_br1/Documents/Aplicativos/Microsoft%20Forms/Question%C3%A1rio%20sem%20t%C3%ADtulo/Envio%20do%20Portf%C3%B3lio%20em%20PDF%202/Tutor%20-%20Portf%C3%B3lio%20das%20Atividades%20Pr%C3%A1ticas%2019-_Daiane%20Ferreira.pdf | DS35: =_xlfn.XLOOKUP(OfficeForms.Table[[#This Row],[Selecione a Categoria do Laboratório desta atividade prática:]],Planilha1!A:A,Planilha1!B:B) -> NTR | DT35: =CONCATENATE(OfficeForms.Table[[#This Row],[Selecione seu Polo Laboratório de Atividades Presenciais:]],OfficeForms.Table[[#This Row],[CHAVE CONVERSÃO]]) -> Feira De Santana/BA - CentroNTR | DU35: =CONCATENATE(OfficeForms.Table[[#This Row],[Selecione quais Protocolos de Atividades Práticas foram realizados no laboratório:]],OfficeForms.Table[[#This Row],[Selecione quais Protocolos de Atividades Práticas foram realizados no laboratório:1]],OfficeForms.Table[[#This Row],[Selecione quais Protocolos de Atividades Práticas foram realizados no laboratório:2]],OfficeForms.Table[[#This Row],[Selecione quais Protocolos de Atividades Práticas foram realizados no laboratório:3]],OfficeForms.Table[[#This Row],[Selecione quais Protocolos de Atividades Práticas foram realizados no laboratório:4]],OfficeForms.Table[[#This Row],[Selecione quais Protocolos de Atividades Práticas foram realizados no laboratório:5]],OfficeForms.Table[[#This Row],[Selecione quais Protocolos de Atividades Práticas foram realizados no laboratório:6]]) -> Avaliação nutricional de gestante I: Antropometria | DV35: =SUM(OfficeForms.Table[[#This Row],[Data da aplicação do Protocolo de Prática:]],OfficeForms.Table[[#This Row],[Data da aplicação do Protocolo de Prática:1]],OfficeForms.Table[[#This Row],[Data da aplicação do Protocolo de Prática:2]],OfficeForms.Table[[#This Row],[Data da aplicação do Protocolo de Prática:3]],OfficeForms.Table[[#This Row],[Data da aplicação do Protocolo de Prática:4]],OfficeForms.Table[[#This Row],[Data da aplicação do Protocolo de Prática:5]],OfficeForms.Table[[#This Row],[Data da aplicação do Protocolo de Prática:6]]) -> 46072 | DW35: =SUM(OfficeForms.Table[[#This Row],[Quantos Estudantes presentes neste Experimento?]],OfficeForms.Table[[#This Row],[Quantos Estudantes presentes neste Experimento?1]],OfficeForms.Table[[#This Row],[Quantos Estudantes presentes neste Experimento?2]],OfficeForms.Table[[#This Row],[Quantos Estudantes presentes neste Experimento?3]],OfficeForms.Table[[#This Row],[Quantos Estudantes presentes neste Experimento?4]],OfficeForms.Table[[#This Row],[Quantos Estudantes presentes neste Experimento?5]],OfficeForms.Table[[#This Row],[Quantos Estudantes presentes neste Experimento?6]]) -> 8 | DX35: =_xlfn.XLOOKUP(OfficeForms.Table[[#This Row],[CHAVE LINK POLO]],'[1]Quadro Geral de Lotação'!$B:$B,'[1]Quadro Geral de Lotação'!$I:$I) -> Daiane Dias Ferreira | DY35: =OfficeForms.Table[[#This Row],[Selecione a Ordem de Disciplina]] -> Ordem 1
A36: 36 | B36: 46078.823 | C36: 46078.84 | D36: lorena.ribeiro@tutorpratica.uniasselvi.com.br | E36: Lorena Ribeiro | I36: Ituiutaba/MG | L36: Ordem 1 | O36: Multidisciplinar II - Enfermagem e Instrumentação Cirúrgica | AG36: Administração de medicamento por Cateter Venoso Central + Monitorização hemodinâmica do paciente | AJ36: 46071 | AM36: 3 | AP36: https://uniasselvi01-my.sharepoint.com/personal/elienai_cesar_uniasselvi_com_br1/Documents/Aplicativos/Microsoft%20Forms/Question%C3%A1rio%20sem%20t%C3%ADtulo/Envio%20da%20Lista%20de%20Presen%C3%A7a/LISTA%20DE%20PRESEN%C3%87A%20UTI_Lorena%20Ribeiro.pdf | AS36: https://uniasselvi01-my.sharepoint.com/personal/elienai_cesar_uniasselvi_com_br1/Documents/Aplicativos/Microsoft%20Forms/Question%C3%A1rio%20sem%20t%C3%ADtulo/Envio%20do%20Portf%C3%B3lio%20em%20PDF/Tutor%20-%20Portf%C3%B3lio%20das%20Atividades%20Pr%C3%A1ticas%20UTI_Lorena%20Ribeiro.pdf | DS36: =_xlfn.XLOOKUP(OfficeForms.Table[[#This Row],[Selecione a Categoria do Laboratório desta atividade prática:]],Planilha1!A:A,Planilha1!B:B) -> EMF-ISN | DT36: =CONCATENATE(OfficeForms.Table[[#This Row],[Selecione seu Polo Laboratório de Atividades Presenciais:]],OfficeForms.Table[[#This Row],[CHAVE CONVERSÃO]]) -> Ituiutaba/MGEMF-ISN | DU36: =CONCATENATE(OfficeForms.Table[[#This Row],[Selecione quais Protocolos de Atividades Práticas foram realizados no laboratório:]],OfficeForms.Table[[#This Row],[Selecione quais Protocolos de Atividades Práticas foram realizados no laboratório:1]],OfficeForms.Table[[#This Row],[Selecione quais Protocolos de Atividades Práticas foram realizados no laboratório:2]],OfficeForms.Table[[#This Row],[Selecione quais Protocolos de Atividades Práticas foram realizados no laboratório:3]],OfficeForms.Table[[#This Row],[Selecione quais Protocolos de Atividades Práticas foram realizados no laboratório:4]],OfficeForms.Table[[#This Row],[Selecione quais Protocolos de Atividades Práticas foram realizados no laboratório:5]],OfficeForms.Table[[#This Row],[Selecione quais Protocolos de Atividades Práticas foram realizados no laboratório:6]]) -> Administração de medicamento por Cateter Venoso Central + Monitorização hemodinâmica do paciente | DV36: =SUM(OfficeForms.Table[[#This Row],[Data da aplicação do Protocolo de Prática:]],OfficeForms.Table[[#This Row],[Data da aplicação do Protocolo de Prática:1]],OfficeForms.Table[[#This Row],[Data da aplicação do Protocolo de Prática:2]],OfficeForms.Table[[#This Row],[Data da aplicação do Protocolo de Prática:3]],OfficeForms.Table[[#This Row],[Data da aplicação do Protocolo de Prática:4]],OfficeForms.Table[[#This Row],[Data da aplicação do Protocolo de Prática:5]],OfficeForms.Table[[#This Row],[Data da aplicação do Protocolo de Prática:6]]) -> 46071 | DW36: =SUM(OfficeForms.Table[[#This Row],[Quantos Estudantes presentes neste Experimento?]],OfficeForms.Table[[#This Row],[Quantos Estudantes presentes neste Experimento?1]],OfficeForms.Table[[#This Row],[Quantos Estudantes presentes neste Experimento?2]],OfficeForms.Table[[#This Row],[Quantos Estudantes presentes neste Experimento?3]],OfficeForms.Table[[#This Row],[Quantos Estudantes presentes neste Experimento?4]],OfficeForms.Table[[#This Row],[Quantos Estudantes presentes neste Experimento?5]],OfficeForms.Table[[#This Row],[Quantos Estudantes presentes neste Experimento?6]]) -> 3 | DX36: =_xlfn.XLOOKUP(OfficeForms.Table[[#This Row],[CHAVE LINK POLO]],'[1]Quadro Geral de Lotação'!$B:$B,'[1]Quadro Geral de Lotação'!$I:$I) -> Lorena Tomaz Ribeiro | DY36: =OfficeForms.Table[[#This Row],[Selecione a Ordem de Disciplina]] -> Ordem 1
A37: 37 | B37: 46078.838 | C37: 46078.874 | D37: bruna.hack@tutorpratica.uniasselvi.com.br | E37: Bruna Hack | I37: Indaial/SC - Vitória Regia ( Centro Universitário Leonardo da Vinci) | L37: Ordem 1 | O37: Multidisciplinar IV - Nutrição | BK37: Avaliação nutricional de gestante II: Anamnese e diagnóstico | BN37: 46077 | BQ37: 10 | BT37: https://uniasselvi01-my.sharepoint.com/personal/elienai_cesar_uniasselvi_com_br1/Documents/Aplicativos/Microsoft%20Forms/Question%C3%A1rio%20sem%20t%C3%ADtulo/Envio%20da%20Lista%20de%20Presen%C3%A7a%202/WhatsApp%20Image%202026-02-25%20at%2020.55.36_Bruna%20Hack.jpeg | BW37: https://uniasselvi01-my.sharepoint.com/personal/elienai_cesar_uniasselvi_com_br1/Documents/Aplicativos/Microsoft%20Forms/Question%C3%A1rio%20sem%20t%C3%ADtulo/Envio%20do%20Portf%C3%B3lio%20em%20PDF%202/Tutor%20-%20Portf%C3%B3lio%20das%20Atividades%20Pr%C3%A1ticas%20Ava_Bruna%20Hack.pdf | DS37: =_xlfn.XLOOKUP(OfficeForms.Table[[#This Row],[Selecione a Categoria do Laboratório desta atividade prática:]],Planilha1!A:A,Planilha1!B:B) -> NTR | DT37: =CONCATENATE(OfficeForms.Table[[#This Row],[Selecione seu Polo Laboratório de Atividades Presenciais:]],OfficeForms.Table[[#This Row],[CHAVE CONVERSÃO]]) -> Indaial/SC - Vitória Regia ( Centro Universitário Leonardo da Vinci)NTR | DU37: =CONCATENATE(OfficeForms.Table[[#This Row],[Selecione quais Protocolos de Atividades Práticas foram realizados no laboratório:]],OfficeForms.Table[[#This Row],[Selecione quais Protocolos de Atividades Práticas foram realizados no laboratório:1]],OfficeForms.Table[[#This Row],[Selecione quais Protocolos de Atividades Práticas foram realizados no laboratório:2]],OfficeForms.Table[[#This Row],[Selecione quais Protocolos de Atividades Práticas foram realizados no laboratório:3]],OfficeForms.Table[[#This Row],[Selecione quais Protocolos de Atividades Práticas foram realizados no laboratório:4]],OfficeForms.Table[[#This Row],[Selecione quais Protocolos de Atividades Práticas foram realizados no laboratório:5]],OfficeForms.Table[[#This Row],[Selecione quais Protocolos de Atividades Práticas foram realizados no laboratório:6]]) -> Avaliação nutricional de gestante II: Anamnese e diagnóstico | DV37: =SUM(OfficeForms.Table[[#This Row],[Data da aplicação do Protocolo de Prática:]],OfficeForms.Table[[#This Row],[Data da aplicação do Protocolo de Prática:1]],OfficeForms.Table[[#This Row],[Data da aplicação do Protocolo de Prática:2]],OfficeForms.Table[[#This Row],[Data da aplicação do Protocolo de Prática:3]],OfficeForms.Table[[#This Row],[Data da aplicação do Protocolo de Prática:4]],OfficeForms.Table[[#This Row],[Data da aplicação do Protocolo de Prática:5]],OfficeForms.Table[[#This Row],[Data da aplicação do Protocolo de Prática:6]]) -> 46077 | DW37: =SUM(OfficeForms.Table[[#This Row],[Quantos Estudantes presentes neste Experimento?]],OfficeForms.Table[[#This Row],[Quantos Estudantes presentes neste Experimento?1]],OfficeForms.Table[[#This Row],[Quantos Estudantes presentes neste Experimento?2]],OfficeForms.Table[[#This Row],[Quantos Estudantes presentes neste Experimento?3]],OfficeForms.Table[[#This Row],[Quantos Estudantes presentes neste Experimento?4]],OfficeForms.Table[[#This Row],[Quantos Estudantes presentes neste Experimento?5]],OfficeForms.Table[[#This Row],[Quantos Estudantes presentes neste Experimento?6]]) -> 10 | DX37: =_xlfn.XLOOKUP(OfficeForms.Table[[#This Row],[CHAVE LINK POLO]],'[1]Quadro Geral de Lotação'!$B:$B,'[1]Quadro Geral de Lotação'!$I:$I) -> - | DY37: =OfficeForms.Table[[#This Row],[Selecione a Ordem de Disciplina]] -> Ordem 1
A38: 38 | B38: 46078.832 | C38: 46078.882 | D38: alina.silva@regentedepolo.uniasselvi.com.br | E38: Alina Silva | I38: Ananindeua/PA - Cidade Nova | L38: Ordem 1 | O38: Multidisciplinar II - Enfermagem e Instrumentação Cirúrgica | AG38: Administração de medicamento por Cateter Venoso Central + Monitorização hemodinâmica do paciente | AJ38: 46078 | AM38: 6 | AP38: https://uniasselvi01-my.sharepoint.com/personal/elienai_cesar_uniasselvi_com_br1/Documents/Aplicativos/Microsoft%20Forms/Question%C3%A1rio%20sem%20t%C3%ADtulo/Envio%20da%20Lista%20de%20Presen%C3%A7a/WhatsApp%20Image%202026-02-25%20at%2021.02.24_Alina%20Silva.jpeg | AS38: https://uniasselvi01-my.sharepoint.com/personal/elienai_cesar_uniasselvi_com_br1/Documents/Aplicativos/Microsoft%20Forms/Question%C3%A1rio%20sem%20t%C3%ADtulo/Envio%20do%20Portf%C3%B3lio%20em%20PDF/Monitoriza%C3%A7%C3%A3o%20hemodin%C3%A2mica%20do%20paciente%20+%20Admi_Alina%20Silva.pdf | DS38: =_xlfn.XLOOKUP(OfficeForms.Table[[#This Row],[Selecione a Categoria do Laboratório desta atividade prática:]],Planilha1!A:A,Planilha1!B:B) -> EMF-ISN | DT38: =CONCATENATE(OfficeForms.Table[[#This Row],[Selecione seu Polo Laboratório de Atividades Presenciais:]],OfficeForms.Table[[#This Row],[CHAVE CONVERSÃO]]) -> Ananindeua/PA - Cidade NovaEMF-ISN | DU38: =CONCATENATE(OfficeForms.Table[[#This Row],[Selecione quais Protocolos de Atividades Práticas foram realizados no laboratório:]],OfficeForms.Table[[#This Row],[Selecione quais Protocolos de Atividades Práticas foram realizados no laboratório:1]],OfficeForms.Table[[#This Row],[Selecione quais Protocolos de Atividades Práticas foram realizados no laboratório:2]],OfficeForms.Table[[#This Row],[Selecione quais Protocolos de Atividades Práticas foram realizados no laboratório:3]],OfficeForms.Table[[#This Row],[Selecione quais Protocolos de Atividades Práticas foram realizados no laboratório:4]],OfficeForms.Table[[#This Row],[Selecione quais Protocolos de Atividades Práticas foram realizados no laboratório:5]],OfficeForms.Table[[#This Row],[Selecione quais Protocolos de Atividades Práticas foram realizados no laboratório:6]]) -> Administração de medicamento por Cateter Venoso Central + Monitorização hemodinâmica do paciente | DV38: =SUM(OfficeForms.Table[[#This Row],[Data da aplicação do Protocolo de Prática:]],OfficeForms.Table[[#This Row],[Data da aplicação do Protocolo de Prática:1]],OfficeForms.Table[[#This Row],[Data da aplicação do Protocolo de Prática:2]],OfficeForms.Table[[#This Row],[Data da aplicação do Protocolo de Prática:3]],OfficeForms.Table[[#This Row],[Data da aplicação do Protocolo de Prática:4]],OfficeForms.Table[[#This Row],[Data da aplicação do Protocolo de Prática:5]],OfficeForms.Table[[#This Row],[Data da aplicação do Protocolo de Prática:6]]) -> 46078 | DW38: =SUM(OfficeForms.Table[[#This Row],[Quantos Estudantes presentes neste Experimento?]],OfficeForms.Table[[#This Row],[Quantos Estudantes presentes neste Experimento?1]],OfficeForms.Table[[#This Row],[Quantos Estudantes presentes neste Experimento?2]],OfficeForms.Table[[#This Row],[Quantos Estudantes presentes neste Experimento?3]],OfficeForms.Table[[#This Row],[Quantos Estudantes presentes neste Experimento?4]],OfficeForms.Table[[#This Row],[Quantos Estudantes presentes neste Experimento?5]],OfficeForms.Table[[#This Row],[Quantos Estudantes presentes neste Experimento?6]]) -> 6 | DX38: =_xlfn.XLOOKUP(OfficeForms.Table[[#This Row],[CHAVE LINK POLO]],'[1]Quadro Geral de Lotação'!$B:$B,'[1]Quadro Geral de Lotação'!$I:$I) -> Alina Dariane Freitas Da Silva | DY38: =OfficeForms.Table[[#This Row],[Selecione a Ordem de Disciplina]] -> Ordem 1
A39: 39 | B39: 46078.883 | C39: 46078.888 | D39: alina.silva@regentedepolo.uniasselvi.com.br | E39: Alina Silva | I39: Ananindeua/PA - Cidade Nova | L39: Ordem 1 | O39: Multidisciplinar II - Enfermagem e Instrumentação Cirúrgica | AG39: Aspiração de vias aéreas (com e sem TOT) | AJ39: 46078 | AM39: 9 | AP39: https://uniasselvi01-my.sharepoint.com/personal/elienai_cesar_uniasselvi_com_br1/Documents/Aplicativos/Microsoft%20Forms/Question%C3%A1rio%20sem%20t%C3%ADtulo/Envio%20da%20Lista%20de%20Presen%C3%A7a/WhatsApp%20Image%202026-02-25%20at%2021.17.32_Alina%20Silva.jpeg | AS39: https://uniasselvi01-my.sharepoint.com/personal/elienai_cesar_uniasselvi_com_br1/Documents/Aplicativos/Microsoft%20Forms/Question%C3%A1rio%20sem%20t%C3%ADtulo/Envio%20do%20Portf%C3%B3lio%20em%20PDF/aspira%C3%A7%C3%A3o%20de%20vias%20a%C3%A9reas%20com%20e%20sem%20TOT%20relato_Alina%20Silva.pdf | DS39: =_xlfn.XLOOKUP(OfficeForms.Table[[#This Row],[Selecione a Categoria do Laboratório desta atividade prática:]],Planilha1!A:A,Planilha1!B:B) -> EMF-ISN | DT39: =CONCATENATE(OfficeForms.Table[[#This Row],[Selecione seu Polo Laboratório de Atividades Presenciais:]],OfficeForms.Table[[#This Row],[CHAVE CONVERSÃO]]) -> Ananindeua/PA - Cidade NovaEMF-ISN | DU39: =CONCATENATE(OfficeForms.Table[[#This Row],[Selecione quais Protocolos de Atividades Práticas foram realizados no laboratório:]],OfficeForms.Table[[#This Row],[Selecione quais Protocolos de Atividades Práticas foram realizados no laboratório:1]],OfficeForms.Table[[#This Row],[Selecione quais Protocolos de Atividades Práticas foram realizados no laboratório:2]],OfficeForms.Table[[#This Row],[Selecione quais Protocolos de Atividades Práticas foram realizados no laboratório:3]],OfficeForms.Table[[#This Row],[Selecione quais Protocolos de Atividades Práticas foram realizados no laboratório:4]],OfficeForms.Table[[#This Row],[Selecione quais Protocolos de Atividades Práticas foram realizados no laboratório:5]],OfficeForms.Table[[#This Row],[Selecione quais Protocolos de Atividades Práticas foram realizados no laboratório:6]]) -> Aspiração de vias aéreas (com e sem TOT) | DV39: =SUM(OfficeForms.Table[[#This Row],[Data da aplicação do Protocolo de Prática:]],OfficeForms.Table[[#This Row],[Data da aplicação do Protocolo de Prática:1]],OfficeForms.Table[[#This Row],[Data da aplicação do Protocolo de Prática:2]],OfficeForms.Table[[#This Row],[Data da aplicação do Protocolo de Prática:3]],OfficeForms.Table[[#This Row],[Data da aplicação do Protocolo de Prática:4]],OfficeForms.Table[[#This Row],[Data da aplicação do Protocolo de Prática:5]],OfficeForms.Table[[#This Row],[Data da aplicação do Protocolo de Prática:6]]) -> 46078 | DW39: =SUM(OfficeForms.Table[[#This Row],[Quantos Estudantes presentes neste Experimento?]],OfficeForms.Table[[#This Row],[Quantos Estudantes presentes neste Experimento?1]],OfficeForms.Table[[#This Row],[Quantos Estudantes presentes neste Experimento?2]],OfficeForms.Table[[#This Row],[Quantos Estudantes presentes neste Experimento?3]],OfficeForms.Table[[#This Row],[Quantos Estudantes presentes neste Experimento?4]],OfficeForms.Table[[#This Row],[Quantos Estudantes presentes neste Experimento?5]],OfficeForms.Table[[#This Row],[Quantos Estudantes presentes neste Experimento?6]]) -> 9 | DX39: =_xlfn.XLOOKUP(OfficeForms.Table[[#This Row],[CHAVE LINK POLO]],'[1]Quadro Geral de Lotação'!$B:$B,'[1]Quadro Geral de Lotação'!$I:$I) -> Alina Dariane Freitas Da Silva | DY39: =OfficeForms.Table[[#This Row],[Selecione a Ordem de Disciplina]] -> Ordem 1
A40: 40 | B40: 46078.893 | C40: 46078.903 | D40: lorrine.silva@tutorpratica.uniasselvi.com.br | E40: Lorrine Silva | I40: Salvador/BA - Caminho das Árvores | L40: Ordem 1 | O40: Multidisciplinar III - Biomedicina Estética, Fisioterapia, Terapia Ocupacional e Estética e Cosmética | AV40: Limpeza de Pele Facial e avaliação facial | AY40: 46078 | BB40: 4 | BE40: https://uniasselvi01-my.sharepoint.com/personal/elienai_cesar_uniasselvi_com_br1/Documents/Aplicativos/Microsoft%20Forms/Question%C3%A1rio%20sem%20t%C3%ADtulo/Envio%20da%20Lista%20de%20Presen%C3%A7a%201/IMG_2981_Lorrine%20Silva.jpeg | BH40: https://uniasselvi01-my.sharepoint.com/personal/elienai_cesar_uniasselvi_com_br1/Documents/Aplicativos/Microsoft%20Forms/Question%C3%A1rio%20sem%20t%C3%ADtulo/Envio%20do%20Portf%C3%B3lio%20em%20PDF%201/Portfo%CC%81lio%20das%20Atividades%20Pra%CC%81ticas.%20Avaliac%CC%A7_Lorrine%20Silva.pdf | DS40: =_xlfn.XLOOKUP(OfficeForms.Table[[#This Row],[Selecione a Categoria do Laboratório desta atividade prática:]],Planilha1!A:A,Planilha1!B:B) -> BFI | DT40: =CONCATENATE(OfficeForms.Table[[#This Row],[Selecione seu Polo Laboratório de Atividades Presenciais:]],OfficeForms.Table[[#This Row],[CHAVE CONVERSÃO]]) -> Salvador/BA - Caminho das ÁrvoresBFI | DU40: =CONCATENATE(OfficeForms.Table[[#This Row],[Selecione quais Protocolos de Atividades Práticas foram realizados no laboratório:]],OfficeForms.Table[[#This Row],[Selecione quais Protocolos de Atividades Práticas foram realizados no laboratório:1]],OfficeForms.Table[[#This Row],[Selecione quais Protocolos de Atividades Práticas foram realizados no laboratório:2]],OfficeForms.Table[[#This Row],[Selecione quais Protocolos de Atividades Práticas foram realizados no laboratório:3]],OfficeForms.Table[[#This Row],[Selecione quais Protocolos de Atividades Práticas foram realizados no laboratório:4]],OfficeForms.Table[[#This Row],[Selecione quais Protocolos de Atividades Práticas foram realizados no laboratório:5]],OfficeForms.Table[[#This Row],[Selecione quais Protocolos de Atividades Práticas foram realizados no laboratório:6]]) -> Limpeza de Pele Facial e avaliação facial | DV40: =SUM(OfficeForms.Table[[#This Row],[Data da aplicação do Protocolo de Prática:]],OfficeForms.Table[[#This Row],[Data da aplicação do Protocolo de Prática:1]],OfficeForms.Table[[#This Row],[Data da aplicação do Protocolo de Prática:2]],OfficeForms.Table[[#This Row],[Data da aplicação do Protocolo de Prática:3]],OfficeForms.Table[[#This Row],[Data da aplicação do Protocolo de Prática:4]],OfficeForms.Table[[#This Row],[Data da aplicação do Protocolo de Prática:5]],OfficeForms.Table[[#This Row],[Data da aplicação do Protocolo de Prática:6]]) -> 46078 | DW40: =SUM(OfficeForms.Table[[#This Row],[Quantos Estudantes presentes neste Experimento?]],OfficeForms.Table[[#This Row],[Quantos Estudantes presentes neste Experimento?1]],OfficeForms.Table[[#This Row],[Quantos Estudantes presentes neste Experimento?2]],OfficeForms.Table[[#This Row],[Quantos Estudantes presentes neste Experimento?3]],OfficeForms.Table[[#This Row],[Quantos Estudantes presentes neste Experimento?4]],OfficeForms.Table[[#This Row],[Quantos Estudantes presentes neste Experimento?5]],OfficeForms.Table[[#This Row],[Quantos Estudantes presentes neste Experimento?6]]) -> 4 | DX40: =_xlfn.XLOOKUP(OfficeForms.Table[[#This Row],[CHAVE LINK POLO]],'[1]Quadro Geral de Lotação'!$B:$B,'[1]Quadro Geral de Lotação'!$I:$I) -> Helenice Sacramento Souza Melo | DY40: =OfficeForms.Table[[#This Row],[Selecione a Ordem de Disciplina]] -> Ordem 1
A41: 41 | B41: 46078.947 | C41: 46078.952 | D41: lorena.ribeiro@tutorpratica.uniasselvi.com.br | E41: Lorena Ribeiro | I41: Ituiutaba/MG | L41: Ordem 1 | O41: Multidisciplinar II - Enfermagem e Instrumentação Cirúrgica | AG41: Aspiração de vias aéreas (com e sem TOT) | AJ41: 46072 | AM41: 3 | AP41: https://uniasselvi01-my.sharepoint.com/personal/elienai_cesar_uniasselvi_com_br1/Documents/Aplicativos/Microsoft%20Forms/Question%C3%A1rio%20sem%20t%C3%ADtulo/Envio%20da%20Lista%20de%20Presen%C3%A7a/LISTA%20DE%20PRESEN%C3%87A%20UTI%20ASPIRA%C3%87%C3%83O_Lorena%20Ribeiro.pdf | AS41: https://uniasselvi01-my.sharepoint.com/personal/elienai_cesar_uniasselvi_com_br1/Documents/Aplicativos/Microsoft%20Forms/Question%C3%A1rio%20sem%20t%C3%ADtulo/Envio%20do%20Portf%C3%B3lio%20em%20PDF/Tutor%20-%20Portf%C3%B3lio%20das%20Atividades%20Pr%C3%A1ticas%20UTI_Lorena%20Ribeiro%201.pdf | DS41: =_xlfn.XLOOKUP(OfficeForms.Table[[#This Row],[Selecione a Categoria do Laboratório desta atividade prática:]],Planilha1!A:A,Planilha1!B:B) -> EMF-ISN | DT41: =CONCATENATE(OfficeForms.Table[[#This Row],[Selecione seu Polo Laboratório de Atividades Presenciais:]],OfficeForms.Table[[#This Row],[CHAVE CONVERSÃO]]) -> Ituiutaba/MGEMF-ISN | DU41: =CONCATENATE(OfficeForms.Table[[#This Row],[Selecione quais Protocolos de Atividades Práticas foram realizados no laboratório:]],OfficeForms.Table[[#This Row],[Selecione quais Protocolos de Atividades Práticas foram realizados no laboratório:1]],OfficeForms.Table[[#This Row],[Selecione quais Protocolos de Atividades Práticas foram realizados no laboratório:2]],OfficeForms.Table[[#This Row],[Selecione quais Protocolos de Atividades Práticas foram realizados no laboratório:3]],OfficeForms.Table[[#This Row],[Selecione quais Protocolos de Atividades Práticas foram realizados no laboratório:4]],OfficeForms.Table[[#This Row],[Selecione quais Protocolos de Atividades Práticas foram realizados no laboratório:5]],OfficeForms.Table[[#This Row],[Selecione quais Protocolos de Atividades Práticas foram realizados no laboratório:6]]) -> Aspiração de vias aéreas (com e sem TOT) | DV41: =SUM(OfficeForms.Table[[#This Row],[Data da aplicação do Protocolo de Prática:]],OfficeForms.Table[[#This Row],[Data da aplicação do Protocolo de Prática:1]],OfficeForms.Table[[#This Row],[Data da aplicação do Protocolo de Prática:2]],OfficeForms.Table[[#This Row],[Data da aplicação do Protocolo de Prática:3]],OfficeForms.Table[[#This Row],[Data da aplicação do Protocolo de Prática:4]],OfficeForms.Table[[#This Row],[Data da aplicação do Protocolo de Prática:5]],OfficeForms.Table[[#This Row],[Data da aplicação do Protocolo de Prática:6]]) -> 46072 | DW41: =SUM(OfficeForms.Table[[#This Row],[Quantos Estudantes presentes neste Experimento?]],OfficeForms.Table[[#This Row],[Quantos Estudantes presentes neste Experimento?1]],OfficeForms.Table[[#This Row],[Quantos Estudantes presentes neste Experimento?2]],OfficeForms.Table[[#This Row],[Quantos Estudantes presentes neste Experimento?3]],OfficeForms.Table[[#This Row],[Quantos Estudantes presentes neste Experimento?4]],OfficeForms.Table[[#This Row],[Quantos Estudantes presentes neste Experimento?5]],OfficeForms.Table[[#This Row],[Quantos Estudantes presentes neste Experimento?6]]) -> 3 | DX41: =_xlfn.XLOOKUP(OfficeForms.Table[[#This Row],[CHAVE LINK POLO]],'[1]Quadro Geral de Lotação'!$B:$B,'[1]Quadro Geral de Lotação'!$I:$I) -> Lorena Tomaz Ribeiro | DY41: =OfficeForms.Table[[#This Row],[Selecione a Ordem de Disciplina]] -> Ordem 1
A42: 42 | B42: 46078.966 | C42: 46078.97 | D42: ana.souza@regentedepolo.uniasselvi.com.br | E42: Ana Souza | I42: Alenquer/PA | L42: Ordem 1 | O42: Multidisciplinar II - Enfermagem e Instrumentação Cirúrgica | AG42: Curativo | AJ42: 46078 | AM42: 8 | AP42: https://uniasselvi01-my.sharepoint.com/personal/elienai_cesar_uniasselvi_com_br1/Documents/Aplicativos/Microsoft%20Forms/Question%C3%A1rio%20sem%20t%C3%ADtulo/Envio%20da%20Lista%20de%20Presen%C3%A7a/FREQUENCIA%20CURATIVO_Ana%20Souza.jpeg | AS42: https://uniasselvi01-my.sharepoint.com/personal/elienai_cesar_uniasselvi_com_br1/Documents/Aplicativos/Microsoft%20Forms/Question%C3%A1rio%20sem%20t%C3%ADtulo/Envio%20do%20Portf%C3%B3lio%20em%20PDF/Tutor%20-%20Portf%C3%B3lio%20das%20Atividades%20Pr%C3%A1ticas%20-%20C_Ana%20Souza.pdf | DS42: =_xlfn.XLOOKUP(OfficeForms.Table[[#This Row],[Selecione a Categoria do Laboratório desta atividade prática:]],Planilha1!A:A,Planilha1!B:B) -> EMF-ISN | DT42: =CONCATENATE(OfficeForms.Table[[#This Row],[Selecione seu Polo Laboratório de Atividades Presenciais:]],OfficeForms.Table[[#This Row],[CHAVE CONVERSÃO]]) -> Alenquer/PAEMF-ISN | DU42: =CONCATENATE(OfficeForms.Table[[#This Row],[Selecione quais Protocolos de Atividades Práticas foram realizados no laboratório:]],OfficeForms.Table[[#This Row],[Selecione quais Protocolos de Atividades Práticas foram realizados no laboratório:1]],OfficeForms.Table[[#This Row],[Selecione quais Protocolos de Atividades Práticas foram realizados no laboratório:2]],OfficeForms.Table[[#This Row],[Selecione quais Protocolos de Atividades Práticas foram realizados no laboratório:3]],OfficeForms.Table[[#This Row],[Selecione quais Protocolos de Atividades Práticas foram realizados no laboratório:4]],OfficeForms.Table[[#This Row],[Selecione quais Protocolos de Atividades Práticas foram realizados no laboratório:5]],OfficeForms.Table[[#This Row],[Selecione quais Protocolos de Atividades Práticas foram realizados no laboratório:6]]) -> Curativo | DV42: =SUM(OfficeForms.Table[[#This Row],[Data da aplicação do Protocolo de Prática:]],OfficeForms.Table[[#This Row],[Data da aplicação do Protocolo de Prática:1]],OfficeForms.Table[[#This Row],[Data da aplicação do Protocolo de Prática:2]],OfficeForms.Table[[#This Row],[Data da aplicação do Protocolo de Prática:3]],OfficeForms.Table[[#This Row],[Data da aplicação do Protocolo de Prática:4]],OfficeForms.Table[[#This Row],[Data da aplicação do Protocolo de Prática:5]],OfficeForms.Table[[#This Row],[Data da aplicação do Protocolo de Prática:6]]) -> 46078 | DW42: =SUM(OfficeForms.Table[[#This Row],[Quantos Estudantes presentes neste Experimento?]],OfficeForms.Table[[#This Row],[Quantos Estudantes presentes neste Experimento?1]],OfficeForms.Table[[#This Row],[Quantos Estudantes presentes neste Experimento?2]],OfficeForms.Table[[#This Row],[Quantos Estudantes presentes neste Experimento?3]],OfficeForms.Table[[#This Row],[Quantos Estudantes presentes neste Experimento?4]],OfficeForms.Table[[#This Row],[Quantos Estudantes presentes neste Experimento?5]],OfficeForms.Table[[#This Row],[Quantos Estudantes presentes neste Experimento?6]]) -> 8 | DX42: =_xlfn.XLOOKUP(OfficeForms.Table[[#This Row],[CHAVE LINK POLO]],'[1]Quadro Geral de Lotação'!$B:$B,'[1]Quadro Geral de Lotação'!$I:$I) -> Ana Flavia Chaves De Souza | DY42: =OfficeForms.Table[[#This Row],[Selecione a Ordem de Disciplina]] -> Ordem 1
A43: 43 | B43: 46079.339 | C43: 46079.341 | D43: eliana.goncalves@regentedepolo.uniasselvi.com.br | E43: Eliana Goncalves | I43: Praia Grande/SP | L43: Ordem 1 | O43: Multidisciplinar II - Enfermagem e Instrumentação Cirúrgica | AG43: Avaliação corporal + Ausculta pulmonar + Ausculta cardiaca + Verificação de sinais vitais;Curativo | AJ43: 46078 | AM43: 0 | AP43: https://uniasselvi01-my.sharepoint.com/personal/elienai_cesar_uniasselvi_com_br1/Documents/Aplicativos/Microsoft%20Forms/Question%C3%A1rio%20sem%20t%C3%ADtulo/Envio%20da%20Lista%20de%20Presen%C3%A7a/Lista%20presen%C3%A7a%20Uniasselvi%2025.02_Eliana%20Goncalves.pdf | AS43: https://uniasselvi01-my.sharepoint.com/personal/elienai_cesar_uniasselvi_com_br1/Documents/Aplicativos/Microsoft%20Forms/Question%C3%A1rio%20sem%20t%C3%ADtulo/Envio%20do%20Portf%C3%B3lio%20em%20PDF/25.02.26%20Rel.%20Fund.%20Curativo_Eliana%20Goncalves.pdf; https://uniasselvi01-my.sharepoint.com/personal/elienai_cesar_uniasselvi_com_br1/Documents/Aplicativos/Microsoft%20Forms/Question%C3%A1rio%20sem%20t%C3%ADtulo/Envio%20do%20Portf%C3%B3lio%20em%20PDF/25.02.26%20Rela.%20Fund.%20Av%20corporal%20auscult%20card_Eliana%20Goncalves.pdf | DS43: =_xlfn.XLOOKUP(OfficeForms.Table[[#This Row],[Selecione a Categoria do Laboratório desta atividade prática:]],Planilha1!A:A,Planilha1!B:B) -> EMF-ISN | DT43: =CONCATENATE(OfficeForms.Table[[#This Row],[Selecione seu Polo Laboratório de Atividades Presenciais:]],OfficeForms.Table[[#This Row],[CHAVE CONVERSÃO]]) -> Praia Grande/SPEMF-ISN | DU43: =CONCATENATE(OfficeForms.Table[[#This Row],[Selecione quais Protocolos de Atividades Práticas foram realizados no laboratório:]],OfficeForms.Table[[#This Row],[Selecione quais Protocolos de Atividades Práticas foram realizados no laboratório:1]],OfficeForms.Table[[#This Row],[Selecione quais Protocolos de Atividades Práticas foram realizados no laboratório:2]],OfficeForms.Table[[#This Row],[Selecione quais Protocolos de Atividades Práticas foram realizados no laboratório:3]],OfficeForms.Table[[#This Row],[Selecione quais Protocolos de Atividades Práticas foram realizados no laboratório:4]],OfficeForms.Table[[#This Row],[Selecione quais Protocolos de Atividades Práticas foram realizados no laboratório:5]],OfficeForms.Table[[#This Row],[Selecione quais Protocolos de Atividades Práticas foram realizados no laboratório:6]]) -> Avaliação corporal + Ausculta pulmonar + Ausculta cardiaca + Verificação de sinais vitais;Curativo | DV43: =SUM(OfficeForms.Table[[#This Row],[Data da aplicação do Protocolo de Prática:]],OfficeForms.Table[[#This Row],[Data da aplicação do Protocolo de Prática:1]],OfficeForms.Table[[#This Row],[Data da aplicação do Protocolo de Prática:2]],OfficeForms.Table[[#This Row],[Data da aplicação do Protocolo de Prática:3]],OfficeForms.Table[[#This Row],[Data da aplicação do Protocolo de Prática:4]],OfficeForms.Table[[#This Row],[Data da aplicação do Protocolo de Prática:5]],OfficeForms.Table[[#This Row],[Data da aplicação do Protocolo de Prática:6]]) -> 46078 | DW43: =SUM(OfficeForms.Table[[#This Row],[Quantos Estudantes presentes neste Experimento?]],OfficeForms.Table[[#This Row],[Quantos Estudantes presentes neste Experimento?1]],OfficeForms.Table[[#This Row],[Quantos Estudantes presentes neste Experimento?2]],OfficeForms.Table[[#This Row],[Quantos Estudantes presentes neste Experimento?3]],OfficeForms.Table[[#This Row],[Quantos Estudantes presentes neste Experimento?4]],OfficeForms.Table[[#This Row],[Quantos Estudantes presentes neste Experimento?5]],OfficeForms.Table[[#This Row],[Quantos Estudantes presentes neste Experimento?6]]) -> 0 | DX43: =_xlfn.XLOOKUP(OfficeForms.Table[[#This Row],[CHAVE LINK POLO]],'[1]Quadro Geral de Lotação'!$B:$B,'[1]Quadro Geral de Lotação'!$I:$I) -> Eliana Lazari Vieira Goncalves | DY43: =OfficeForms.Table[[#This Row],[Selecione a Ordem de Disciplina]] -> Ordem 1
A44: 44 | B44: 46079.363 | C44: 46079.368 | D44: fabiano.bartmann@tutorpratica.uniasselvi.com.br | E44: Fabiano Bartmann | I44: Porto Alegre/RS - Zona Norte | L44: Ordem 1 | O44: Multidisciplinar III - Biomedicina Estética, Fisioterapia, Terapia Ocupacional e Estética e Cosmética | AV44: Avaliação e Reabilitação Funcional dos Membros Inferiores : Prática em Fisioterapia Traumato-Ortopédica | AY44: 46072 | BB44: 2 | BE44: https://uniasselvi01-my.sharepoint.com/personal/elienai_cesar_uniasselvi_com_br1/Documents/Aplicativos/Microsoft%20Forms/Question%C3%A1rio%20sem%20t%C3%ADtulo/Envio%20da%20Lista%20de%20Presen%C3%A7a%201/presen%C3%A7a%201_Fabiano%20Bartmann.jpeg | BH44: https://uniasselvi01-my.sharepoint.com/personal/elienai_cesar_uniasselvi_com_br1/Documents/Aplicativos/Microsoft%20Forms/Question%C3%A1rio%20sem%20t%C3%ADtulo/Envio%20do%20Portf%C3%B3lio%20em%20PDF%201/Tutor%20-%20Portf%C3%B3lio%20das%20Atividades%20Pr%C3%A1ticas_Fabiano%20Bartmann.pdf | DS44: =_xlfn.XLOOKUP(OfficeForms.Table[[#This Row],[Selecione a Categoria do Laboratório desta atividade prática:]],Planilha1!A:A,Planilha1!B:B) -> BFI | DT44: =CONCATENATE(OfficeForms.Table[[#This Row],[Selecione seu Polo Laboratório de Atividades Presenciais:]],OfficeForms.Table[[#This Row],[CHAVE CONVERSÃO]]) -> Porto Alegre/RS - Zona NorteBFI | DU44: =CONCATENATE(OfficeForms.Table[[#This Row],[Selecione quais Protocolos de Atividades Práticas foram realizados no laboratório:]],OfficeForms.Table[[#This Row],[Selecione quais Protocolos de Atividades Práticas foram realizados no laboratório:1]],OfficeForms.Table[[#This Row],[Selecione quais Protocolos de Atividades Práticas foram realizados no laboratório:2]],OfficeForms.Table[[#This Row],[Selecione quais Protocolos de Atividades Práticas foram realizados no laboratório:3]],OfficeForms.Table[[#This Row],[Selecione quais Protocolos de Atividades Práticas foram realizados no laboratório:4]],OfficeForms.Table[[#This Row],[Selecione quais Protocolos de Atividades Práticas foram realizados no laboratório:5]],OfficeForms.Table[[#This Row],[Selecione quais Protocolos de Atividades Práticas foram realizados no laboratório:6]]) -> Avaliação e Reabilitação Funcional dos Membros Inferiores : Prática em Fisioterapia Traumato-Ortopédica | DV44: =SUM(OfficeForms.Table[[#This Row],[Data da aplicação do Protocolo de Prática:]],OfficeForms.Table[[#This Row],[Data da aplicação do Protocolo de Prática:1]],OfficeForms.Table[[#This Row],[Data da aplicação do Protocolo de Prática:2]],OfficeForms.Table[[#This Row],[Data da aplicação do Protocolo de Prática:3]],OfficeForms.Table[[#This Row],[Data da aplicação do Protocolo de Prática:4]],OfficeForms.Table[[#This Row],[Data da aplicação do Protocolo de Prática:5]],OfficeForms.Table[[#This Row],[Data da aplicação do Protocolo de Prática:6]]) -> 46072 | DW44: =SUM(OfficeForms.Table[[#This Row],[Quantos Estudantes presentes neste Experimento?]],OfficeForms.Table[[#This Row],[Quantos Estudantes presentes neste Experimento?1]],OfficeForms.Table[[#This Row],[Quantos Estudantes presentes neste Experimento?2]],OfficeForms.Table[[#This Row],[Quantos Estudantes presentes neste Experimento?3]],OfficeForms.Table[[#This Row],[Quantos Estudantes presentes neste Experimento?4]],OfficeForms.Table[[#This Row],[Quantos Estudantes presentes neste Experimento?5]],OfficeForms.Table[[#This Row],[Quantos Estudantes presentes neste Experimento?6]]) -> 2 | DX44: =_xlfn.XLOOKUP(OfficeForms.Table[[#This Row],[CHAVE LINK POLO]],'[1]Quadro Geral de Lotação'!$B:$B,'[1]Quadro Geral de Lotação'!$I:$I) -> Fabiano Johnson Duarte Bartmann | DY44: =OfficeForms.Table[[#This Row],[Selecione a Ordem de Disciplina]] -> Ordem 1
A45: 45 | B45: 46079.368 | C45: 46079.369 | D45: fabiano.bartmann@tutorpratica.uniasselvi.com.br | E45: Fabiano Bartmann | I45: Porto Alegre/RS - Zona Norte | L45: Ordem 1 | O45: Multidisciplinar III - Biomedicina Estética, Fisioterapia, Terapia Ocupacional e Estética e Cosmética | AV45: Avaliação e Reabilitação Funcional dos Membros Superiores: Prática em Fisioterapia Traumato-Ortopédica | AY45: 46072 | BB45: 3 | BE45: https://uniasselvi01-my.sharepoint.com/personal/elienai_cesar_uniasselvi_com_br1/Documents/Aplicativos/Microsoft%20Forms/Question%C3%A1rio%20sem%20t%C3%ADtulo/Envio%20da%20Lista%20de%20Presen%C3%A7a%201/presen%C3%A7a%202_Fabiano%20Bartmann.jpeg | BH45: https://uniasselvi01-my.sharepoint.com/personal/elienai_cesar_uniasselvi_com_br1/Documents/Aplicativos/Microsoft%20Forms/Question%C3%A1rio%20sem%20t%C3%ADtulo/Envio%20do%20Portf%C3%B3lio%20em%20PDF%201/Tutor%20-%20Portf%C3%B3lio%20das%20Atividades%20Pr%C3%A1ticas_Fabiano%20Bartmann%201.pdf | DS45: =_xlfn.XLOOKUP(OfficeForms.Table[[#This Row],[Selecione a Categoria do Laboratório desta atividade prática:]],Planilha1!A:A,Planilha1!B:B) -> BFI | DT45: =CONCATENATE(OfficeForms.Table[[#This Row],[Selecione seu Polo Laboratório de Atividades Presenciais:]],OfficeForms.Table[[#This Row],[CHAVE CONVERSÃO]]) -> Porto Alegre/RS - Zona NorteBFI | DU45: =CONCATENATE(OfficeForms.Table[[#This Row],[Selecione quais Protocolos de Atividades Práticas foram realizados no laboratório:]],OfficeForms.Table[[#This Row],[Selecione quais Protocolos de Atividades Práticas foram realizados no laboratório:1]],OfficeForms.Table[[#This Row],[Selecione quais Protocolos de Atividades Práticas foram realizados no laboratório:2]],OfficeForms.Table[[#This Row],[Selecione quais Protocolos de Atividades Práticas foram realizados no laboratório:3]],OfficeForms.Table[[#This Row],[Selecione quais Protocolos de Atividades Práticas foram realizados no laboratório:4]],OfficeForms.Table[[#This Row],[Selecione quais Protocolos de Atividades Práticas foram realizados no laboratório:5]],OfficeForms.Table[[#This Row],[Selecione quais Protocolos de Atividades Práticas foram realizados no laboratório:6]]) -> Avaliação e Reabilitação Funcional dos Membros Superiores: Prática em Fisioterapia Traumato-Ortopédica | DV45: =SUM(OfficeForms.Table[[#This Row],[Data da aplicação do Protocolo de Prática:]],OfficeForms.Table[[#This Row],[Data da aplicação do Protocolo de Prática:1]],OfficeForms.Table[[#This Row],[Data da aplicação do Protocolo de Prática:2]],OfficeForms.Table[[#This Row],[Data da aplicação do Protocolo de Prática:3]],OfficeForms.Table[[#This Row],[Data da aplicação do Protocolo de Prática:4]],OfficeForms.Table[[#This Row],[Data da aplicação do Protocolo de Prática:5]],OfficeForms.Table[[#This Row],[Data da aplicação do Protocolo de Prática:6]]) -> 46072 | DW45: =SUM(OfficeForms.Table[[#This Row],[Quantos Estudantes presentes neste Experimento?]],OfficeForms.Table[[#This Row],[Quantos Estudantes presentes neste Experimento?1]],OfficeForms.Table[[#This Row],[Quantos Estudantes presentes neste Experimento?2]],OfficeForms.Table[[#This Row],[Quantos Estudantes presentes neste Experimento?3]],OfficeForms.Table[[#This Row],[Quantos Estudantes presentes neste Experimento?4]],OfficeForms.Table[[#This Row],[Quantos Estudantes presentes neste Experimento?5]],OfficeForms.Table[[#This Row],[Quantos Estudantes presentes neste Experimento?6]]) -> 3 | DX45: =_xlfn.XLOOKUP(OfficeForms.Table[[#This Row],[CHAVE LINK POLO]],'[1]Quadro Geral de Lotação'!$B:$B,'[1]Quadro Geral de Lotação'!$I:$I) -> Fabiano Johnson Duarte Bartmann | DY45: =OfficeForms.Table[[#This Row],[Selecione a Ordem de Disciplina]] -> Ordem 1
A46: 46 | B46: 46079.424 | C46: 46079.426 | D46: cristiane.maciel@tutorpratica.uniasselvi.com.br | E46: Cristiane Maciel | I46: Porto Alegre/RS - Zona Norte | L46: Ordem 1 | O46: Multidisciplinar II - Enfermagem e Instrumentação Cirúrgica | AG46: Aspiração de vias aéreas (com e sem TOT) | AJ46: 46077 | AM46: 15 | AP46: https://uniasselvi01-my.sharepoint.com/personal/elienai_cesar_uniasselvi_com_br1/Documents/Aplicativos/Microsoft%20Forms/Question%C3%A1rio%20sem%20t%C3%ADtulo/Envio%20da%20Lista%20de%20Presen%C3%A7a/20260224_135608_Cristiane%20Maciel.jpg; https://uniasselvi01-my.sharepoint.com/personal/elienai_cesar_uniasselvi_com_br1/Documents/Aplicativos/Microsoft%20Forms/Question%C3%A1rio%20sem%20t%C3%ADtulo/Envio%20da%20Lista%20de%20Presen%C3%A7a/20260224_135615_Cristiane%20Maciel.jpg | AS46: https://uniasselvi01-my.sharepoint.com/personal/elienai_cesar_uniasselvi_com_br1/Documents/Aplicativos/Microsoft%20Forms/Question%C3%A1rio%20sem%20t%C3%ADtulo/Envio%20do%20Portf%C3%B3lio%20em%20PDF/20260224_113441_Cristiane%20Maciel.jpg | DS46: =_xlfn.XLOOKUP(OfficeForms.Table[[#This Row],[Selecione a Categoria do Laboratório desta atividade prática:]],Planilha1!A:A,Planilha1!B:B) -> EMF-ISN | DT46: =CONCATENATE(OfficeForms.Table[[#This Row],[Selecione seu Polo Laboratório de Atividades Presenciais:]],OfficeForms.Table[[#This Row],[CHAVE CONVERSÃO]]) -> Porto Alegre/RS - Zona NorteEMF-ISN | DU46: =CONCATENATE(OfficeForms.Table[[#This Row],[Selecione quais Protocolos de Atividades Práticas foram realizados no laboratório:]],OfficeForms.Table[[#This Row],[Selecione quais Protocolos de Atividades Práticas foram realizados no laboratório:1]],OfficeForms.Table[[#This Row],[Selecione quais Protocolos de Atividades Práticas foram realizados no laboratório:2]],OfficeForms.Table[[#This Row],[Selecione quais Protocolos de Atividades Práticas foram realizados no laboratório:3]],OfficeForms.Table[[#This Row],[Selecione quais Protocolos de Atividades Práticas foram realizados no laboratório:4]],OfficeForms.Table[[#This Row],[Selecione quais Protocolos de Atividades Práticas foram realizados no laboratório:5]],OfficeForms.Table[[#This Row],[Selecione quais Protocolos de Atividades Práticas foram realizados no laboratório:6]]) -> Aspiração de vias aéreas (com e sem TOT) | DV46: =SUM(OfficeForms.Table[[#This Row],[Data da aplicação do Protocolo de Prática:]],OfficeForms.Table[[#This Row],[Data da aplicação do Protocolo de Prática:1]],OfficeForms.Table[[#This Row],[Data da aplicação do Protocolo de Prática:2]],OfficeForms.Table[[#This Row],[Data da aplicação do Protocolo de Prática:3]],OfficeForms.Table[[#This Row],[Data da aplicação do Protocolo de Prática:4]],OfficeForms.Table[[#This Row],[Data da aplicação do Protocolo de Prática:5]],OfficeForms.Table[[#This Row],[Data da aplicação do Protocolo de Prática:6]]) -> 46077 | DW46: =SUM(OfficeForms.Table[[#This Row],[Quantos Estudantes presentes neste Experimento?]],OfficeForms.Table[[#This Row],[Quantos Estudantes presentes neste Experimento?1]],OfficeForms.Table[[#This Row],[Quantos Estudantes presentes neste Experimento?2]],OfficeForms.Table[[#This Row],[Quantos Estudantes presentes neste Experimento?3]],OfficeForms.Table[[#This Row],[Quantos Estudantes presentes neste Experimento?4]],OfficeForms.Table[[#This Row],[Quantos Estudantes presentes neste Experimento?5]],OfficeForms.Table[[#This Row],[Quantos Estudantes presentes neste Experimento?6]]) -> 15 | DX46: =_xlfn.XLOOKUP(OfficeForms.Table[[#This Row],[CHAVE LINK POLO]],'[1]Quadro Geral de Lotação'!$B:$B,'[1]Quadro Geral de Lotação'!$I:$I) -> Cristiane Ribeiro Maciel | DY46: =OfficeForms.Table[[#This Row],[Selecione a Ordem de Disciplina]] -> Ordem 1
A47: 47 | B47: 46079.483 | C47: 46079.484 | D47: juliana.berger@tutorpratica.uniasselvi.com.br | E47: Juliana Berger | I47: Novo Hamburgo/RS - Centro | L47: Ordem 1 | O47: Multidisciplinar IV - Nutrição | BK47: Avaliação nutricional de gestante I: Antropometria | BN47: 46078 | BQ47: 15 | BT47: https://uniasselvi01-my.sharepoint.com/personal/elienai_cesar_uniasselvi_com_br1/Documents/Aplicativos/Microsoft%20Forms/Question%C3%A1rio%20sem%20t%C3%ADtulo/Envio%20da%20Lista%20de%20Presen%C3%A7a%202/Lista%20de%20presen%C3%A7a%20250226%20pratica%2018h30min_Juliana%20Berger.jpeg; https://uniasselvi01-my.sharepoint.com/personal/elienai_cesar_uniasselvi_com_br1/Documents/Aplicativos/Microsoft%20Forms/Question%C3%A1rio%20sem%20t%C3%ADtulo/Envio%20da%20Lista%20de%20Presen%C3%A7a%202/Lista%20de%20presen%C3%A7a%20250226%20pratica%2020h_Juliana%20Berger.jpeg | BW47: https://uniasselvi01-my.sharepoint.com/personal/elienai_cesar_uniasselvi_com_br1/Documents/Aplicativos/Microsoft%20Forms/Question%C3%A1rio%20sem%20t%C3%ADtulo/Envio%20do%20Portf%C3%B3lio%20em%20PDF%202/Portf%C3%B3lio%20das%20Atividades%20Pr%C3%A1ticas_avalia%C3%A7%C3%A3o%20n_Juliana%20Berger%201.pdf | DS47: =_xlfn.XLOOKUP(OfficeForms.Table[[#This Row],[Selecione a Categoria do Laboratório desta atividade prática:]],Planilha1!A:A,Planilha1!B:B) -> NTR | DT47: =CONCATENATE(OfficeForms.Table[[#This Row],[Selecione seu Polo Laboratório de Atividades Presenciais:]],OfficeForms.Table[[#This Row],[CHAVE CONVERSÃO]]) -> Novo Hamburgo/RS - CentroNTR | DU47: =CONCATENATE(OfficeForms.Table[[#This Row],[Selecione quais Protocolos de Atividades Práticas foram realizados no laboratório:]],OfficeForms.Table[[#This Row],[Selecione quais Protocolos de Atividades Práticas foram realizados no laboratório:1]],OfficeForms.Table[[#This Row],[Selecione quais Protocolos de Atividades Práticas foram realizados no laboratório:2]],OfficeForms.Table[[#This Row],[Selecione quais Protocolos de Atividades Práticas foram realizados no laboratório:3]],OfficeForms.Table[[#This Row],[Selecione quais Protocolos de Atividades Práticas foram realizados no laboratório:4]],OfficeForms.Table[[#This Row],[Selecione quais Protocolos de Atividades Práticas foram realizados no laboratório:5]],OfficeForms.Table[[#This Row],[Selecione quais Protocolos de Atividades Práticas foram realizados no laboratório:6]]) -> Avaliação nutricional de gestante I: Antropometria | DV47: =SUM(OfficeForms.Table[[#This Row],[Data da aplicação do Protocolo de Prática:]],OfficeForms.Table[[#This Row],[Data da aplicação do Protocolo de Prática:1]],OfficeForms.Table[[#This Row],[Data da aplicação do Protocolo de Prática:2]],OfficeForms.Table[[#This Row],[Data da aplicação do Protocolo de Prática:3]],OfficeForms.Table[[#This Row],[Data da aplicação do Protocolo de Prática:4]],OfficeForms.Table[[#This Row],[Data da aplicação do Protocolo de Prática:5]],OfficeForms.Table[[#This Row],[Data da aplicação do Protocolo de Prática:6]]) -> 46078 | DW47: =SUM(OfficeForms.Table[[#This Row],[Quantos Estudantes presentes neste Experimento?]],OfficeForms.Table[[#This Row],[Quantos Estudantes presentes neste Experimento?1]],OfficeForms.Table[[#This Row],[Quantos Estudantes presentes neste Experimento?2]],OfficeForms.Table[[#This Row],[Quantos Estudantes presentes neste Experimento?3]],OfficeForms.Table[[#This Row],[Quantos Estudantes presentes neste Experimento?4]],OfficeForms.Table[[#This Row],[Quantos Estudantes presentes neste Experimento?5]],OfficeForms.Table[[#This Row],[Quantos Estudantes presentes neste Experimento?6]]) -> 15 | DX47: =_xlfn.XLOOKUP(OfficeForms.Table[[#This Row],[CHAVE LINK POLO]],'[1]Quadro Geral de Lotação'!$B:$B,'[1]Quadro Geral de Lotação'!$I:$I) -> Juliana Berger | DY47: =OfficeForms.Table[[#This Row],[Selecione a Ordem de Disciplina]] -> Ordem 1
A48: 48 | B48: 46079.389 | C48: 46079.595 | D48: michelle.pantoja@tutorpratica.uniasselvi.com.br | E48: Michelle Pantoja | I48: Florianópolis/SC - Centro | L48: Ordem 1 | O48: Química e Física - Agronomia | DD48: Caracterização bioquímica de bactérias | DG48: 46078 | DJ48: 0 | DM48: https://uniasselvi01-my.sharepoint.com/personal/elienai_cesar_uniasselvi_com_br1/Documents/Aplicativos/Microsoft%20Forms/Question%C3%A1rio%20sem%20t%C3%ADtulo/Envio%20da%20Lista%20de%20Presen%C3%A7a%205/MODELO_Lista%20de%20Presen%C3%A7a%20das%20Pr%C3%A1ticas_Michelle%20Pantoja.pdf | DP48: https://uniasselvi01-my.sharepoint.com/personal/elienai_cesar_uniasselvi_com_br1/Documents/Aplicativos/Microsoft%20Forms/Question%C3%A1rio%20sem%20t%C3%ADtulo/Envio%20do%20Portf%C3%B3lio%20em%20PDF%205/Tutor%20-%20Portf%C3%B3lio%20das%20Atividades%20Pr%C3%A1ticas_Michelle%20Pantoja.pdf | DS48: =_xlfn.XLOOKUP(OfficeForms.Table[[#This Row],[Selecione a Categoria do Laboratório desta atividade prática:]],Planilha1!A:A,Planilha1!B:B) -> AGM | DT48: =CONCATENATE(OfficeForms.Table[[#This Row],[Selecione seu Polo Laboratório de Atividades Presenciais:]],OfficeForms.Table[[#This Row],[CHAVE CONVERSÃO]]) -> Florianópolis/SC - CentroAGM | DU48: =CONCATENATE(OfficeForms.Table[[#This Row],[Selecione quais Protocolos de Atividades Práticas foram realizados no laboratório:]],OfficeForms.Table[[#This Row],[Selecione quais Protocolos de Atividades Práticas foram realizados no laboratório:1]],OfficeForms.Table[[#This Row],[Selecione quais Protocolos de Atividades Práticas foram realizados no laboratório:2]],OfficeForms.Table[[#This Row],[Selecione quais Protocolos de Atividades Práticas foram realizados no laboratório:3]],OfficeForms.Table[[#This Row],[Selecione quais Protocolos de Atividades Práticas foram realizados no laboratório:4]],OfficeForms.Table[[#This Row],[Selecione quais Protocolos de Atividades Práticas foram realizados no laboratório:5]],OfficeForms.Table[[#This Row],[Selecione quais Protocolos de Atividades Práticas foram realizados no laboratório:6]]) -> Caracterização bioquímica de bactérias | DV48: =SUM(OfficeForms.Table[[#This Row],[Data da aplicação do Protocolo de Prática:]],OfficeForms.Table[[#This Row],[Data da aplicação do Protocolo de Prática:1]],OfficeForms.Table[[#This Row],[Data da aplicação do Protocolo de Prática:2]],OfficeForms.Table[[#This Row],[Data da aplicação do Protocolo de Prática:3]],OfficeForms.Table[[#This Row],[Data da aplicação do Protocolo de Prática:4]],OfficeForms.Table[[#This Row],[Data da aplicação do Protocolo de Prática:5]],OfficeForms.Table[[#This Row],[Data da aplicação do Protocolo de Prática:6]]) -> 46078 | DW48: =SUM(OfficeForms.Table[[#This Row],[Quantos Estudantes presentes neste Experimento?]],OfficeForms.Table[[#This Row],[Quantos Estudantes presentes neste Experimento?1]],OfficeForms.Table[[#This Row],[Quantos Estudantes presentes neste Experimento?2]],OfficeForms.Table[[#This Row],[Quantos Estudantes presentes neste Experimento?3]],OfficeForms.Table[[#This Row],[Quantos Estudantes presentes neste Experimento?4]],OfficeForms.Table[[#This Row],[Quantos Estudantes presentes neste Experimento?5]],OfficeForms.Table[[#This Row],[Quantos Estudantes presentes neste Experimento?6]]) -> 0 | DX48: =_xlfn.XLOOKUP(OfficeForms.Table[[#This Row],[CHAVE LINK POLO]],'[1]Quadro Geral de Lotação'!$B:$B,'[1]Quadro Geral de Lotação'!$I:$I) -> Michelle Barros Pantoja | DY48: =OfficeForms.Table[[#This Row],[Selecione a Ordem de Disciplina]] -> Ordem 1
A49: 49 | B49: 46079.704 | C49: 46079.715 | D49: airton.farias@tutorpratica.uniasselvi.com.br | E49: Airton Farias | I49: Boa Viagem/CE | L49: Ordem 1 | O49: Multidisciplinar III - Biomedicina Estética, Fisioterapia, Terapia Ocupacional e Estética e Cosmética | AV49: Massagem Geral Terapêutica: Técnicas e Aplicações em Recursos Manuais | AY49: 46073 | BB49: 25 | BE49: https://uniasselvi01-my.sharepoint.com/personal/elienai_cesar_uniasselvi_com_br1/Documents/Aplicativos/Microsoft%20Forms/Question%C3%A1rio%20sem%20t%C3%ADtulo/Envio%20da%20Lista%20de%20Presen%C3%A7a%201/Document_260226_165754_Airton%20Farias.pdf | BH49: https://uniasselvi01-my.sharepoint.com/personal/elienai_cesar_uniasselvi_com_br1/Documents/Aplicativos/Microsoft%20Forms/Question%C3%A1rio%20sem%20t%C3%ADtulo/Envio%20do%20Portf%C3%B3lio%20em%20PDF%201/Tutor%20-%20Portf%C3%B3lio%20das%20Atividades%20Pr%C3%A1ticas%20RTM_Airton%20Farias.pdf | DS49: =_xlfn.XLOOKUP(OfficeForms.Table[[#This Row],[Selecione a Categoria do Laboratório desta atividade prática:]],Planilha1!A:A,Planilha1!B:B) -> BFI | DT49: =CONCATENATE(OfficeForms.Table[[#This Row],[Selecione seu Polo Laboratório de Atividades Presenciais:]],OfficeForms.Table[[#This Row],[CHAVE CONVERSÃO]]) -> Boa Viagem/CEBFI | DU49: =CONCATENATE(OfficeForms.Table[[#This Row],[Selecione quais Protocolos de Atividades Práticas foram realizados no laboratório:]],OfficeForms.Table[[#This Row],[Selecione quais Protocolos de Atividades Práticas foram realizados no laboratório:1]],OfficeForms.Table[[#This Row],[Selecione quais Protocolos de Atividades Práticas foram realizados no laboratório:2]],OfficeForms.Table[[#This Row],[Selecione quais Protocolos de Atividades Práticas foram realizados no laboratório:3]],OfficeForms.Table[[#This Row],[Selecione quais Protocolos de Atividades Práticas foram realizados no laboratório:4]],OfficeForms.Table[[#This Row],[Selecione quais Protocolos de Atividades Práticas foram realizados no laboratório:5]],OfficeForms.Table[[#This Row],[Selecione quais Protocolos de Atividades Práticas foram realizados no laboratório:6]]) -> Massagem Geral Terapêutica: Técnicas e Aplicações em Recursos Manuais | DV49: =SUM(OfficeForms.Table[[#This Row],[Data da aplicação do Protocolo de Prática:]],OfficeForms.Table[[#This Row],[Data da aplicação do Protocolo de Prática:1]],OfficeForms.Table[[#This Row],[Data da aplicação do Protocolo de Prática:2]],OfficeForms.Table[[#This Row],[Data da aplicação do Protocolo de Prática:3]],OfficeForms.Table[[#This Row],[Data da aplicação do Protocolo de Prática:4]],OfficeForms.Table[[#This Row],[Data da aplicação do Protocolo de Prática:5]],OfficeForms.Table[[#This Row],[Data da aplicação do Protocolo de Prática:6]]) -> 46073 | DW49: =SUM(OfficeForms.Table[[#This Row],[Quantos Estudantes presentes neste Experimento?]],OfficeForms.Table[[#This Row],[Quantos Estudantes presentes neste Experimento?1]],OfficeForms.Table[[#This Row],[Quantos Estudantes presentes neste Experimento?2]],OfficeForms.Table[[#This Row],[Quantos Estudantes presentes neste Experimento?3]],OfficeForms.Table[[#This Row],[Quantos Estudantes presentes neste Experimento?4]],OfficeForms.Table[[#This Row],[Quantos Estudantes presentes neste Experimento?5]],OfficeForms.Table[[#This Row],[Quantos Estudantes presentes neste Experimento?6]]) -> 25 | DX49: =_xlfn.XLOOKUP(OfficeForms.Table[[#This Row],[CHAVE LINK POLO]],'[1]Quadro Geral de Lotação'!$B:$B,'[1]Quadro Geral de Lotação'!$I:$I) -> Airton Souza Farias | DY49: =OfficeForms.Table[[#This Row],[Selecione a Ordem de Disciplina]] -> Ordem 1
A50: 50 | B50: 46079.781 | C50: 46079.796 | D50: gabriela.santos@tutorpratica.uniasselvi.com.br | E50: Gabriela Santos | I50: Chapecó/SC - Centro | L50: Ordem 1 | O50: EngeMaker | Química e Física - Engenharias e Licenciaturas | BZ50: QUÍMICA E FÍSICA - Conexões elétricas simples + Verificação da Primeira Lei de Ohm e da Lei de Joule | CC50: 46079 | CF50: 0 | CI50: https://uniasselvi01-my.sharepoint.com/personal/elienai_cesar_uniasselvi_com_br1/Documents/Aplicativos/Microsoft%20Forms/Question%C3%A1rio%20sem%20t%C3%ADtulo/Envio%20da%20Lista%20de%20Presen%C3%A7a%203/MODELO_Lista%20de%20Presen%C3%A7a%20das%20Pr%C3%A1ticas_Gabriela%20Santos%202.pdf | CL50: https://uniasselvi01-my.sharepoint.com/personal/elienai_cesar_uniasselvi_com_br1/Documents/Aplicativos/Microsoft%20Forms/Question%C3%A1rio%20sem%20t%C3%ADtulo/Envio%20do%20Portf%C3%B3lio%20em%20PDF%203/Conex%C3%B5es%20el%C3%A9tricas%20simples%20+%20Verifica%C3%A7%C3%A3o%20da%20P_Gabriela%20Santos.pdf | DS50: =_xlfn.XLOOKUP(OfficeForms.Table[[#This Row],[Selecione a Categoria do Laboratório desta atividade prática:]],Planilha1!A:A,Planilha1!B:B) -> ECE-ENM-ENS-ENG-EEA-GPI-CDE-OBR-SAN-TER-FSA-SLF-QUI | DT50: =CONCATENATE(OfficeForms.Table[[#This Row],[Selecione seu Polo Laboratório de Atividades Presenciais:]],OfficeForms.Table[[#This Row],[CHAVE CONVERSÃO]]) -> Chapecó/SC - CentroECE-ENM-ENS-ENG-EEA-GPI-CDE-OBR-SAN-TER-FSA-SLF-QUI | DU50: =CONCATENATE(OfficeForms.Table[[#This Row],[Selecione quais Protocolos de Atividades Práticas foram realizados no laboratório:]],OfficeForms.Table[[#This Row],[Selecione quais Protocolos de Atividades Práticas foram realizados no laboratório:1]],OfficeForms.Table[[#This Row],[Selecione quais Protocolos de Atividades Práticas foram realizados no laboratório:2]],OfficeForms.Table[[#This Row],[Selecione quais Protocolos de Atividades Práticas foram realizados no laboratório:3]],OfficeForms.Table[[#This Row],[Selecione quais Protocolos de Atividades Práticas foram realizados no laboratório:4]],OfficeForms.Table[[#This Row],[Selecione quais Protocolos de Atividades Práticas foram realizados no laboratório:5]],OfficeForms.Table[[#This Row],[Selecione quais Protocolos de Atividades Práticas foram realizados no laboratório:6]]) -> QUÍMICA E FÍSICA - Conexões elétricas simples + Verificação da Primeira Lei de Ohm e da Lei de Joule | DV50: =SUM(OfficeForms.Table[[#This Row],[Data da aplicação do Protocolo de Prática:]],OfficeForms.Table[[#This Row],[Data da aplicação do Protocolo de Prática:1]],OfficeForms.Table[[#This Row],[Data da aplicação do Protocolo de Prática:2]],OfficeForms.Table[[#This Row],[Data da aplicação do Protocolo de Prática:3]],OfficeForms.Table[[#This Row],[Data da aplicação do Protocolo de Prática:4]],OfficeForms.Table[[#This Row],[Data da aplicação do Protocolo de Prática:5]],OfficeForms.Table[[#This Row],[Data da aplicação do Protocolo de Prática:6]]) -> 46079 | DW50: =SUM(OfficeForms.Table[[#This Row],[Quantos Estudantes presentes neste Experimento?]],OfficeForms.Table[[#This Row],[Quantos Estudantes presentes neste Experimento?1]],OfficeForms.Table[[#This Row],[Quantos Estudantes presentes neste Experimento?2]],OfficeForms.Table[[#This Row],[Quantos Estudantes presentes neste Experimento?3]],OfficeForms.Table[[#This Row],[Quantos Estudantes presentes neste Experimento?4]],OfficeForms.Table[[#This Row],[Quantos Estudantes presentes neste Experimento?5]],OfficeForms.Table[[#This Row],[Quantos Estudantes presentes neste Experimento?6]]) -> 0 | DX50: =_xlfn.XLOOKUP(OfficeForms.Table[[#This Row],[CHAVE LINK POLO]],'[1]Quadro Geral de Lotação'!$B:$B,'[1]Quadro Geral de Lotação'!$I:$I) -> Gabriela Fanck Dos Santos | DY50: =OfficeForms.Table[[#This Row],[Selecione a Ordem de Disciplina]] -> Ordem 1
A51: 51 | B51: 46079.798 | C51: 46079.835 | D51: william.coimbra@regentedepolo.uniasselvi.com.br | E51: William Coimbra | I51: São Gonçalo/RJ - Partage Shopping | L51: Ordem 1 | O51: Multidisciplinar II - Enfermagem e Instrumentação Cirúrgica | AG51: Curativo;Avaliação corporal + Ausculta pulmonar + Ausculta cardiaca + Verificação de sinais vitais | AJ51: 46078 | AM51: 8 | AP51: https://uniasselvi01-my.sharepoint.com/personal/elienai_cesar_uniasselvi_com_br1/Documents/Aplicativos/Microsoft%20Forms/Question%C3%A1rio%20sem%20t%C3%ADtulo/Envio%20da%20Lista%20de%20Presen%C3%A7a/LISTA%20DE%20FREQU%C3%8ANCIA_William%20Coimbra.jpeg | AS51: https://uniasselvi01-my.sharepoint.com/personal/elienai_cesar_uniasselvi_com_br1/_layouts/15/Doc.aspx?sourcedoc=%7B6913F786-8C52-46F8-95DB-7BF21BA84A42%7D&file=Tutor%20-%20Portf%C3%B3lio%20das%20Atividades%20Pr%C3%A1ticas_William%20Coimbra.docx&action=default&mobileredirect=true; https://uniasselvi01-my.sharepoint.com/personal/elienai_cesar_uniasselvi_com_br1/Documents/Aplicativos/Microsoft%20Forms/Question%C3%A1rio%20sem%20t%C3%ADtulo/Envio%20do%20Portf%C3%B3lio%20em%20PDF/FOTO%201_William%20Coimbra.png; https://uniasselvi01-my.sharepoint.com/personal/elienai_cesar_uniasselvi_com_br1/Documents/Aplicativos/Microsoft%20Forms/Question%C3%A1rio%20sem%20t%C3%ADtulo/Envio%20do%20Portf%C3%B3lio%20em%20PDF/FOTO%202_William%20Coimbra.jpeg | DS51: =_xlfn.XLOOKUP(OfficeForms.Table[[#This Row],[Selecione a Categoria do Laboratório desta atividade prática:]],Planilha1!A:A,Planilha1!B:B) -> EMF-ISN | DT51: =CONCATENATE(OfficeForms.Table[[#This Row],[Selecione seu Polo Laboratório de Atividades Presenciais:]],OfficeForms.Table[[#This Row],[CHAVE CONVERSÃO]]) -> São Gonçalo/RJ - Partage ShoppingEMF-ISN | DU51: =CONCATENATE(OfficeForms.Table[[#This Row],[Selecione quais Protocolos de Atividades Práticas foram realizados no laboratório:]],OfficeForms.Table[[#This Row],[Selecione quais Protocolos de Atividades Práticas foram realizados no laboratório:1]],OfficeForms.Table[[#This Row],[Selecione quais Protocolos de Atividades Práticas foram realizados no laboratório:2]],OfficeForms.Table[[#This Row],[Selecione quais Protocolos de Atividades Práticas foram realizados no laboratório:3]],OfficeForms.Table[[#This Row],[Selecione quais Protocolos de Atividades Práticas foram realizados no laboratório:4]],OfficeForms.Table[[#This Row],[Selecione quais Protocolos de Atividades Práticas foram realizados no laboratório:5]],OfficeForms.Table[[#This Row],[Selecione quais Protocolos de Atividades Práticas foram realizados no laboratório:6]]) -> Curativo;Avaliação corporal + Ausculta pulmonar + Ausculta cardiaca + Verificação de sinais vitais | DV51: =SUM(OfficeForms.Table[[#This Row],[Data da aplicação do Protocolo de Prática:]],OfficeForms.Table[[#This Row],[Data da aplicação do Protocolo de Prática:1]],OfficeForms.Table[[#This Row],[Data da aplicação do Protocolo de Prática:2]],OfficeForms.Table[[#This Row],[Data da aplicação do Protocolo de Prática:3]],OfficeForms.Table[[#This Row],[Data da aplicação do Protocolo de Prática:4]],OfficeForms.Table[[#This Row],[Data da aplicação do Protocolo de Prática:5]],OfficeForms.Table[[#This Row],[Data da aplicação do Protocolo de Prática:6]]) -> 46078 | DW51: =SUM(OfficeForms.Table[[#This Row],[Quantos Estudantes presentes neste Experimento?]],OfficeForms.Table[[#This Row],[Quantos Estudantes presentes neste Experimento?1]],OfficeForms.Table[[#This Row],[Quantos Estudantes presentes neste Experimento?2]],OfficeForms.Table[[#This Row],[Quantos Estudantes presentes neste Experimento?3]],OfficeForms.Table[[#This Row],[Quantos Estudantes presentes neste Experimento?4]],OfficeForms.Table[[#This Row],[Quantos Estudantes presentes neste Experimento?5]],OfficeForms.Table[[#This Row],[Quantos Estudantes presentes neste Experimento?6]]) -> 8 | DX51: =_xlfn.XLOOKUP(OfficeForms.Table[[#This Row],[CHAVE LINK POLO]],'[1]Quadro Geral de Lotação'!$B:$B,'[1]Quadro Geral de Lotação'!$I:$I) -> William Da Silva Coimbra | DY51: =OfficeForms.Table[[#This Row],[Selecione a Ordem de Disciplina]] -> Ordem 1
A52: 52 | B52: 46079.842 | C52: 46079.845 | D52: natalia.mattos@tutorpratica.uniasselvi.com.br | E52: Natalia Mattos | I52: São Pedro da Aldeia/RJ | L52: Ordem 1 | O52: Multidisciplinar IV - Nutrição | BK52: Avaliação nutricional de gestante I: Antropometria | BN52: 46076 | BQ52: 10 | BT52: https://uniasselvi01-my.sharepoint.com/personal/elienai_cesar_uniasselvi_com_br1/Documents/Aplicativos/Microsoft%20Forms/Question%C3%A1rio%20sem%20t%C3%ADtulo/Envio%20da%20Lista%20de%20Presen%C3%A7a%202/WhatsApp%20Image%202026-02-26%20at%2020.14.21%20(1)_Natalia%20Mattos.jpeg; https://uniasselvi01-my.sharepoint.com/personal/elienai_cesar_uniasselvi_com_br1/Documents/Aplicativos/Microsoft%20Forms/Question%C3%A1rio%20sem%20t%C3%ADtulo/Envio%20da%20Lista%20de%20Presen%C3%A7a%202/WhatsApp%20Image%202026-02-26%20at%2020.14.21_Natalia%20Mattos.jpeg | BW52: https://uniasselvi01-my.sharepoint.com/personal/elienai_cesar_uniasselvi_com_br1/Documents/Aplicativos/Microsoft%20Forms/Question%C3%A1rio%20sem%20t%C3%ADtulo/Envio%20do%20Portf%C3%B3lio%20em%20PDF%202/Tutor%20-%20Portf%C3%B3lio%20das%20Atividades%20Pr%C3%A1ticas%20ges_Natalia%20Mattos.pdf | DS52: =_xlfn.XLOOKUP(OfficeForms.Table[[#This Row],[Selecione a Categoria do Laboratório desta atividade prática:]],Planilha1!A:A,Planilha1!B:B) -> NTR | DT52: =CONCATENATE(OfficeForms.Table[[#This Row],[Selecione seu Polo Laboratório de Atividades Presenciais:]],OfficeForms.Table[[#This Row],[CHAVE CONVERSÃO]]) -> São Pedro da Aldeia/RJNTR | DU52: =CONCATENATE(OfficeForms.Table[[#This Row],[Selecione quais Protocolos de Atividades Práticas foram realizados no laboratório:]],OfficeForms.Table[[#This Row],[Selecione quais Protocolos de Atividades Práticas foram realizados no laboratório:1]],OfficeForms.Table[[#This Row],[Selecione quais Protocolos de Atividades Práticas foram realizados no laboratório:2]],OfficeForms.Table[[#This Row],[Selecione quais Protocolos de Atividades Práticas foram realizados no laboratório:3]],OfficeForms.Table[[#This Row],[Selecione quais Protocolos de Atividades Práticas foram realizados no laboratório:4]],OfficeForms.Table[[#This Row],[Selecione quais Protocolos de Atividades Práticas foram realizados no laboratório:5]],OfficeForms.Table[[#This Row],[Selecione quais Protocolos de Atividades Práticas foram realizados no laboratório:6]]) -> Avaliação nutricional de gestante I: Antropometria | DV52: =SUM(OfficeForms.Table[[#This Row],[Data da aplicação do Protocolo de Prática:]],OfficeForms.Table[[#This Row],[Data da aplicação do Protocolo de Prática:1]],OfficeForms.Table[[#This Row],[Data da aplicação do Protocolo de Prática:2]],OfficeForms.Table[[#This Row],[Data da aplicação do Protocolo de Prática:3]],OfficeForms.Table[[#This Row],[Data da aplicação do Protocolo de Prática:4]],OfficeForms.Table[[#This Row],[Data da aplicação do Protocolo de Prática:5]],OfficeForms.Table[[#This Row],[Data da aplicação do Protocolo de Prática:6]]) -> 46076 | DW52: =SUM(OfficeForms.Table[[#This Row],[Quantos Estudantes presentes neste Experimento?]],OfficeForms.Table[[#This Row],[Quantos Estudantes presentes neste Experimento?1]],OfficeForms.Table[[#This Row],[Quantos Estudantes presentes neste Experimento?2]],OfficeForms.Table[[#This Row],[Quantos Estudantes presentes neste Experimento?3]],OfficeForms.Table[[#This Row],[Quantos Estudantes presentes neste Experimento?4]],OfficeForms.Table[[#This Row],[Quantos Estudantes presentes neste Experimento?5]],OfficeForms.Table[[#This Row],[Quantos Estudantes presentes neste Experimento?6]]) -> 10 | DX52: =_xlfn.XLOOKUP(OfficeForms.Table[[#This Row],[CHAVE LINK POLO]],'[1]Quadro Geral de Lotação'!$B:$B,'[1]Quadro Geral de Lotação'!$I:$I) -> Natalia Silva De Mattos | DY52: =OfficeForms.Table[[#This Row],[Selecione a Ordem de Disciplina]] -> Ordem 1
A53: 53 | B53: 46079.889 | C53: 46079.898 | D53: nelma.martins@regentedepolo.uniasselvi.com.br | E53: Nelma Martins | I53: Maués/AM | L53: Ordem 1 | O53: Multidisciplinar II - Enfermagem e Instrumentação Cirúrgica | AG53: Aspiração de vias aéreas (com e sem TOT) | AJ53: 46074 | AM53: 6 | AP53: https://uniasselvi01-my.sharepoint.com/personal/elienai_cesar_uniasselvi_com_br1/Documents/Aplicativos/Microsoft%20Forms/Question%C3%A1rio%20sem%20t%C3%ADtulo/Envio%20da%20Lista%20de%20Presen%C3%A7a/lista%20de%20presen%C3%A7a_Nelma%20Martins.pdf | AS53: https://uniasselvi01-my.sharepoint.com/personal/elienai_cesar_uniasselvi_com_br1/_layouts/15/Doc.aspx?sourcedoc=%7B965512EA-9CD2-4F35-906D-39852E9E36A2%7D&file=PORTIFOLIO_Nelma%20Martins.docx&action=default&mobileredirect=true | DS53: =_xlfn.XLOOKUP(OfficeForms.Table[[#This Row],[Selecione a Categoria do Laboratório desta atividade prática:]],Planilha1!A:A,Planilha1!B:B) -> EMF-ISN | DT53: =CONCATENATE(OfficeForms.Table[[#This Row],[Selecione seu Polo Laboratório de Atividades Presenciais:]],OfficeForms.Table[[#This Row],[CHAVE CONVERSÃO]]) -> Maués/AMEMF-ISN | DU53: =CONCATENATE(OfficeForms.Table[[#This Row],[Selecione quais Protocolos de Atividades Práticas foram realizados no laboratório:]],OfficeForms.Table[[#This Row],[Selecione quais Protocolos de Atividades Práticas foram realizados no laboratório:1]],OfficeForms.Table[[#This Row],[Selecione quais Protocolos de Atividades Práticas foram realizados no laboratório:2]],OfficeForms.Table[[#This Row],[Selecione quais Protocolos de Atividades Práticas foram realizados no laboratório:3]],OfficeForms.Table[[#This Row],[Selecione quais Protocolos de Atividades Práticas foram realizados no laboratório:4]],OfficeForms.Table[[#This Row],[Selecione quais Protocolos de Atividades Práticas foram realizados no laboratório:5]],OfficeForms.Table[[#This Row],[Selecione quais Protocolos de Atividades Práticas foram realizados no laboratório:6]]) -> Aspiração de vias aéreas (com e sem TOT) | DV53: =SUM(OfficeForms.Table[[#This Row],[Data da aplicação do Protocolo de Prática:]],OfficeForms.Table[[#This Row],[Data da aplicação do Protocolo de Prática:1]],OfficeForms.Table[[#This Row],[Data da aplicação do Protocolo de Prática:2]],OfficeForms.Table[[#This Row],[Data da aplicação do Protocolo de Prática:3]],OfficeForms.Table[[#This Row],[Data da aplicação do Protocolo de Prática:4]],OfficeForms.Table[[#This Row],[Data da aplicação do Protocolo de Prática:5]],OfficeForms.Table[[#This Row],[Data da aplicação do Protocolo de Prática:6]]) -> 46074 | DW53: =SUM(OfficeForms.Table[[#This Row],[Quantos Estudantes presentes neste Experimento?]],OfficeForms.Table[[#This Row],[Quantos Estudantes presentes neste Experimento?1]],OfficeForms.Table[[#This Row],[Quantos Estudantes presentes neste Experimento?2]],OfficeForms.Table[[#This Row],[Quantos Estudantes presentes neste Experimento?3]],OfficeForms.Table[[#This Row],[Quantos Estudantes presentes neste Experimento?4]],OfficeForms.Table[[#This Row],[Quantos Estudantes presentes neste Experimento?5]],OfficeForms.Table[[#This Row],[Quantos Estudantes presentes neste Experimento?6]]) -> 6 | DX53: =_xlfn.XLOOKUP(OfficeForms.Table[[#This Row],[CHAVE LINK POLO]],'[1]Quadro Geral de Lotação'!$B:$B,'[1]Quadro Geral de Lotação'!$I:$I) -> Nelma Rita Passos Martins | DY53: =OfficeForms.Table[[#This Row],[Selecione a Ordem de Disciplina]] -> Ordem 1
